INSERT INTO context_table (id, control_action_id) VALUES('f6e38bfc-bde3-490b-a774-ca5f71e7fa5d', '9cd6141a-6dc5-4c72-811d-2b4fea0d9241');


INSERT INTO context (id, context_table_id) VALUES
('007da0c5-f177-4ec5-bc57-c87c0be816d3', 'f6e38bfc-bde3-490b-a774-ca5f71e7fa5d'),
('03c249b4-cd9d-4736-9fab-7e8265ab59b0', 'f6e38bfc-bde3-490b-a774-ca5f71e7fa5d'),
('092d370d-8f87-423d-968a-bcb13364f075', 'f6e38bfc-bde3-490b-a774-ca5f71e7fa5d'),
('09b4bd66-9bf4-4aaa-9467-7c48c207db72', 'f6e38bfc-bde3-490b-a774-ca5f71e7fa5d'),
('0d65d542-eb98-4fe9-bb88-d3a9485a3cad', 'f6e38bfc-bde3-490b-a774-ca5f71e7fa5d'),
('10f13a86-2fc9-4758-8fe4-311599fd8708', 'f6e38bfc-bde3-490b-a774-ca5f71e7fa5d'),
('1397e06e-31a7-4c00-afa7-1d02b6490901', 'f6e38bfc-bde3-490b-a774-ca5f71e7fa5d'),
('1428fd52-10c5-47a2-bba5-004963c33f02', 'f6e38bfc-bde3-490b-a774-ca5f71e7fa5d'),
('16cf1058-0af2-4a2e-8d8b-610f7e2f79b5', 'f6e38bfc-bde3-490b-a774-ca5f71e7fa5d'),
('1e9333ef-efaf-49d6-84c7-f59df036d1e7', 'f6e38bfc-bde3-490b-a774-ca5f71e7fa5d'),
('1ea1d664-4db2-47cf-84d8-a041fa0664b9', 'f6e38bfc-bde3-490b-a774-ca5f71e7fa5d'),
('200642d4-dec5-4831-8b6a-ca261c6979d0', 'f6e38bfc-bde3-490b-a774-ca5f71e7fa5d'),
('21619540-858e-49bf-8788-7079b78bdfa6', 'f6e38bfc-bde3-490b-a774-ca5f71e7fa5d'),
('25182131-23dd-4516-b764-f28f2863c2c8', 'f6e38bfc-bde3-490b-a774-ca5f71e7fa5d'),
('253af80b-7388-40d2-a6e0-e5f8dff9404b', 'f6e38bfc-bde3-490b-a774-ca5f71e7fa5d'),
('27414870-9cd0-4bf4-bdf9-39936fe5f04c', 'f6e38bfc-bde3-490b-a774-ca5f71e7fa5d'),
('28965e21-00a6-4fea-b5df-45c97829da88', 'f6e38bfc-bde3-490b-a774-ca5f71e7fa5d'),
('291b7161-ad4b-4fa0-8642-e1f6e1620eb1', 'f6e38bfc-bde3-490b-a774-ca5f71e7fa5d'),
('328a1005-4718-40e8-833a-e12c9f79e07f', 'f6e38bfc-bde3-490b-a774-ca5f71e7fa5d'),
('3892b3df-a080-4afb-b4c9-f7d758674b1d', 'f6e38bfc-bde3-490b-a774-ca5f71e7fa5d'),
('44f6271a-3a61-428d-9372-be12d97bff0c', 'f6e38bfc-bde3-490b-a774-ca5f71e7fa5d'),
('480934b9-6128-41d0-b40e-9513f223af7c', 'f6e38bfc-bde3-490b-a774-ca5f71e7fa5d'),
('4f523253-dd0d-42cb-b646-d7291e4998f3', 'f6e38bfc-bde3-490b-a774-ca5f71e7fa5d'),
('524927e2-aa99-4e01-a2b5-392bcf37d82b', 'f6e38bfc-bde3-490b-a774-ca5f71e7fa5d'),
('52f8117d-f16f-4878-a8e4-1d335cbb6559', 'f6e38bfc-bde3-490b-a774-ca5f71e7fa5d'),
('54d9eaf5-f54e-4adb-b90c-212be995442d', 'f6e38bfc-bde3-490b-a774-ca5f71e7fa5d'),
('59bd9aa9-3a2f-4120-979f-91d527a9c3fe', 'f6e38bfc-bde3-490b-a774-ca5f71e7fa5d'),
('62153603-14c1-4ae4-b4d8-76f9cc095d4a', 'f6e38bfc-bde3-490b-a774-ca5f71e7fa5d'),
('678b0272-efcd-4c38-b4c0-664ff7444d5d', 'f6e38bfc-bde3-490b-a774-ca5f71e7fa5d'),
('691474b4-1e49-41ad-ab4f-e5f34a3c11f1', 'f6e38bfc-bde3-490b-a774-ca5f71e7fa5d'),
('6b0e9e07-54aa-4d40-ae16-40f0ef9c8ef4', 'f6e38bfc-bde3-490b-a774-ca5f71e7fa5d'),
('74840111-9219-4c18-9382-c8eeeb670f24', 'f6e38bfc-bde3-490b-a774-ca5f71e7fa5d'),
('7a3eea23-e6ca-480c-824e-1d53c755dbd8', 'f6e38bfc-bde3-490b-a774-ca5f71e7fa5d'),
('7f578ab3-a360-4c78-a1a9-8ce32b37cc3e', 'f6e38bfc-bde3-490b-a774-ca5f71e7fa5d'),
('808e492f-7141-4901-a4bd-af6d497f4351', 'f6e38bfc-bde3-490b-a774-ca5f71e7fa5d'),
('80d1445b-5716-4b72-b8b2-c1c27c4dfe00', 'f6e38bfc-bde3-490b-a774-ca5f71e7fa5d'),
('82355e2f-0726-4958-8918-69d5e5b25f93', 'f6e38bfc-bde3-490b-a774-ca5f71e7fa5d'),
('82dc2551-4232-412b-a657-2d08a4c4c443', 'f6e38bfc-bde3-490b-a774-ca5f71e7fa5d'),
('852e8780-8a59-4d90-8967-dbfa43a8a5f2', 'f6e38bfc-bde3-490b-a774-ca5f71e7fa5d'),
('89c1492e-9ec4-48a0-aa6b-777ae85580f0', 'f6e38bfc-bde3-490b-a774-ca5f71e7fa5d'),
('935bc18b-0ae7-4ae9-b93b-997b5629a6e5', 'f6e38bfc-bde3-490b-a774-ca5f71e7fa5d'),
('97e463c3-5382-4c86-8f59-0da75e2451e8', 'f6e38bfc-bde3-490b-a774-ca5f71e7fa5d'),
('98aa6225-ad75-4b11-bbca-5ec29418c981', 'f6e38bfc-bde3-490b-a774-ca5f71e7fa5d'),
('9909296f-2eb4-410e-a03a-8f4fee038de4', 'f6e38bfc-bde3-490b-a774-ca5f71e7fa5d'),
('a274733c-de38-422f-8ac1-58be43872cce', 'f6e38bfc-bde3-490b-a774-ca5f71e7fa5d'),
('a2e898f2-410b-4d04-be24-f23c1aa50f92', 'f6e38bfc-bde3-490b-a774-ca5f71e7fa5d'),
('a61d0725-429c-48ef-a831-72405ae32ab5', 'f6e38bfc-bde3-490b-a774-ca5f71e7fa5d'),
('a815a61e-e81e-4a0f-9882-c1225240aa6a', 'f6e38bfc-bde3-490b-a774-ca5f71e7fa5d'),
('a950cdde-c26d-45fd-bd40-7d23b93fb9b9', 'f6e38bfc-bde3-490b-a774-ca5f71e7fa5d'),
('ad547e04-ebb5-4861-9cb9-7c534a4af766', 'f6e38bfc-bde3-490b-a774-ca5f71e7fa5d'),
('af86ad8e-33bf-43b2-9768-d51be163dc87', 'f6e38bfc-bde3-490b-a774-ca5f71e7fa5d'),
('bb0770c4-2de9-49a0-9f42-e964ab04411d', 'f6e38bfc-bde3-490b-a774-ca5f71e7fa5d'),
('bd4e0a26-60aa-4b76-af8b-69354d20988c', 'f6e38bfc-bde3-490b-a774-ca5f71e7fa5d'),
('c01e451d-9ffc-46f3-86d0-d8d7c14f821b', 'f6e38bfc-bde3-490b-a774-ca5f71e7fa5d'),
('c0a36804-bfaa-475d-bcc9-152730239c07', 'f6e38bfc-bde3-490b-a774-ca5f71e7fa5d'),
('c2b155cb-085b-41ba-a860-f93f59e089b5', 'f6e38bfc-bde3-490b-a774-ca5f71e7fa5d'),
('c6de7cc4-c01e-4573-b8e9-2af95febfcd3', 'f6e38bfc-bde3-490b-a774-ca5f71e7fa5d'),
('c7b386a5-ef54-48e8-99b5-3d3b41c3ed86', 'f6e38bfc-bde3-490b-a774-ca5f71e7fa5d'),
('ca7645b1-b3a1-4d62-9979-f1e7893cdf43', 'f6e38bfc-bde3-490b-a774-ca5f71e7fa5d'),
('d4afdbee-1801-4a3e-9186-617b7fce6d78', 'f6e38bfc-bde3-490b-a774-ca5f71e7fa5d'),
('d6d3a2e7-cf4c-4726-aa05-6511a7e98530', 'f6e38bfc-bde3-490b-a774-ca5f71e7fa5d'),
('d767a623-48cc-4b5c-979d-d455ce990c07', 'f6e38bfc-bde3-490b-a774-ca5f71e7fa5d'),
('db3d3194-c095-49d5-9824-7e6a59d81981', 'f6e38bfc-bde3-490b-a774-ca5f71e7fa5d'),
('dcf6a510-6fa0-4d0c-9222-03fe89b68e5b', 'f6e38bfc-bde3-490b-a774-ca5f71e7fa5d'),
('e7f0c1f0-ed00-4532-a7a3-7775beb34067', 'f6e38bfc-bde3-490b-a774-ca5f71e7fa5d'),
('f55420a2-8e32-40af-a525-38ea59c6bb27', 'f6e38bfc-bde3-490b-a774-ca5f71e7fa5d'),
('f6d6e0d9-c1d6-4f1d-8b0a-ec1c72fbe316', 'f6e38bfc-bde3-490b-a774-ca5f71e7fa5d'),
('fb83fe35-9b45-4e1f-88aa-75c864d5e83a', 'f6e38bfc-bde3-490b-a774-ca5f71e7fa5d'),
('fc544d12-37dc-425d-9f1e-cf6774809acd', 'f6e38bfc-bde3-490b-a774-ca5f71e7fa5d'),
('fc96e63e-178d-42f8-89c8-28389f08b7f8', 'f6e38bfc-bde3-490b-a774-ca5f71e7fa5d'),
('fefd42ee-88c9-4aea-8b10-6833c1a02f76', 'f6e38bfc-bde3-490b-a774-ca5f71e7fa5d'),
('ff3f5a3f-bb92-476f-8926-fbfafb54c3c7', 'f6e38bfc-bde3-490b-a774-ca5f71e7fa5d');


INSERT INTO context_state (id, state_id, context_id) VALUES
('00bd5d09-4ad1-4b14-9578-0e593147fd72', '76eb0c9b-e051-4118-b5e8-1c60a577078d', '092d370d-8f87-423d-968a-bcb13364f075'),
('0320d5fd-39f5-4e53-a9fd-afc9cd7ccfa6', 'f09b690b-29d8-49f7-9f16-3a252d751b90', 'a950cdde-c26d-45fd-bd40-7d23b93fb9b9'),
('03a5f69e-c797-4007-bd79-a914f0ec327b', '7955e4c3-3770-4977-ac2a-11112143141a', 'f6d6e0d9-c1d6-4f1d-8b0a-ec1c72fbe316'),
('0462cc99-0c4e-41f4-97f1-253baf7f1079', 'dc941db1-57b7-4504-b493-e4ab2a439a65', 'd4afdbee-1801-4a3e-9186-617b7fce6d78'),
('056bc95d-267c-460d-bd5c-8c8d0449eae7', 'dc941db1-57b7-4504-b493-e4ab2a439a65', '1e9333ef-efaf-49d6-84c7-f59df036d1e7'),
('05b178c5-2172-4c96-9d1a-8679db3e6b45', '76eb0c9b-e051-4118-b5e8-1c60a577078d', 'db3d3194-c095-49d5-9824-7e6a59d81981'),
('06dd53de-c905-4574-b069-bdad39068e55', '4a6726b1-3694-4df4-89ff-5b2f8a8cb34c', 'c01e451d-9ffc-46f3-86d0-d8d7c14f821b'),
('07081c7a-e52a-42f8-8f26-78437c5b2202', '1255f2fa-416a-4b6f-b52c-26fba404c30c', '59bd9aa9-3a2f-4120-979f-91d527a9c3fe'),
('07591fe5-f5a7-4c3e-8547-9649494d4e36', 'c339b988-e20c-4ba0-98d1-3c140ab8e767', 'fc544d12-37dc-425d-9f1e-cf6774809acd'),
('0901e369-1237-48e1-b09d-2e620c4620f0', '343b7ca7-4f8f-439b-b424-64c1becb7863', '62153603-14c1-4ae4-b4d8-76f9cc095d4a'),
('0b22cc5f-3000-4e9d-bc1e-6ff4d477f254', '343b7ca7-4f8f-439b-b424-64c1becb7863', '291b7161-ad4b-4fa0-8642-e1f6e1620eb1'),
('0b4ee8a2-b642-4a15-bb9c-21c170afe8f2', '76eb0c9b-e051-4118-b5e8-1c60a577078d', 'fb83fe35-9b45-4e1f-88aa-75c864d5e83a'),
('0b617a10-5ecd-436a-a7e4-4ef73caeb05d', 'df04829e-d2d5-4a0d-9fdc-0d97f62446c8', '89c1492e-9ec4-48a0-aa6b-777ae85580f0'),
('0c2b7ee0-ef48-4228-8acc-b4fbbe70c574', '1255f2fa-416a-4b6f-b52c-26fba404c30c', '10f13a86-2fc9-4758-8fe4-311599fd8708'),
('0cf814b9-3184-4f3b-899f-f9140b1feb00', 'c339b988-e20c-4ba0-98d1-3c140ab8e767', 'a2e898f2-410b-4d04-be24-f23c1aa50f92'),
('0d22ee01-ddb2-4b98-9a92-f4e5a31e4905', 'df04829e-d2d5-4a0d-9fdc-0d97f62446c8', 'd6d3a2e7-cf4c-4726-aa05-6511a7e98530'),
('0daa98ca-4790-4c27-afa3-d0e9de37d489', '63601cd8-3f56-4c88-965b-0bbdedd4bc40', '3892b3df-a080-4afb-b4c9-f7d758674b1d'),
('0e68873f-2dda-4436-b70c-7c56d5903e32', 'aeda5d2c-3c07-4617-81a7-9934d48ac677', '28965e21-00a6-4fea-b5df-45c97829da88'),
('0ea8ff69-2e95-4c4e-8793-13e9b773dd2e', 'aeda5d2c-3c07-4617-81a7-9934d48ac677', '10f13a86-2fc9-4758-8fe4-311599fd8708'),
('0f2a7213-d435-44db-a4d8-023031dbe426', '1255f2fa-416a-4b6f-b52c-26fba404c30c', 'fc544d12-37dc-425d-9f1e-cf6774809acd'),
('0fbe9fda-4005-46ea-8be3-f6f84d67b603', '76eb0c9b-e051-4118-b5e8-1c60a577078d', '1ea1d664-4db2-47cf-84d8-a041fa0664b9'),
('109bb431-de5d-4e8c-8614-d3a79a4e5183', '1255f2fa-416a-4b6f-b52c-26fba404c30c', '1428fd52-10c5-47a2-bba5-004963c33f02'),
('110118f8-a06e-4ad9-8e3c-a7e9a09774b2', 'df04829e-d2d5-4a0d-9fdc-0d97f62446c8', '27414870-9cd0-4bf4-bdf9-39936fe5f04c'),
('11806b33-4311-44f5-9484-faccb909ba0c', 'd869a433-7bbb-4bb8-aa49-ca550af5ae17', '27414870-9cd0-4bf4-bdf9-39936fe5f04c'),
('1199643f-6f36-4d26-a847-9d42715f5ac4', 'f09b690b-29d8-49f7-9f16-3a252d751b90', 'ad547e04-ebb5-4861-9cb9-7c534a4af766'),
('12834474-0b1b-4d6e-b44a-efa07f6304a6', 'f09b690b-29d8-49f7-9f16-3a252d751b90', 'bb0770c4-2de9-49a0-9f42-e964ab04411d'),
('12a7a1bf-ecf6-4934-b14d-dbc8e6532142', 'f09b690b-29d8-49f7-9f16-3a252d751b90', 'fc96e63e-178d-42f8-89c8-28389f08b7f8'),
('1324aaa0-f90b-4ff2-b3bb-6165d919596f', '4a6726b1-3694-4df4-89ff-5b2f8a8cb34c', '98aa6225-ad75-4b11-bbca-5ec29418c981'),
('133f0e01-4302-4e95-ac1e-a3454f389c29', 'f09b690b-29d8-49f7-9f16-3a252d751b90', '98aa6225-ad75-4b11-bbca-5ec29418c981'),
('140cd034-d095-4a75-831a-794efa3e7ec1', '4a6726b1-3694-4df4-89ff-5b2f8a8cb34c', 'fc544d12-37dc-425d-9f1e-cf6774809acd'),
('143d0046-8095-4857-b584-4c2fd799018b', '343b7ca7-4f8f-439b-b424-64c1becb7863', 'fc96e63e-178d-42f8-89c8-28389f08b7f8'),
('14931631-cc5e-4f21-bb01-7f6c2e60b862', 'c339b988-e20c-4ba0-98d1-3c140ab8e767', '74840111-9219-4c18-9382-c8eeeb670f24'),
('178a5925-3a1c-4ec7-bcae-7f546714d53b', 'f09b690b-29d8-49f7-9f16-3a252d751b90', 'f55420a2-8e32-40af-a525-38ea59c6bb27'),
('194e6eb3-8aa6-4fa7-af6f-23f6bbb4c9c7', 'f09b690b-29d8-49f7-9f16-3a252d751b90', '691474b4-1e49-41ad-ab4f-e5f34a3c11f1'),
('1b05a929-b00b-4e1e-b130-4e9698645aa5', '76eb0c9b-e051-4118-b5e8-1c60a577078d', '80d1445b-5716-4b72-b8b2-c1c27c4dfe00'),
('1bb544cc-9b9f-454f-abd8-5818437eccc0', '7955e4c3-3770-4977-ac2a-11112143141a', 'fefd42ee-88c9-4aea-8b10-6833c1a02f76'),
('1c301925-d355-42f1-88d3-d6c1139ebef6', '7955e4c3-3770-4977-ac2a-11112143141a', 'a2e898f2-410b-4d04-be24-f23c1aa50f92'),
('1c573459-6ff9-4bfb-a30f-e601149f9ab8', '7955e4c3-3770-4977-ac2a-11112143141a', 'c7b386a5-ef54-48e8-99b5-3d3b41c3ed86'),
('1d0c8d4c-1fc1-41d2-956d-4a44ad2fbccb', '63601cd8-3f56-4c88-965b-0bbdedd4bc40', '62153603-14c1-4ae4-b4d8-76f9cc095d4a'),
('1e73f11e-38aa-4c18-898b-b292771fb365', 'dc941db1-57b7-4504-b493-e4ab2a439a65', '480934b9-6128-41d0-b40e-9513f223af7c'),
('1e846238-72ea-4fae-b2d2-e3a7a85884f6', 'c339b988-e20c-4ba0-98d1-3c140ab8e767', '007da0c5-f177-4ec5-bc57-c87c0be816d3'),
('1f1e0bee-62e9-4e67-8ad9-de6cde419adf', '63601cd8-3f56-4c88-965b-0bbdedd4bc40', '09b4bd66-9bf4-4aaa-9467-7c48c207db72'),
('201b6c02-9382-4c97-b775-89e4419ac614', 'f09b690b-29d8-49f7-9f16-3a252d751b90', 'a2e898f2-410b-4d04-be24-f23c1aa50f92'),
('2078ceb9-8cb2-460b-b7f2-ea8e7f31eea2', 'aeda5d2c-3c07-4617-81a7-9934d48ac677', '328a1005-4718-40e8-833a-e12c9f79e07f'),
('21081087-3f65-4e57-a8d7-faa5edbb6afc', '76eb0c9b-e051-4118-b5e8-1c60a577078d', '4f523253-dd0d-42cb-b646-d7291e4998f3'),
('213690ab-4bc4-4e56-97bc-c9ff7c6a6934', '7955e4c3-3770-4977-ac2a-11112143141a', 'f55420a2-8e32-40af-a525-38ea59c6bb27'),
('21a17374-c858-43d2-9178-80783969bf6a', '63601cd8-3f56-4c88-965b-0bbdedd4bc40', 'c01e451d-9ffc-46f3-86d0-d8d7c14f821b'),
('21c57879-607b-4305-a98e-6368632ce8e8', 'aeda5d2c-3c07-4617-81a7-9934d48ac677', 'af86ad8e-33bf-43b2-9768-d51be163dc87'),
('2354d3d8-b0ac-4d35-b954-b371f8e295d4', 'df04829e-d2d5-4a0d-9fdc-0d97f62446c8', 'c2b155cb-085b-41ba-a860-f93f59e089b5'),
('23dfcb83-93f4-4f5a-a49a-c5335a887eb3', 'd869a433-7bbb-4bb8-aa49-ca550af5ae17', 'a274733c-de38-422f-8ac1-58be43872cce'),
('249e009b-c484-4036-a24d-fac9b5281f6e', '7955e4c3-3770-4977-ac2a-11112143141a', '524927e2-aa99-4e01-a2b5-392bcf37d82b'),
('25298a7e-30ea-444c-aa02-180d6d13b3b4', '343b7ca7-4f8f-439b-b424-64c1becb7863', '9909296f-2eb4-410e-a03a-8f4fee038de4'),
('2585d52c-5895-4bcc-9216-ac31d89e1f29', '76eb0c9b-e051-4118-b5e8-1c60a577078d', 'd6d3a2e7-cf4c-4726-aa05-6511a7e98530'),
('25d55194-b674-4da3-bfb8-0a6a0db5eb4b', 'dc941db1-57b7-4504-b493-e4ab2a439a65', 'c7b386a5-ef54-48e8-99b5-3d3b41c3ed86'),
('25d8c7a7-70f4-4368-802f-7ab1f105c155', '76eb0c9b-e051-4118-b5e8-1c60a577078d', 'f55420a2-8e32-40af-a525-38ea59c6bb27'),
('26728726-4067-42cd-b724-d2b052483e1d', 'aeda5d2c-3c07-4617-81a7-9934d48ac677', 'ff3f5a3f-bb92-476f-8926-fbfafb54c3c7'),
('27c548e9-4fcc-45b8-a37f-cb2b9a345ce4', 'd869a433-7bbb-4bb8-aa49-ca550af5ae17', '0d65d542-eb98-4fe9-bb88-d3a9485a3cad'),
('28917a10-fdd5-45c5-b464-f7c7e4904cb6', '76eb0c9b-e051-4118-b5e8-1c60a577078d', '3892b3df-a080-4afb-b4c9-f7d758674b1d'),
('28ebb146-1dcc-40ba-83c1-fe4ea39a5fc0', '4a6726b1-3694-4df4-89ff-5b2f8a8cb34c', 'fc96e63e-178d-42f8-89c8-28389f08b7f8'),
('28f47252-1c68-4fbb-ad1e-a422f0dd4dd4', '63601cd8-3f56-4c88-965b-0bbdedd4bc40', 'fb83fe35-9b45-4e1f-88aa-75c864d5e83a'),
('2950826d-47ec-48a9-9662-a12a8b08045c', 'd869a433-7bbb-4bb8-aa49-ca550af5ae17', 'a950cdde-c26d-45fd-bd40-7d23b93fb9b9'),
('2a27719b-43f3-43bd-9eb3-72091d10dfa8', '343b7ca7-4f8f-439b-b424-64c1becb7863', '89c1492e-9ec4-48a0-aa6b-777ae85580f0'),
('2a8c5c40-b61e-446b-a8f7-47f12ba45e3f', '7955e4c3-3770-4977-ac2a-11112143141a', 'a274733c-de38-422f-8ac1-58be43872cce'),
('2c155048-68fc-42d6-98c7-0477deb8653c', 'c339b988-e20c-4ba0-98d1-3c140ab8e767', '200642d4-dec5-4831-8b6a-ca261c6979d0'),
('2e333f2e-6efe-47a7-a738-3b886499c969', 'df04829e-d2d5-4a0d-9fdc-0d97f62446c8', 'af86ad8e-33bf-43b2-9768-d51be163dc87'),
('2e7f073f-08f2-48bd-833b-bd152c604235', '4a6726b1-3694-4df4-89ff-5b2f8a8cb34c', '89c1492e-9ec4-48a0-aa6b-777ae85580f0'),
('2fbe1cbb-9730-4baf-8da3-c91d7b46425a', '7955e4c3-3770-4977-ac2a-11112143141a', '328a1005-4718-40e8-833a-e12c9f79e07f'),
('3041172a-b5c3-4a7f-88ca-56cbbcf96456', '343b7ca7-4f8f-439b-b424-64c1becb7863', '80d1445b-5716-4b72-b8b2-c1c27c4dfe00'),
('30a04dc6-9472-42fa-82ef-1723c08ee86c', 'df04829e-d2d5-4a0d-9fdc-0d97f62446c8', '28965e21-00a6-4fea-b5df-45c97829da88'),
('30f0e26f-404e-475a-8859-5192e49f27e5', '1255f2fa-416a-4b6f-b52c-26fba404c30c', '200642d4-dec5-4831-8b6a-ca261c6979d0'),
('31786249-fe48-4b3f-acfb-5da69430c3df', '343b7ca7-4f8f-439b-b424-64c1becb7863', '1ea1d664-4db2-47cf-84d8-a041fa0664b9'),
('31a8959d-b53e-41ce-bc5f-e27b7702420a', 'aeda5d2c-3c07-4617-81a7-9934d48ac677', '7a3eea23-e6ca-480c-824e-1d53c755dbd8'),
('32c2b80e-a0cc-4296-86d6-5eaeffbf9fe9', '7955e4c3-3770-4977-ac2a-11112143141a', '59bd9aa9-3a2f-4120-979f-91d527a9c3fe'),
('3315c9b5-7570-4c52-b76e-9e8231f430ef', 'c339b988-e20c-4ba0-98d1-3c140ab8e767', 'bd4e0a26-60aa-4b76-af8b-69354d20988c'),
('332ebb58-9a77-48dd-94db-650111236cb3', 'f09b690b-29d8-49f7-9f16-3a252d751b90', 'f6d6e0d9-c1d6-4f1d-8b0a-ec1c72fbe316'),
('3354dfdb-1701-460f-a5ab-773a1ea28b72', '7955e4c3-3770-4977-ac2a-11112143141a', 'c2b155cb-085b-41ba-a860-f93f59e089b5'),
('33857c09-5142-4e00-802b-b24e19417393', 'dc941db1-57b7-4504-b493-e4ab2a439a65', 'af86ad8e-33bf-43b2-9768-d51be163dc87'),
('33a0b6e0-d2f1-40f1-b43b-b975e60e088e', '1255f2fa-416a-4b6f-b52c-26fba404c30c', '3892b3df-a080-4afb-b4c9-f7d758674b1d'),
('342fe07b-5ccb-41c6-91ec-4259c50ef490', '4a6726b1-3694-4df4-89ff-5b2f8a8cb34c', 'd4afdbee-1801-4a3e-9186-617b7fce6d78'),
('35593213-723d-4c6d-ab3b-537f68ccf8b5', '76eb0c9b-e051-4118-b5e8-1c60a577078d', '59bd9aa9-3a2f-4120-979f-91d527a9c3fe'),
('356f4379-1bd7-4a5d-94f6-bd581f08ab25', 'aeda5d2c-3c07-4617-81a7-9934d48ac677', 'c2b155cb-085b-41ba-a860-f93f59e089b5'),
('35c4bb96-0f82-4abc-a71a-fd3fbefb17d4', 'dc941db1-57b7-4504-b493-e4ab2a439a65', '1397e06e-31a7-4c00-afa7-1d02b6490901'),
('35d27a90-d89e-4bf6-96c1-a85250ddcedc', '1255f2fa-416a-4b6f-b52c-26fba404c30c', '7f578ab3-a360-4c78-a1a9-8ce32b37cc3e'),
('373e00b2-2e34-405f-b573-e7080c476450', 'dc941db1-57b7-4504-b493-e4ab2a439a65', '97e463c3-5382-4c86-8f59-0da75e2451e8'),
('38db07a0-1652-489a-afe3-a1cae97c59e4', 'c339b988-e20c-4ba0-98d1-3c140ab8e767', 'fc96e63e-178d-42f8-89c8-28389f08b7f8'),
('39f47955-4e62-472b-8838-331eed7c0cbf', '343b7ca7-4f8f-439b-b424-64c1becb7863', '21619540-858e-49bf-8788-7079b78bdfa6'),
('3aff7b27-309d-4040-8517-db0a3b3acf3f', 'dc941db1-57b7-4504-b493-e4ab2a439a65', '0d65d542-eb98-4fe9-bb88-d3a9485a3cad'),
('3b3da5b2-3f0b-4215-aed3-e01496b78e13', 'dc941db1-57b7-4504-b493-e4ab2a439a65', '27414870-9cd0-4bf4-bdf9-39936fe5f04c'),
('3b74161a-9d90-428e-ae93-cfd3901d282d', '63601cd8-3f56-4c88-965b-0bbdedd4bc40', 'c0a36804-bfaa-475d-bcc9-152730239c07'),
('3bed2a7f-a6f5-4adf-a6f6-93ffff072cd5', '76eb0c9b-e051-4118-b5e8-1c60a577078d', '25182131-23dd-4516-b764-f28f2863c2c8'),
('3d55ec2e-0d81-4ed2-a1ee-6127c657f366', 'aeda5d2c-3c07-4617-81a7-9934d48ac677', 'e7f0c1f0-ed00-4532-a7a3-7775beb34067'),
('3dda167d-6441-42f7-aed3-32f80aaf2f47', 'aeda5d2c-3c07-4617-81a7-9934d48ac677', '524927e2-aa99-4e01-a2b5-392bcf37d82b'),
('3e43d804-7583-40c6-9a4a-0269bdd7d470', '1255f2fa-416a-4b6f-b52c-26fba404c30c', 'c2b155cb-085b-41ba-a860-f93f59e089b5'),
('3f1af191-d1d8-4087-beba-be3ba91d7fe7', '1255f2fa-416a-4b6f-b52c-26fba404c30c', '98aa6225-ad75-4b11-bbca-5ec29418c981'),
('3f54d2d5-9b79-4b61-a1bc-b287b134a248', '7955e4c3-3770-4977-ac2a-11112143141a', 'c0a36804-bfaa-475d-bcc9-152730239c07'),
('4008cb1d-33af-4cc2-8818-835c88ce5851', 'df04829e-d2d5-4a0d-9fdc-0d97f62446c8', 'c6de7cc4-c01e-4573-b8e9-2af95febfcd3'),
('40538e96-a8c3-4c62-94d8-2625b2331822', 'f09b690b-29d8-49f7-9f16-3a252d751b90', '253af80b-7388-40d2-a6e0-e5f8dff9404b'),
('40c87799-174e-4acb-897f-1d69a86fbdd2', 'dc941db1-57b7-4504-b493-e4ab2a439a65', '7f578ab3-a360-4c78-a1a9-8ce32b37cc3e'),
('414b368f-3a25-45a3-b02f-33d5bbbcc95d', 'df04829e-d2d5-4a0d-9fdc-0d97f62446c8', '16cf1058-0af2-4a2e-8d8b-610f7e2f79b5'),
('41cc61b5-2331-4e10-a900-63557e89510b', '7955e4c3-3770-4977-ac2a-11112143141a', '1e9333ef-efaf-49d6-84c7-f59df036d1e7'),
('42a72221-6c32-4f48-b382-31c92ae5de88', '76eb0c9b-e051-4118-b5e8-1c60a577078d', '691474b4-1e49-41ad-ab4f-e5f34a3c11f1'),
('42ffac09-fbdb-49fb-bb10-746580db0a36', 'aeda5d2c-3c07-4617-81a7-9934d48ac677', '291b7161-ad4b-4fa0-8642-e1f6e1620eb1'),
('440e0ce3-7aa8-454a-9498-baa7ba8a9e7c', '7955e4c3-3770-4977-ac2a-11112143141a', 'bb0770c4-2de9-49a0-9f42-e964ab04411d'),
('44967156-6744-4d20-9267-02a42cfa342a', '4a6726b1-3694-4df4-89ff-5b2f8a8cb34c', '7a3eea23-e6ca-480c-824e-1d53c755dbd8'),
('45dc76f5-7e7d-43a6-b3e2-d37c066786c3', 'dc941db1-57b7-4504-b493-e4ab2a439a65', '9909296f-2eb4-410e-a03a-8f4fee038de4'),
('4660c0f1-d006-4f7a-8a92-cfdf1560d8eb', '4a6726b1-3694-4df4-89ff-5b2f8a8cb34c', '691474b4-1e49-41ad-ab4f-e5f34a3c11f1'),
('46ec2c0c-5b1b-40fb-b733-120f325bf4db', 'aeda5d2c-3c07-4617-81a7-9934d48ac677', '678b0272-efcd-4c38-b4c0-664ff7444d5d'),
('46fd2185-de0a-4533-8009-32aa174b8404', '1255f2fa-416a-4b6f-b52c-26fba404c30c', 'bb0770c4-2de9-49a0-9f42-e964ab04411d'),
('474a0897-cd97-4d16-9838-f3236f8e9843', 'df04829e-d2d5-4a0d-9fdc-0d97f62446c8', '1e9333ef-efaf-49d6-84c7-f59df036d1e7'),
('475ebf7c-34d3-4c48-a52c-168d2879e48a', '7955e4c3-3770-4977-ac2a-11112143141a', 'af86ad8e-33bf-43b2-9768-d51be163dc87'),
('478381f5-a9ce-4edc-bfb0-dfa427367d15', 'c339b988-e20c-4ba0-98d1-3c140ab8e767', '25182131-23dd-4516-b764-f28f2863c2c8'),
('4889d453-4e68-4f56-9d60-f1c756587b7f', '1255f2fa-416a-4b6f-b52c-26fba404c30c', '52f8117d-f16f-4878-a8e4-1d335cbb6559'),
('49ee6374-79e9-4301-a408-dbdea520ea91', 'f09b690b-29d8-49f7-9f16-3a252d751b90', '935bc18b-0ae7-4ae9-b93b-997b5629a6e5'),
('4a5cea5a-2bdd-4360-96b4-eddcbec22626', 'c339b988-e20c-4ba0-98d1-3c140ab8e767', '1ea1d664-4db2-47cf-84d8-a041fa0664b9'),
('4ac94392-d8ff-4b47-91cf-173a9f20797f', 'f09b690b-29d8-49f7-9f16-3a252d751b90', '82dc2551-4232-412b-a657-2d08a4c4c443'),
('4ad23e51-2135-4713-8ed3-269a6198ef7f', 'df04829e-d2d5-4a0d-9fdc-0d97f62446c8', '808e492f-7141-4901-a4bd-af6d497f4351'),
('4aff54c0-2792-4196-99be-667abcd5d555', '4a6726b1-3694-4df4-89ff-5b2f8a8cb34c', 'ff3f5a3f-bb92-476f-8926-fbfafb54c3c7'),
('4b718304-78cc-44c6-b9c8-c4e048fb4386', 'aeda5d2c-3c07-4617-81a7-9934d48ac677', '200642d4-dec5-4831-8b6a-ca261c6979d0'),
('4beaeb30-4098-4a80-b40d-3f36e8fa2c1a', 'd869a433-7bbb-4bb8-aa49-ca550af5ae17', '74840111-9219-4c18-9382-c8eeeb670f24'),
('4bfdd711-83d4-4867-87c7-8896d7405ddd', '4a6726b1-3694-4df4-89ff-5b2f8a8cb34c', '007da0c5-f177-4ec5-bc57-c87c0be816d3'),
('4cfbe0cb-581f-4900-a619-79c32cb7e68f', 'd869a433-7bbb-4bb8-aa49-ca550af5ae17', '1397e06e-31a7-4c00-afa7-1d02b6490901'),
('4d7a7541-c8ad-4f51-adda-56df4216b760', 'dc941db1-57b7-4504-b493-e4ab2a439a65', '89c1492e-9ec4-48a0-aa6b-777ae85580f0'),
('4df0395c-43e9-440b-9666-acf6aa7c38d1', 'd869a433-7bbb-4bb8-aa49-ca550af5ae17', 'c01e451d-9ffc-46f3-86d0-d8d7c14f821b'),
('501554e0-f7e1-43b1-a35c-dd0bc3931250', '4a6726b1-3694-4df4-89ff-5b2f8a8cb34c', 'd6d3a2e7-cf4c-4726-aa05-6511a7e98530'),
('50ec1725-752b-494d-86ff-deb7cc20151d', '1255f2fa-416a-4b6f-b52c-26fba404c30c', '007da0c5-f177-4ec5-bc57-c87c0be816d3'),
('51d1c92d-1d63-4108-a344-77f0a28a9602', 'd869a433-7bbb-4bb8-aa49-ca550af5ae17', '524927e2-aa99-4e01-a2b5-392bcf37d82b'),
('526a5a74-0655-431b-b6e5-53038c8211ea', '4a6726b1-3694-4df4-89ff-5b2f8a8cb34c', '28965e21-00a6-4fea-b5df-45c97829da88'),
('5396d33e-cb9a-45de-93ba-c6aa8adea636', 'f09b690b-29d8-49f7-9f16-3a252d751b90', '4f523253-dd0d-42cb-b646-d7291e4998f3'),
('53b8fef5-6440-4e1b-803f-96c00895e355', 'aeda5d2c-3c07-4617-81a7-9934d48ac677', 'd767a623-48cc-4b5c-979d-d455ce990c07'),
('553f923a-dd8b-45e1-8bc5-c9e5765bf23f', 'c339b988-e20c-4ba0-98d1-3c140ab8e767', '291b7161-ad4b-4fa0-8642-e1f6e1620eb1'),
('5561501e-b686-419f-971c-ce69a69d561e', '7955e4c3-3770-4977-ac2a-11112143141a', '74840111-9219-4c18-9382-c8eeeb670f24'),
('556856f3-5df1-4bc6-a285-cb39bbd16c40', '4a6726b1-3694-4df4-89ff-5b2f8a8cb34c', '80d1445b-5716-4b72-b8b2-c1c27c4dfe00'),
('55e3bd17-8e77-4045-a64e-b4292c3cd616', 'f09b690b-29d8-49f7-9f16-3a252d751b90', 'd6d3a2e7-cf4c-4726-aa05-6511a7e98530'),
('5609b01c-db36-472d-b0d3-0d2e7ffe41d7', '1255f2fa-416a-4b6f-b52c-26fba404c30c', '82355e2f-0726-4958-8918-69d5e5b25f93'),
('561ed812-5bf7-46bf-9cdf-75cd9d79fb9d', '343b7ca7-4f8f-439b-b424-64c1becb7863', 'c7b386a5-ef54-48e8-99b5-3d3b41c3ed86'),
('56260870-0c9d-4862-8938-24c18daacebc', 'c339b988-e20c-4ba0-98d1-3c140ab8e767', 'f55420a2-8e32-40af-a525-38ea59c6bb27'),
('56df17ed-bea4-4cda-8466-7315bd0028de', 'f09b690b-29d8-49f7-9f16-3a252d751b90', '44f6271a-3a61-428d-9372-be12d97bff0c'),
('594746ab-5f99-40aa-a040-c4827bd69bd6', '7955e4c3-3770-4977-ac2a-11112143141a', '25182131-23dd-4516-b764-f28f2863c2c8'),
('5989537a-3a51-4788-b942-47a924b86119', '76eb0c9b-e051-4118-b5e8-1c60a577078d', '7f578ab3-a360-4c78-a1a9-8ce32b37cc3e'),
('5c932889-0b15-4c79-968a-520672b2b035', 'f09b690b-29d8-49f7-9f16-3a252d751b90', 'e7f0c1f0-ed00-4532-a7a3-7775beb34067'),
('5cf1780e-1d71-4e39-ac90-58fffe6f8d99', '76eb0c9b-e051-4118-b5e8-1c60a577078d', '97e463c3-5382-4c86-8f59-0da75e2451e8'),
('5d83e35d-e0e8-4384-ad4f-dd48c5bcafba', '76eb0c9b-e051-4118-b5e8-1c60a577078d', 'c0a36804-bfaa-475d-bcc9-152730239c07'),
('5f22b9b1-2dbf-4c53-a32b-03e254f8c49b', 'c339b988-e20c-4ba0-98d1-3c140ab8e767', 'd4afdbee-1801-4a3e-9186-617b7fce6d78'),
('5ffddb56-d200-402a-bf71-0971a068f9c3', '76eb0c9b-e051-4118-b5e8-1c60a577078d', 'f6d6e0d9-c1d6-4f1d-8b0a-ec1c72fbe316'),
('610e278d-4ce0-454e-8093-b825f8c19725', 'dc941db1-57b7-4504-b493-e4ab2a439a65', '10f13a86-2fc9-4758-8fe4-311599fd8708'),
('619cbdcb-d9e1-4b10-ab5a-52774eae198f', '343b7ca7-4f8f-439b-b424-64c1becb7863', 'a61d0725-429c-48ef-a831-72405ae32ab5'),
('63def844-3260-486f-b54c-2226f89983bb', 'aeda5d2c-3c07-4617-81a7-9934d48ac677', '62153603-14c1-4ae4-b4d8-76f9cc095d4a'),
('64dd0634-ce7e-49b9-ab31-ebdb0e82e3b4', 'df04829e-d2d5-4a0d-9fdc-0d97f62446c8', '03c249b4-cd9d-4736-9fab-7e8265ab59b0'),
('64fbe73b-63ea-4780-b3d4-38b44ee8a1da', 'c339b988-e20c-4ba0-98d1-3c140ab8e767', '1397e06e-31a7-4c00-afa7-1d02b6490901'),
('651e244e-734e-4c15-ad07-44f87da44daa', 'aeda5d2c-3c07-4617-81a7-9934d48ac677', '82355e2f-0726-4958-8918-69d5e5b25f93'),
('6644aff1-cc7b-41b3-9ca6-5d3c193cb6b0', 'aeda5d2c-3c07-4617-81a7-9934d48ac677', '21619540-858e-49bf-8788-7079b78bdfa6'),
('6651c668-3c9d-4495-9e79-362bebba8bcc', '7955e4c3-3770-4977-ac2a-11112143141a', '092d370d-8f87-423d-968a-bcb13364f075'),
('66b162b3-9da8-4d96-b30e-0e9d95869dea', '4a6726b1-3694-4df4-89ff-5b2f8a8cb34c', '1ea1d664-4db2-47cf-84d8-a041fa0664b9'),
('66d87610-b07d-4d82-bd01-7123145f5f63', 'df04829e-d2d5-4a0d-9fdc-0d97f62446c8', '62153603-14c1-4ae4-b4d8-76f9cc095d4a'),
('6708dfbe-b8cc-4b86-88a5-6c2329571aec', 'd869a433-7bbb-4bb8-aa49-ca550af5ae17', '691474b4-1e49-41ad-ab4f-e5f34a3c11f1'),
('67ab4cde-b9c4-49f3-b496-793fdee2b6ea', '76eb0c9b-e051-4118-b5e8-1c60a577078d', 'a950cdde-c26d-45fd-bd40-7d23b93fb9b9'),
('681e074b-c915-4252-8dfb-1ceb16296c1e', 'dc941db1-57b7-4504-b493-e4ab2a439a65', '328a1005-4718-40e8-833a-e12c9f79e07f'),
('69ca99c3-2db9-4fa8-af92-49f08496298b', '7955e4c3-3770-4977-ac2a-11112143141a', '21619540-858e-49bf-8788-7079b78bdfa6'),
('6a74c8a4-8ec8-41be-84cc-224f381af349', 'aeda5d2c-3c07-4617-81a7-9934d48ac677', 'bb0770c4-2de9-49a0-9f42-e964ab04411d'),
('6aa6ab88-2f0e-4ce1-b623-cb31425d4b18', '76eb0c9b-e051-4118-b5e8-1c60a577078d', '253af80b-7388-40d2-a6e0-e5f8dff9404b'),
('6ad97b86-bb29-460f-a7b9-2fb82657869b', '76eb0c9b-e051-4118-b5e8-1c60a577078d', 'ca7645b1-b3a1-4d62-9979-f1e7893cdf43'),
('6b32d6bd-3c7b-42e9-90a1-ce4b4e40b084', 'dc941db1-57b7-4504-b493-e4ab2a439a65', '21619540-858e-49bf-8788-7079b78bdfa6'),
('6b93665e-a50f-4f44-a3d7-1c397a8c58d7', 'd869a433-7bbb-4bb8-aa49-ca550af5ae17', '6b0e9e07-54aa-4d40-ae16-40f0ef9c8ef4'),
('6bad0a5e-865b-4a7a-842a-6ce46d3ad2b1', '63601cd8-3f56-4c88-965b-0bbdedd4bc40', '7a3eea23-e6ca-480c-824e-1d53c755dbd8'),
('6bdcf795-8161-4f13-98d3-3d8f9c62bed6', '1255f2fa-416a-4b6f-b52c-26fba404c30c', '808e492f-7141-4901-a4bd-af6d497f4351'),
('6c20bf69-1488-48ea-b481-17c82c1b4fcd', '7955e4c3-3770-4977-ac2a-11112143141a', 'd767a623-48cc-4b5c-979d-d455ce990c07'),
('6cdf2276-670a-4816-b8de-480681a76c74', 'c339b988-e20c-4ba0-98d1-3c140ab8e767', 'fb83fe35-9b45-4e1f-88aa-75c864d5e83a'),
('6d343359-e211-45e3-9043-c833f2e72483', '63601cd8-3f56-4c88-965b-0bbdedd4bc40', '74840111-9219-4c18-9382-c8eeeb670f24'),
('6d34ff11-b6cc-4c4b-84b1-da912cbf9483', 'c339b988-e20c-4ba0-98d1-3c140ab8e767', '1428fd52-10c5-47a2-bba5-004963c33f02'),
('6ebe5abf-69de-4e8e-8459-1f3d47cc2741', 'aeda5d2c-3c07-4617-81a7-9934d48ac677', '852e8780-8a59-4d90-8967-dbfa43a8a5f2'),
('70302750-1a70-4ec8-a335-d4321e5abc52', '343b7ca7-4f8f-439b-b424-64c1becb7863', '4f523253-dd0d-42cb-b646-d7291e4998f3'),
('709138ef-9253-48f2-8286-ed9376b24069', 'aeda5d2c-3c07-4617-81a7-9934d48ac677', '1397e06e-31a7-4c00-afa7-1d02b6490901'),
('70d27435-4067-4b6d-a0a2-b7dbe0153b97', 'aeda5d2c-3c07-4617-81a7-9934d48ac677', '89c1492e-9ec4-48a0-aa6b-777ae85580f0'),
('730a912b-8218-409a-9cc3-7f1e9496b188', '63601cd8-3f56-4c88-965b-0bbdedd4bc40', '524927e2-aa99-4e01-a2b5-392bcf37d82b'),
('73ab1d1a-e6e7-456c-8f5d-1d4e6bfed1fe', '63601cd8-3f56-4c88-965b-0bbdedd4bc40', '1ea1d664-4db2-47cf-84d8-a041fa0664b9'),
('75472543-00de-4ed4-90e8-60752a31635d', '1255f2fa-416a-4b6f-b52c-26fba404c30c', '1e9333ef-efaf-49d6-84c7-f59df036d1e7'),
('76b85bef-4b3a-4bbb-8a18-0f4c2ce6aca1', 'df04829e-d2d5-4a0d-9fdc-0d97f62446c8', 'ca7645b1-b3a1-4d62-9979-f1e7893cdf43'),
('77c3d05d-bb4f-4077-a64c-d8cfd27098d4', 'c339b988-e20c-4ba0-98d1-3c140ab8e767', 'c0a36804-bfaa-475d-bcc9-152730239c07'),
('77ed87a5-25c8-42ee-ae98-57ee98d1a626', 'd869a433-7bbb-4bb8-aa49-ca550af5ae17', 'a815a61e-e81e-4a0f-9882-c1225240aa6a'),
('7801a0f4-1d40-4b74-9fac-533db6025ada', 'd869a433-7bbb-4bb8-aa49-ca550af5ae17', 'e7f0c1f0-ed00-4532-a7a3-7775beb34067'),
('78b33ce3-8bb8-4488-ab85-9b73f6c62c12', '343b7ca7-4f8f-439b-b424-64c1becb7863', 'fb83fe35-9b45-4e1f-88aa-75c864d5e83a'),
('79792928-a702-4be7-80e3-9a3a6789a648', 'df04829e-d2d5-4a0d-9fdc-0d97f62446c8', 'c7b386a5-ef54-48e8-99b5-3d3b41c3ed86'),
('7a25671c-ca6b-40fe-afc6-df496f947297', 'c339b988-e20c-4ba0-98d1-3c140ab8e767', '10f13a86-2fc9-4758-8fe4-311599fd8708'),
('7c024c0c-8fcd-4dd4-a2b6-9c0149149d13', '4a6726b1-3694-4df4-89ff-5b2f8a8cb34c', '4f523253-dd0d-42cb-b646-d7291e4998f3'),
('7c19f029-8304-47b2-83c9-62e2d62dbf4d', '76eb0c9b-e051-4118-b5e8-1c60a577078d', 'fc544d12-37dc-425d-9f1e-cf6774809acd'),
('7cd670b6-8f77-461d-9424-ef43c844a9cf', '76eb0c9b-e051-4118-b5e8-1c60a577078d', '44f6271a-3a61-428d-9372-be12d97bff0c'),
('7cff8dd8-625b-46d8-928e-b27fdc43c18d', '7955e4c3-3770-4977-ac2a-11112143141a', '82355e2f-0726-4958-8918-69d5e5b25f93'),
('7da11e7c-657c-44be-829d-ba5c9655df8f', 'aeda5d2c-3c07-4617-81a7-9934d48ac677', 'ad547e04-ebb5-4861-9cb9-7c534a4af766'),
('7dbcc3bf-c8b4-4b52-bcd7-2d9be57443fa', 'c339b988-e20c-4ba0-98d1-3c140ab8e767', '935bc18b-0ae7-4ae9-b93b-997b5629a6e5'),
('7dc88454-ffb8-4da9-bbd3-e92c86461c39', '343b7ca7-4f8f-439b-b424-64c1becb7863', 'ff3f5a3f-bb92-476f-8926-fbfafb54c3c7'),
('7de96913-50f2-4134-80ad-5a819b508e0f', '76eb0c9b-e051-4118-b5e8-1c60a577078d', 'd4afdbee-1801-4a3e-9186-617b7fce6d78'),
('7e3a5a68-3acf-4906-9c2d-95dd60c21ef1', '4a6726b1-3694-4df4-89ff-5b2f8a8cb34c', '97e463c3-5382-4c86-8f59-0da75e2451e8'),
('7e76f8cf-160a-4446-ad79-ddd341b493af', '76eb0c9b-e051-4118-b5e8-1c60a577078d', '16cf1058-0af2-4a2e-8d8b-610f7e2f79b5'),
('7ed13890-8fde-4567-a2b6-ac2605df7a6f', 'c339b988-e20c-4ba0-98d1-3c140ab8e767', 'd767a623-48cc-4b5c-979d-d455ce990c07'),
('7f71efcd-1abd-4d04-88f1-b096ca88488f', '4a6726b1-3694-4df4-89ff-5b2f8a8cb34c', '03c249b4-cd9d-4736-9fab-7e8265ab59b0'),
('7f971756-f34f-4fb3-a06b-0cc41d8f2cfa', 'c339b988-e20c-4ba0-98d1-3c140ab8e767', '09b4bd66-9bf4-4aaa-9467-7c48c207db72'),
('7f97562c-d972-4a17-a021-aa672c9a838d', 'c339b988-e20c-4ba0-98d1-3c140ab8e767', '52f8117d-f16f-4878-a8e4-1d335cbb6559'),
('7fa97f2c-6c0b-4c36-b5b4-dbf7c8399f74', '4a6726b1-3694-4df4-89ff-5b2f8a8cb34c', '7f578ab3-a360-4c78-a1a9-8ce32b37cc3e'),
('80a040f5-eccc-4c3a-a797-5631328df61c', 'c339b988-e20c-4ba0-98d1-3c140ab8e767', '21619540-858e-49bf-8788-7079b78bdfa6'),
('83180ecf-4730-4831-9018-4185d65652a3', '63601cd8-3f56-4c88-965b-0bbdedd4bc40', '82355e2f-0726-4958-8918-69d5e5b25f93'),
('8477cfd0-4c28-4119-997c-d232f524af12', '1255f2fa-416a-4b6f-b52c-26fba404c30c', 'ad547e04-ebb5-4861-9cb9-7c534a4af766'),
('85b9e99d-067a-4d88-9d3d-e2a32a89fbc3', '4a6726b1-3694-4df4-89ff-5b2f8a8cb34c', '808e492f-7141-4901-a4bd-af6d497f4351'),
('86c6c64e-650b-45d1-bafd-988c0443e622', 'd869a433-7bbb-4bb8-aa49-ca550af5ae17', 'ca7645b1-b3a1-4d62-9979-f1e7893cdf43'),
('86ef9ac1-5c1a-40d2-b54f-92f258618ca7', '7955e4c3-3770-4977-ac2a-11112143141a', 'bd4e0a26-60aa-4b76-af8b-69354d20988c'),
('86fea9c8-446b-406d-88da-b6c04eaa6e96', '1255f2fa-416a-4b6f-b52c-26fba404c30c', 'af86ad8e-33bf-43b2-9768-d51be163dc87'),
('88523118-fa2a-4cfe-bd9b-314b79e392f9', '76eb0c9b-e051-4118-b5e8-1c60a577078d', 'c7b386a5-ef54-48e8-99b5-3d3b41c3ed86'),
('89caaafb-d148-45ff-8068-fe9a9dfeadf7', 'df04829e-d2d5-4a0d-9fdc-0d97f62446c8', '524927e2-aa99-4e01-a2b5-392bcf37d82b'),
('89ed7629-0e90-4d23-a2af-23971ba016a5', 'd869a433-7bbb-4bb8-aa49-ca550af5ae17', 'a2e898f2-410b-4d04-be24-f23c1aa50f92'),
('8c1d254f-b5e8-400c-b69d-65629c8e8156', '76eb0c9b-e051-4118-b5e8-1c60a577078d', 'c01e451d-9ffc-46f3-86d0-d8d7c14f821b'),
('8c252fb8-26d8-41c9-bcb8-f42333561b6f', 'aeda5d2c-3c07-4617-81a7-9934d48ac677', '27414870-9cd0-4bf4-bdf9-39936fe5f04c'),
('8c5d55f2-f906-40c7-98b2-af3f43c75bc1', 'dc941db1-57b7-4504-b493-e4ab2a439a65', '6b0e9e07-54aa-4d40-ae16-40f0ef9c8ef4'),
('8cf8397c-23d5-487c-9249-cd12741ea1c0', '343b7ca7-4f8f-439b-b424-64c1becb7863', '44f6271a-3a61-428d-9372-be12d97bff0c'),
('8e289bca-34de-46d5-bb51-1f603d0279b3', 'aeda5d2c-3c07-4617-81a7-9934d48ac677', 'bd4e0a26-60aa-4b76-af8b-69354d20988c'),
('9067274f-d324-4aa1-9b4f-fe2888857961', '63601cd8-3f56-4c88-965b-0bbdedd4bc40', 'a61d0725-429c-48ef-a831-72405ae32ab5'),
('91e58795-664e-4cb7-b2e0-712849732ff7', '1255f2fa-416a-4b6f-b52c-26fba404c30c', '092d370d-8f87-423d-968a-bcb13364f075'),
('9456b5a2-1575-4426-9531-6f8eb8feb183', 'aeda5d2c-3c07-4617-81a7-9934d48ac677', '74840111-9219-4c18-9382-c8eeeb670f24'),
('94fb48f9-c6fc-4f7c-82c9-fc03e8a256ed', '4a6726b1-3694-4df4-89ff-5b2f8a8cb34c', '52f8117d-f16f-4878-a8e4-1d335cbb6559'),
('9533916a-531c-4b9a-81bf-6ac67e859a87', 'c339b988-e20c-4ba0-98d1-3c140ab8e767', '7a3eea23-e6ca-480c-824e-1d53c755dbd8'),
('969414fa-f24b-4d9a-af6c-7d66b11abeac', 'd869a433-7bbb-4bb8-aa49-ca550af5ae17', 'fefd42ee-88c9-4aea-8b10-6833c1a02f76'),
('9756d664-1606-4e6e-8736-b5e76f5c20fa', 'c339b988-e20c-4ba0-98d1-3c140ab8e767', 'a274733c-de38-422f-8ac1-58be43872cce'),
('978ec0f1-0d66-4823-a5f8-dcc43bbc8e15', 'd869a433-7bbb-4bb8-aa49-ca550af5ae17', '852e8780-8a59-4d90-8967-dbfa43a8a5f2'),
('97f78b96-4f63-4ebe-ac49-62b1a99806e8', 'df04829e-d2d5-4a0d-9fdc-0d97f62446c8', 'a815a61e-e81e-4a0f-9882-c1225240aa6a'),
('993dfdfb-00a9-4ae4-bf8d-147fc818ae11', 'aeda5d2c-3c07-4617-81a7-9934d48ac677', 'fc96e63e-178d-42f8-89c8-28389f08b7f8'),
('9996c0c3-b07a-4be3-beaa-16a2b607e9aa', 'd869a433-7bbb-4bb8-aa49-ca550af5ae17', 'c6de7cc4-c01e-4573-b8e9-2af95febfcd3'),
('9b05fe24-5a04-4ea1-92b8-39c58ce157bc', '7955e4c3-3770-4977-ac2a-11112143141a', 'fb83fe35-9b45-4e1f-88aa-75c864d5e83a'),
('9b4aa522-8e7c-44da-8395-4c9c0e1ef968', '1255f2fa-416a-4b6f-b52c-26fba404c30c', '28965e21-00a6-4fea-b5df-45c97829da88'),
('9c8c7676-d381-4521-9543-cf34d66a58ae', '76eb0c9b-e051-4118-b5e8-1c60a577078d', '54d9eaf5-f54e-4adb-b90c-212be995442d'),
('9ce84acc-23c3-4dd5-bba8-3012383d2bfd', 'c339b988-e20c-4ba0-98d1-3c140ab8e767', '678b0272-efcd-4c38-b4c0-664ff7444d5d'),
('9d842934-ea8b-4d0d-b83c-1a214c076465', '76eb0c9b-e051-4118-b5e8-1c60a577078d', '98aa6225-ad75-4b11-bbca-5ec29418c981'),
('9db9ed8e-fdbb-4798-bc1a-91f114faa4cc', '76eb0c9b-e051-4118-b5e8-1c60a577078d', 'a274733c-de38-422f-8ac1-58be43872cce'),
('9e0dabc7-dbcf-42a1-ba9b-a89ee0ef9db4', 'f09b690b-29d8-49f7-9f16-3a252d751b90', '007da0c5-f177-4ec5-bc57-c87c0be816d3'),
('a01a0d17-6d13-43d6-b035-ecd5404e8915', '343b7ca7-4f8f-439b-b424-64c1becb7863', 'f55420a2-8e32-40af-a525-38ea59c6bb27'),
('a06210bd-ac3a-4bbc-9b86-1ac7d0d9df08', 'df04829e-d2d5-4a0d-9fdc-0d97f62446c8', '54d9eaf5-f54e-4adb-b90c-212be995442d'),
('a0aa34a5-7e52-480f-b2ef-5ee771d53ff4', 'f09b690b-29d8-49f7-9f16-3a252d751b90', '678b0272-efcd-4c38-b4c0-664ff7444d5d'),
('a1baadb0-5765-4020-ae45-cde00d74620c', 'df04829e-d2d5-4a0d-9fdc-0d97f62446c8', '44f6271a-3a61-428d-9372-be12d97bff0c'),
('a2652919-6268-417d-bf7c-7224e3d71df8', 'aeda5d2c-3c07-4617-81a7-9934d48ac677', '9909296f-2eb4-410e-a03a-8f4fee038de4'),
('a339e821-7ab4-4dc1-9942-f59bdf92b221', '4a6726b1-3694-4df4-89ff-5b2f8a8cb34c', '253af80b-7388-40d2-a6e0-e5f8dff9404b'),
('a3d24fd0-6417-4464-9113-422337bf152c', 'd869a433-7bbb-4bb8-aa49-ca550af5ae17', '935bc18b-0ae7-4ae9-b93b-997b5629a6e5'),
('a3e3d032-775e-4aa9-a0ec-51b005578fcd', '4a6726b1-3694-4df4-89ff-5b2f8a8cb34c', 'ad547e04-ebb5-4861-9cb9-7c534a4af766'),
('a4d44c4f-82f4-4e07-a74f-c49d0f69c355', 'd869a433-7bbb-4bb8-aa49-ca550af5ae17', 'd6d3a2e7-cf4c-4726-aa05-6511a7e98530'),
('a6f5d12f-d78a-43be-bc6a-e155b39e89df', '7955e4c3-3770-4977-ac2a-11112143141a', '6b0e9e07-54aa-4d40-ae16-40f0ef9c8ef4'),
('a7538275-cab5-468b-8ed3-61c300f9c4ae', 'dc941db1-57b7-4504-b493-e4ab2a439a65', 'fc544d12-37dc-425d-9f1e-cf6774809acd'),
('a7e726a3-7379-40ac-a259-9973d2b0df9e', 'aeda5d2c-3c07-4617-81a7-9934d48ac677', '09b4bd66-9bf4-4aaa-9467-7c48c207db72'),
('a80e9f9e-cdcd-42a3-ae7e-91563660c4bf', '7955e4c3-3770-4977-ac2a-11112143141a', 'a950cdde-c26d-45fd-bd40-7d23b93fb9b9'),
('a8b45398-58bf-4e77-b13c-81868cbf237a', '63601cd8-3f56-4c88-965b-0bbdedd4bc40', '852e8780-8a59-4d90-8967-dbfa43a8a5f2'),
('aa0e9184-effb-43a3-9efa-84a9cfc4f21c', '343b7ca7-4f8f-439b-b424-64c1becb7863', '253af80b-7388-40d2-a6e0-e5f8dff9404b'),
('aa3a49bc-2800-46bf-a233-2b56bf986079', '7955e4c3-3770-4977-ac2a-11112143141a', '0d65d542-eb98-4fe9-bb88-d3a9485a3cad'),
('aa74a558-589f-4fd9-9cea-05fce93ebbdd', '4a6726b1-3694-4df4-89ff-5b2f8a8cb34c', 'db3d3194-c095-49d5-9824-7e6a59d81981'),
('ab77c6d2-7f72-45d6-a160-1ed30530cf55', '343b7ca7-4f8f-439b-b424-64c1becb7863', 'dcf6a510-6fa0-4d0c-9222-03fe89b68e5b'),
('ac0d09cc-d26c-4577-88f0-b2c4f962ff76', '4a6726b1-3694-4df4-89ff-5b2f8a8cb34c', '54d9eaf5-f54e-4adb-b90c-212be995442d'),
('ac63cd35-5bf3-4286-b199-dc13b0344810', 'dc941db1-57b7-4504-b493-e4ab2a439a65', 'c6de7cc4-c01e-4573-b8e9-2af95febfcd3'),
('acfcf010-131f-466d-a9a5-cfec57d4526f', 'd869a433-7bbb-4bb8-aa49-ca550af5ae17', '54d9eaf5-f54e-4adb-b90c-212be995442d'),
('ad52ca69-e13d-4fa1-be34-abdae523652f', 'df04829e-d2d5-4a0d-9fdc-0d97f62446c8', 'ad547e04-ebb5-4861-9cb9-7c534a4af766'),
('ae99bd01-c1ee-41ba-a884-f2cda399a2cd', '4a6726b1-3694-4df4-89ff-5b2f8a8cb34c', '9909296f-2eb4-410e-a03a-8f4fee038de4'),
('aec64ca5-0a5a-40ed-9deb-34a41b5c38e1', 'df04829e-d2d5-4a0d-9fdc-0d97f62446c8', 'a61d0725-429c-48ef-a831-72405ae32ab5'),
('aef4f65e-b214-49e9-ad11-30df81dabde2', '76eb0c9b-e051-4118-b5e8-1c60a577078d', '0d65d542-eb98-4fe9-bb88-d3a9485a3cad'),
('b0f11c7e-3560-428e-81eb-a8a9604c178f', 'c339b988-e20c-4ba0-98d1-3c140ab8e767', 'c01e451d-9ffc-46f3-86d0-d8d7c14f821b'),
('b3f8f3c6-4973-4329-8cd3-1a6b7fec9dd4', '343b7ca7-4f8f-439b-b424-64c1becb7863', '03c249b4-cd9d-4736-9fab-7e8265ab59b0'),
('b4d07779-d8a1-4f88-8cc1-df97822f319b', '343b7ca7-4f8f-439b-b424-64c1becb7863', 'd4afdbee-1801-4a3e-9186-617b7fce6d78'),
('b5230492-c7ee-429a-9876-de1b6c6c1814', '7955e4c3-3770-4977-ac2a-11112143141a', '27414870-9cd0-4bf4-bdf9-39936fe5f04c'),
('b529ea2d-8c5e-4921-8d3b-09391e966cc3', '1255f2fa-416a-4b6f-b52c-26fba404c30c', '25182131-23dd-4516-b764-f28f2863c2c8'),
('b588ad09-4853-4c50-9125-b8b865afffef', 'd869a433-7bbb-4bb8-aa49-ca550af5ae17', 'db3d3194-c095-49d5-9824-7e6a59d81981'),
('b5ebce40-c4c4-4c68-bb61-a0d4f20d6a8e', 'c339b988-e20c-4ba0-98d1-3c140ab8e767', '480934b9-6128-41d0-b40e-9513f223af7c'),
('b5f16761-b502-4406-90a8-2e33abd21b68', 'df04829e-d2d5-4a0d-9fdc-0d97f62446c8', 'ff3f5a3f-bb92-476f-8926-fbfafb54c3c7'),
('b6e4d43d-925e-47e4-b561-9868aac44daa', '4a6726b1-3694-4df4-89ff-5b2f8a8cb34c', '291b7161-ad4b-4fa0-8642-e1f6e1620eb1'),
('b701ae7a-4551-4ea7-ac66-6050b7fc2ba7', '4a6726b1-3694-4df4-89ff-5b2f8a8cb34c', '935bc18b-0ae7-4ae9-b93b-997b5629a6e5'),
('b773b542-067c-473f-9b6e-caf3ede9ddd1', 'dc941db1-57b7-4504-b493-e4ab2a439a65', '092d370d-8f87-423d-968a-bcb13364f075'),
('bac01f59-efa1-4ca1-ac8d-13bbf7b5ad13', '7955e4c3-3770-4977-ac2a-11112143141a', 'a61d0725-429c-48ef-a831-72405ae32ab5'),
('bb04678e-5e55-411f-930c-0d78449a1c09', 'dc941db1-57b7-4504-b493-e4ab2a439a65', 'fefd42ee-88c9-4aea-8b10-6833c1a02f76'),
('bb365b84-7d20-4994-9ea0-1ceac815f345', '1255f2fa-416a-4b6f-b52c-26fba404c30c', '09b4bd66-9bf4-4aaa-9467-7c48c207db72'),
('bbf1f46e-6c1d-40da-b388-88fe0724ac62', 'aeda5d2c-3c07-4617-81a7-9934d48ac677', '03c249b4-cd9d-4736-9fab-7e8265ab59b0'),
('bbf577b8-dc65-452b-ab59-6ce3f3bf989d', 'c339b988-e20c-4ba0-98d1-3c140ab8e767', '253af80b-7388-40d2-a6e0-e5f8dff9404b'),
('bcd819ae-7a0e-4317-86c0-88106434c6ae', 'aeda5d2c-3c07-4617-81a7-9934d48ac677', '007da0c5-f177-4ec5-bc57-c87c0be816d3'),
('be14f331-b21d-4a9e-b343-ac121fd24791', 'df04829e-d2d5-4a0d-9fdc-0d97f62446c8', 'e7f0c1f0-ed00-4532-a7a3-7775beb34067'),
('bf8633aa-0fc5-4395-8cb7-8bb829679084', 'df04829e-d2d5-4a0d-9fdc-0d97f62446c8', '7f578ab3-a360-4c78-a1a9-8ce32b37cc3e'),
('bfd07e15-b18f-48b2-97c3-1c18283d6850', '4a6726b1-3694-4df4-89ff-5b2f8a8cb34c', '10f13a86-2fc9-4758-8fe4-311599fd8708'),
('c10e298a-da2d-4eac-9bcf-c1781e710d58', '4a6726b1-3694-4df4-89ff-5b2f8a8cb34c', '3892b3df-a080-4afb-b4c9-f7d758674b1d'),
('c164cea5-1df2-422a-b404-974cc6c4c678', '76eb0c9b-e051-4118-b5e8-1c60a577078d', 'dcf6a510-6fa0-4d0c-9222-03fe89b68e5b'),
('c258eed5-9758-4994-9fee-d349155eb337', '76eb0c9b-e051-4118-b5e8-1c60a577078d', '52f8117d-f16f-4878-a8e4-1d335cbb6559'),
('c54d662d-3c0b-43af-9e7d-8cc133269379', 'f09b690b-29d8-49f7-9f16-3a252d751b90', '59bd9aa9-3a2f-4120-979f-91d527a9c3fe'),
('c5e48e4c-ff45-4c15-84e1-5bb759e05ba9', '63601cd8-3f56-4c88-965b-0bbdedd4bc40', 'db3d3194-c095-49d5-9824-7e6a59d81981'),
('c6eef096-27f6-494a-ac5b-6c616bf36a6c', 'df04829e-d2d5-4a0d-9fdc-0d97f62446c8', '852e8780-8a59-4d90-8967-dbfa43a8a5f2'),
('c7bb4923-95d5-4210-b8fe-bce12cbd057a', 'c339b988-e20c-4ba0-98d1-3c140ab8e767', '092d370d-8f87-423d-968a-bcb13364f075'),
('c7e44e03-4d50-49e8-9532-f27d55fcf42d', 'df04829e-d2d5-4a0d-9fdc-0d97f62446c8', 'db3d3194-c095-49d5-9824-7e6a59d81981'),
('c841ff66-7804-4767-b00c-5f5f30dc6cf0', 'df04829e-d2d5-4a0d-9fdc-0d97f62446c8', '6b0e9e07-54aa-4d40-ae16-40f0ef9c8ef4'),
('c8920427-7604-4905-849f-65da7b6b4f3b', 'dc941db1-57b7-4504-b493-e4ab2a439a65', '80d1445b-5716-4b72-b8b2-c1c27c4dfe00'),
('ca0bd707-1cb5-4e28-9629-61dc77a21bbc', 'd869a433-7bbb-4bb8-aa49-ca550af5ae17', '7a3eea23-e6ca-480c-824e-1d53c755dbd8'),
('ca334824-3fd8-4e73-8ff5-0641ed34b850', '4a6726b1-3694-4df4-89ff-5b2f8a8cb34c', '09b4bd66-9bf4-4aaa-9467-7c48c207db72'),
('cb0b7ebb-a594-4542-a70e-0173726b9c5a', '63601cd8-3f56-4c88-965b-0bbdedd4bc40', 'c2b155cb-085b-41ba-a860-f93f59e089b5'),
('cbe27043-1eee-4624-bfd6-62d5836b1490', '63601cd8-3f56-4c88-965b-0bbdedd4bc40', '291b7161-ad4b-4fa0-8642-e1f6e1620eb1'),
('cbf950c2-252f-49f7-81f1-8f0569abf1e4', 'df04829e-d2d5-4a0d-9fdc-0d97f62446c8', '3892b3df-a080-4afb-b4c9-f7d758674b1d'),
('cd3a0a67-0b5a-49ba-82db-cc1c3ac925e8', '343b7ca7-4f8f-439b-b424-64c1becb7863', '480934b9-6128-41d0-b40e-9513f223af7c'),
('cd7dc908-7aa6-4194-aafb-787313f607b5', '63601cd8-3f56-4c88-965b-0bbdedd4bc40', 'ff3f5a3f-bb92-476f-8926-fbfafb54c3c7'),
('cf6e8178-4df0-4cfc-95a8-e797a4d68998', '76eb0c9b-e051-4118-b5e8-1c60a577078d', '1e9333ef-efaf-49d6-84c7-f59df036d1e7'),
('cfbafb64-9a7a-4f37-a275-2bb0bf59b900', '7955e4c3-3770-4977-ac2a-11112143141a', 'ca7645b1-b3a1-4d62-9979-f1e7893cdf43'),
('cff5af2c-0f64-4f1b-bc73-9c4df7ef5098', '7955e4c3-3770-4977-ac2a-11112143141a', '678b0272-efcd-4c38-b4c0-664ff7444d5d'),
('cff94613-cfc0-4ef1-afcd-3a65b9d70095', '63601cd8-3f56-4c88-965b-0bbdedd4bc40', 'dcf6a510-6fa0-4d0c-9222-03fe89b68e5b'),
('d1b56efd-e195-44fb-9e95-e231f403c705', 'c339b988-e20c-4ba0-98d1-3c140ab8e767', '0d65d542-eb98-4fe9-bb88-d3a9485a3cad'),
('d375743b-8c4a-4451-b2c4-2ca1039224dd', '76eb0c9b-e051-4118-b5e8-1c60a577078d', '1428fd52-10c5-47a2-bba5-004963c33f02'),
('d3af1380-639f-479d-801d-bd3afd88b2f3', 'dc941db1-57b7-4504-b493-e4ab2a439a65', '200642d4-dec5-4831-8b6a-ca261c6979d0'),
('d401d563-58c8-466f-b657-bface6674a1b', '76eb0c9b-e051-4118-b5e8-1c60a577078d', '6b0e9e07-54aa-4d40-ae16-40f0ef9c8ef4'),
('d475b68b-fcf2-4e8d-a8a1-af16e09a73e0', 'f09b690b-29d8-49f7-9f16-3a252d751b90', 'a274733c-de38-422f-8ac1-58be43872cce'),
('d630bcc4-6260-40c9-be8c-89aa8f136239', '7955e4c3-3770-4977-ac2a-11112143141a', '200642d4-dec5-4831-8b6a-ca261c6979d0'),
('d6561a35-5f87-4200-98e5-859479b9a335', '76eb0c9b-e051-4118-b5e8-1c60a577078d', 'a61d0725-429c-48ef-a831-72405ae32ab5'),
('d6616d4c-2ea0-4be9-8476-0d520350b5f4', 'df04829e-d2d5-4a0d-9fdc-0d97f62446c8', '59bd9aa9-3a2f-4120-979f-91d527a9c3fe'),
('d69591d2-bcc4-42ee-bb3a-669fba2b9110', 'df04829e-d2d5-4a0d-9fdc-0d97f62446c8', '80d1445b-5716-4b72-b8b2-c1c27c4dfe00'),
('d7e0986e-a19f-494f-a44f-b19a394035f0', '343b7ca7-4f8f-439b-b424-64c1becb7863', '328a1005-4718-40e8-833a-e12c9f79e07f'),
('d9555ece-eacf-4db9-b1a1-6658cd25b24d', '7955e4c3-3770-4977-ac2a-11112143141a', '44f6271a-3a61-428d-9372-be12d97bff0c'),
('d9d9c3ed-c6a8-45a0-9bc5-cec8665d4a9f', 'aeda5d2c-3c07-4617-81a7-9934d48ac677', 'c6de7cc4-c01e-4573-b8e9-2af95febfcd3'),
('db6fcb81-67a9-4681-a8b7-ffb4f398dcae', 'd869a433-7bbb-4bb8-aa49-ca550af5ae17', '97e463c3-5382-4c86-8f59-0da75e2451e8'),
('dc3fc138-c4c2-4956-a950-ce97d9f8f30c', '4a6726b1-3694-4df4-89ff-5b2f8a8cb34c', '1397e06e-31a7-4c00-afa7-1d02b6490901'),
('de365ecc-aaa6-4183-94d3-6a7d6190ae46', '343b7ca7-4f8f-439b-b424-64c1becb7863', 'bd4e0a26-60aa-4b76-af8b-69354d20988c'),
('df104a83-cb28-4fcb-b4e9-82363f49c6ea', '76eb0c9b-e051-4118-b5e8-1c60a577078d', '480934b9-6128-41d0-b40e-9513f223af7c'),
('df814496-d038-49a1-87ea-ce44d2759a2c', '4a6726b1-3694-4df4-89ff-5b2f8a8cb34c', '1428fd52-10c5-47a2-bba5-004963c33f02'),
('e007e7e7-e8f8-4f66-baa2-5151bada91ab', 'dc941db1-57b7-4504-b493-e4ab2a439a65', '54d9eaf5-f54e-4adb-b90c-212be995442d'),
('e0e0b40e-3d9c-4042-89c0-d63e3ecf6a7e', '7955e4c3-3770-4977-ac2a-11112143141a', '62153603-14c1-4ae4-b4d8-76f9cc095d4a'),
('e145ec54-99f0-4942-ab5c-3884218b0fc8', 'aeda5d2c-3c07-4617-81a7-9934d48ac677', '82dc2551-4232-412b-a657-2d08a4c4c443'),
('e22c1fa0-8d1d-4e1a-bef6-94955f0671a6', 'f09b690b-29d8-49f7-9f16-3a252d751b90', 'a815a61e-e81e-4a0f-9882-c1225240aa6a'),
('e30bf3b5-e881-4159-aec9-bf332f088994', 'df04829e-d2d5-4a0d-9fdc-0d97f62446c8', 'bb0770c4-2de9-49a0-9f42-e964ab04411d'),
('e3b3eb04-7c21-4b33-8193-bda8aca8f34f', '63601cd8-3f56-4c88-965b-0bbdedd4bc40', '25182131-23dd-4516-b764-f28f2863c2c8'),
('e3cac7c6-b1c0-42c1-b9cb-0bfa6fa94b73', '1255f2fa-416a-4b6f-b52c-26fba404c30c', '16cf1058-0af2-4a2e-8d8b-610f7e2f79b5'),
('e4215d12-4586-4911-80fe-f93a67b8ce8c', 'c339b988-e20c-4ba0-98d1-3c140ab8e767', '82355e2f-0726-4958-8918-69d5e5b25f93'),
('e4e0cedd-35ab-4245-b196-fdb3c442ce40', '63601cd8-3f56-4c88-965b-0bbdedd4bc40', '16cf1058-0af2-4a2e-8d8b-610f7e2f79b5'),
('e5484b6c-394c-4084-ac19-e9b7c9fc5c19', 'aeda5d2c-3c07-4617-81a7-9934d48ac677', '935bc18b-0ae7-4ae9-b93b-997b5629a6e5'),
('e54d6f4c-0d09-46e9-979d-30e00b9a692a', 'c339b988-e20c-4ba0-98d1-3c140ab8e767', '9909296f-2eb4-410e-a03a-8f4fee038de4'),
('e96c6129-def9-432c-85c0-18fec05af799', 'aeda5d2c-3c07-4617-81a7-9934d48ac677', 'fefd42ee-88c9-4aea-8b10-6833c1a02f76'),
('e98f4334-0cf7-482a-bf17-6d55e37e6ca6', 'c339b988-e20c-4ba0-98d1-3c140ab8e767', 'fefd42ee-88c9-4aea-8b10-6833c1a02f76'),
('e9a5ce5d-f084-4b1e-ad01-e8d89a61cb30', 'd869a433-7bbb-4bb8-aa49-ca550af5ae17', 'c0a36804-bfaa-475d-bcc9-152730239c07'),
('eb368bbb-8d0b-4f31-be70-0e5c1bc84ddf', '4a6726b1-3694-4df4-89ff-5b2f8a8cb34c', '852e8780-8a59-4d90-8967-dbfa43a8a5f2'),
('eb507c52-9e1a-481c-92d3-4b4c12642041', '63601cd8-3f56-4c88-965b-0bbdedd4bc40', 'ca7645b1-b3a1-4d62-9979-f1e7893cdf43'),
('eb84d408-731d-4286-a005-43619f8b1805', '63601cd8-3f56-4c88-965b-0bbdedd4bc40', '52f8117d-f16f-4878-a8e4-1d335cbb6559'),
('eba737c4-4f6b-46a5-9db4-35215d1b7f0a', '1255f2fa-416a-4b6f-b52c-26fba404c30c', '678b0272-efcd-4c38-b4c0-664ff7444d5d'),
('ecb29c5e-9778-476d-8b61-461484319537', '63601cd8-3f56-4c88-965b-0bbdedd4bc40', 'bd4e0a26-60aa-4b76-af8b-69354d20988c'),
('ed5b064d-af3c-4d59-9c8d-b2cf8ef82a9a', 'f09b690b-29d8-49f7-9f16-3a252d751b90', 'd767a623-48cc-4b5c-979d-d455ce990c07'),
('ed91bf00-a11b-431a-a603-10b846f6bfaf', '7955e4c3-3770-4977-ac2a-11112143141a', '480934b9-6128-41d0-b40e-9513f223af7c'),
('edcf4c7a-9d32-4adb-8744-403042a12f9d', 'df04829e-d2d5-4a0d-9fdc-0d97f62446c8', '4f523253-dd0d-42cb-b646-d7291e4998f3'),
('ee45e9ad-0833-472b-a4c2-30d5678d52ba', '7955e4c3-3770-4977-ac2a-11112143141a', '16cf1058-0af2-4a2e-8d8b-610f7e2f79b5'),
('eeae27ee-f363-4680-94ea-1cef7ab5e016', 'f09b690b-29d8-49f7-9f16-3a252d751b90', '1428fd52-10c5-47a2-bba5-004963c33f02'),
('eed7724e-4f8a-4fb8-9cf6-92e6b8c927bc', 'aeda5d2c-3c07-4617-81a7-9934d48ac677', 'a815a61e-e81e-4a0f-9882-c1225240aa6a'),
('ef1b8e23-8356-4152-ad58-ae7375f42944', 'dc941db1-57b7-4504-b493-e4ab2a439a65', '808e492f-7141-4901-a4bd-af6d497f4351'),
('efca935a-1f87-4f4a-9121-6eea74e0d88b', '7955e4c3-3770-4977-ac2a-11112143141a', 'e7f0c1f0-ed00-4532-a7a3-7775beb34067'),
('f0332647-7fb8-4d80-bc07-ae60ee616f0c', 'c339b988-e20c-4ba0-98d1-3c140ab8e767', '691474b4-1e49-41ad-ab4f-e5f34a3c11f1'),
('f197f10a-b7cb-439f-bff5-0fdfdc085e80', '1255f2fa-416a-4b6f-b52c-26fba404c30c', 'f6d6e0d9-c1d6-4f1d-8b0a-ec1c72fbe316'),
('f3988614-975b-439a-be1c-fd86945d9b2a', '343b7ca7-4f8f-439b-b424-64c1becb7863', '82dc2551-4232-412b-a657-2d08a4c4c443'),
('f3f71a5a-f543-4330-a746-24f0b26f3da1', '343b7ca7-4f8f-439b-b424-64c1becb7863', 'd767a623-48cc-4b5c-979d-d455ce990c07'),
('f4374fd3-b0b2-460d-812e-ca0b1bb7afa6', 'f09b690b-29d8-49f7-9f16-3a252d751b90', '03c249b4-cd9d-4736-9fab-7e8265ab59b0'),
('f588a203-5de9-484a-924a-6d8289cf8738', 'aeda5d2c-3c07-4617-81a7-9934d48ac677', 'a2e898f2-410b-4d04-be24-f23c1aa50f92'),
('f64141f4-ef82-4e1d-bb57-803dc87dbd2f', '4a6726b1-3694-4df4-89ff-5b2f8a8cb34c', 'dcf6a510-6fa0-4d0c-9222-03fe89b68e5b'),
('f6ac91a2-c3cd-4c87-9550-7ef03529548c', 'df04829e-d2d5-4a0d-9fdc-0d97f62446c8', '98aa6225-ad75-4b11-bbca-5ec29418c981'),
('f6ff3156-b204-4cfa-8c3a-d9410120f749', '4a6726b1-3694-4df4-89ff-5b2f8a8cb34c', 'a815a61e-e81e-4a0f-9882-c1225240aa6a'),
('f72cf40d-3e92-48f6-bf8e-bfae525cf119', 'df04829e-d2d5-4a0d-9fdc-0d97f62446c8', 'a950cdde-c26d-45fd-bd40-7d23b93fb9b9'),
('f73704cd-6c11-423d-b05e-9906f51b45c7', 'aeda5d2c-3c07-4617-81a7-9934d48ac677', '808e492f-7141-4901-a4bd-af6d497f4351'),
('f7b2ccb1-db54-40a3-a207-b121bdf73941', 'df04829e-d2d5-4a0d-9fdc-0d97f62446c8', '328a1005-4718-40e8-833a-e12c9f79e07f'),
('f8e5ff50-d191-43ff-9f39-83274516b7f1', 'c339b988-e20c-4ba0-98d1-3c140ab8e767', 'f6d6e0d9-c1d6-4f1d-8b0a-ec1c72fbe316'),
('f95b53bf-3187-4414-a14e-5353b940596d', '4a6726b1-3694-4df4-89ff-5b2f8a8cb34c', 'c6de7cc4-c01e-4573-b8e9-2af95febfcd3'),
('fa162c63-3fbd-42b7-a799-6dfae7439441', 'c339b988-e20c-4ba0-98d1-3c140ab8e767', '97e463c3-5382-4c86-8f59-0da75e2451e8'),
('fa6d1158-4811-4080-a7bc-373050603cd2', '7955e4c3-3770-4977-ac2a-11112143141a', '82dc2551-4232-412b-a657-2d08a4c4c443'),
('fb3ffbc2-1160-4402-8677-9cb6fccd5792', 'df04829e-d2d5-4a0d-9fdc-0d97f62446c8', '82dc2551-4232-412b-a657-2d08a4c4c443'),
('fd0f155f-44ba-4f9d-8b84-d0a572c449d7', '63601cd8-3f56-4c88-965b-0bbdedd4bc40', '28965e21-00a6-4fea-b5df-45c97829da88'),
('fe72d925-3c84-49da-8ea6-381d6b9475c9', 'df04829e-d2d5-4a0d-9fdc-0d97f62446c8', 'dcf6a510-6fa0-4d0c-9222-03fe89b68e5b');


INSERT INTO unsafe_control_action (id, analysis_id, control_action_id, hazard_id, rule_code, `type`) VALUES
('38d1a1bc-804e-4246-adc9-30a704d02c9f', '6cf687f7-0f2d-4f0f-8df4-d3668bdf1a45', '9cd6141a-6dc5-4c72-811d-2b4fea0d9241', '73331fdb-f9a4-4538-b5cf-4a73decdb92e', 'R2', 'NOT_PROVIDED'),
('3b9685e6-00d3-48b6-9062-ec6c5123258b', '6cf687f7-0f2d-4f0f-8df4-d3668bdf1a45', '9cd6141a-6dc5-4c72-811d-2b4fea0d9241', '48552ec1-1d4e-474b-8808-77658967b8cb', 'R1', 'TOO_EARLY'),
('7d5e9f7e-4506-4970-ad30-3b8392faf8c6', '6cf687f7-0f2d-4f0f-8df4-d3668bdf1a45', '9cd6141a-6dc5-4c72-811d-2b4fea0d9241', '48552ec1-1d4e-474b-8808-77658967b8cb', 'R1', 'PROVIDED'),
('b6c8ce31-6fbd-4917-bf16-c816e2f902f0', '6cf687f7-0f2d-4f0f-8df4-d3668bdf1a45', '9cd6141a-6dc5-4c72-811d-2b4fea0d9241', '48552ec1-1d4e-474b-8808-77658967b8cb', 'R1', 'TOO_LATE'),
('c139f46b-119c-4a88-940a-257c2caea666', '6cf687f7-0f2d-4f0f-8df4-d3668bdf1a45', '9cd6141a-6dc5-4c72-811d-2b4fea0d9241', '48552ec1-1d4e-474b-8808-77658967b8cb', 'R1', 'APPLIED_TOO_LONG'),
('cc2a71d3-d9f0-4211-a0e0-e61966681bde', '6cf687f7-0f2d-4f0f-8df4-d3668bdf1a45', '9cd6141a-6dc5-4c72-811d-2b4fea0d9241', '48552ec1-1d4e-474b-8808-77658967b8cb', 'R1', 'STOPPED_TOO_SOON'),
('cf462eb8-346e-4ed7-b1dc-4cd48f513b61', '6cf687f7-0f2d-4f0f-8df4-d3668bdf1a45', '9cd6141a-6dc5-4c72-811d-2b4fea0d9241', '73331fdb-f9a4-4538-b5cf-4a73decdb92e', '', 'TOO_LATE');


INSERT INTO rule (id, analysis_id, code, control_action_id, hazard_id, name, already_applied) VALUES
('6f58b2fc-2b16-4db6-bb18-aa9dcab2083d', '6cf687f7-0f2d-4f0f-8df4-d3668bdf1a45', 'R2', '9cd6141a-6dc5-4c72-811d-2b4fea0d9241', '73331fdb-f9a4-4538-b5cf-4a73decdb92e', 'Glucose level above recommended', 0),
('8ce03bbd-0eb0-4770-871c-01c1fb440a46', '6cf687f7-0f2d-4f0f-8df4-d3668bdf1a45', 'R1', '9cd6141a-6dc5-4c72-811d-2b4fea0d9241', '48552ec1-1d4e-474b-8808-77658967b8cb', 'Glucose level below recommended', 0);


INSERT INTO rule_state (id, state_id, rule_id) VALUES
('3bc14a9b-3322-4f5b-8b74-75322eb403a3', 'f09b690b-29d8-49f7-9f16-3a252d751b90', '8ce03bbd-0eb0-4770-871c-01c1fb440a46'),
('c1e82e78-eac2-450f-9f97-8e1480c1eb71', '63601cd8-3f56-4c88-965b-0bbdedd4bc40', '6f58b2fc-2b16-4db6-bb18-aa9dcab2083d');


INSERT INTO rule_type (rule_id, `type`) VALUES
('8ce03bbd-0eb0-4770-871c-01c1fb440a46', 'TOO_LATE'),
('8ce03bbd-0eb0-4770-871c-01c1fb440a46', 'TOO_EARLY'),
('8ce03bbd-0eb0-4770-871c-01c1fb440a46', 'APPLIED_TOO_LONG'),
('8ce03bbd-0eb0-4770-871c-01c1fb440a46', 'PROVIDED'),
('8ce03bbd-0eb0-4770-871c-01c1fb440a46', 'STOPPED_TOO_SOON'),
('6f58b2fc-2b16-4db6-bb18-aa9dcab2083d', 'NOT_PROVIDED');


INSERT INTO unsafe_control_action_state (id, state_id, unsafe_control_action_id) VALUES
('30c7c672-615b-4619-a394-9d24efa07314', 'c339b988-e20c-4ba0-98d1-3c140ab8e767', 'cf462eb8-346e-4ed7-b1dc-4cd48f513b61'),
('31b38a4a-458e-4f15-8a2e-76bf4892b7cb', '63601cd8-3f56-4c88-965b-0bbdedd4bc40', '38d1a1bc-804e-4246-adc9-30a704d02c9f'),
('3f4033e7-6d93-43df-bdeb-2c63ee5d8960', 'f09b690b-29d8-49f7-9f16-3a252d751b90', 'cc2a71d3-d9f0-4211-a0e0-e61966681bde'),
('60b5beba-2676-4774-bbc7-c142007bf6d3', '63601cd8-3f56-4c88-965b-0bbdedd4bc40', 'cf462eb8-346e-4ed7-b1dc-4cd48f513b61'),
('7a6059a3-5709-4cd5-9618-2132c6989aaa', 'f09b690b-29d8-49f7-9f16-3a252d751b90', '3b9685e6-00d3-48b6-9062-ec6c5123258b'),
('87057248-24d3-4c2e-b7d6-277a6dc55f1d', 'f09b690b-29d8-49f7-9f16-3a252d751b90', '7d5e9f7e-4506-4970-ad30-3b8392faf8c6'),
('8bef59da-317b-4123-b2cf-f77d410a6deb', 'f09b690b-29d8-49f7-9f16-3a252d751b90', 'b6c8ce31-6fbd-4917-bf16-c816e2f902f0'),
('9121a3d3-c57d-4b8f-b515-4e5895b56052', '1255f2fa-416a-4b6f-b52c-26fba404c30c', 'cf462eb8-346e-4ed7-b1dc-4cd48f513b61'),
('ad9adb4c-eb26-43a4-a72f-ff9647a5911e', '4a6726b1-3694-4df4-89ff-5b2f8a8cb34c', 'cf462eb8-346e-4ed7-b1dc-4cd48f513b61'),
('bc1d0605-089b-452b-a47f-69916df740d1', 'aeda5d2c-3c07-4617-81a7-9934d48ac677', 'cf462eb8-346e-4ed7-b1dc-4cd48f513b61'),
('e99c6783-6ee6-4e21-aa9b-976c2550a66d', 'f09b690b-29d8-49f7-9f16-3a252d751b90', 'c139f46b-119c-4a88-940a-257c2caea666');

INSERT INTO safety_constraint (id, uca_id) VALUES
('26a74086-9def-441a-b1f4-1257ebdf50ef', '38d1a1bc-804e-4246-adc9-30a704d02c9f'),
('48fdb5fc-b320-4859-ab64-488969b29d16', 'c139f46b-119c-4a88-940a-257c2caea666'),
('60dca4af-43e1-49b3-8b2f-35672b96c046', 'b6c8ce31-6fbd-4917-bf16-c816e2f902f0'),
('7db912b1-6813-4736-8725-54088a5a2ef4', 'cc2a71d3-d9f0-4211-a0e0-e61966681bde'),
('b74b21b1-644e-4393-91a3-959b88280bde', '3b9685e6-00d3-48b6-9062-ec6c5123258b'),
('da1abd04-321f-4d96-96e7-00b1b9a8dd2e', 'cf462eb8-346e-4ed7-b1dc-4cd48f513b61'),
('f5fd69eb-85a1-458d-b1ed-e69f98e71e6d', '7d5e9f7e-4506-4970-ad30-3b8392faf8c6');