SET @analysis_id = '';

INSERT INTO components (dtype, id, border, is_visible, name, father_id, code, analysis_id) VALUES
("Environment",1,1,0,"Environment",NULL,"Env",@analysis_id),
("Controller",46,1,1,"ATC Manager",NULL,"C.01",@analysis_id),
("Controller",47,1,1,"Controller A",NULL,"C.02",@analysis_id),
("Controller",48,0,1,"Controller B",NULL,"C.03",@analysis_id),
("Controller",49,1,1,"ITP Flight Crew",NULL,"C.04",@analysis_id),
("Controller",50,1,1,"Ref Flight Crew",NULL,"C.05",@analysis_id),
("Controller",51,1,1,"ITP Aircraft",NULL,"C.06",@analysis_id),
("Controller",52,1,1,"ITP Equipment",51,"C.07",@analysis_id),
("Controller",53,1,1,"TCAS/Transponder",51,"C.08",@analysis_id),
("Controller",54,1,1,"GNSSU Receiver",51,"C.09",@analysis_id),
("Controller",55,1,1,"ADS-B",51,"C.10",@analysis_id),
("Controller",56,1,1,"Reference Aicraft",NULL,"C.11",@analysis_id),
("Controller",57,1,1,"TCAS/Transponder",56,"C.12",@analysis_id),
("Sensor",58,1,1,"Other Sensors",56,"S.1",@analysis_id),
("Controller",59,1,1,"ADS-B",56,"C.13",@analysis_id),
("Controller",60,1,1,"GNSSU Receiver",56,"C.14",@analysis_id),
("ControlledProcess",61,1,1,"GPS Constellation",NULL,"CP.1",@analysis_id);


INSERT INTO connections (id, style, sourceId, targetId, code, analysis_id) VALUES
(68,1,1,46,"Cn.01",@analysis_id),
(69,1,46,1,"Cn.02",@analysis_id),
(70,1,46,47,"Cn.03",@analysis_id),
(71,1,47,46,"Cn.04",@analysis_id),
(72,1,47,49,"Cn.05",@analysis_id),
(73,1,49,47,"Cn.06",@analysis_id),
(74,1,49,51,"Cn.07",@analysis_id),
(75,1,51,49,"Cn.08",@analysis_id),
(76,1,53,57,"Cn.09",@analysis_id),
(77,1,57,53,"Cn.10",@analysis_id),
(78,1,54,55,"Cn.11",@analysis_id),
(79,1,59,55,"Cn.12",@analysis_id),
(80,1,61,54,"Cn.13",@analysis_id),
(81,0,46,48,"Cn.14",@analysis_id),
(82,0,48,46,"Cn.15",@analysis_id),
(83,0,47,48,"Cn.16",@analysis_id),
(84,0,48,47,"Cn.17",@analysis_id),
(85,0,47,50,"Cn.18",@analysis_id),
(86,0,50,47,"Cn.19",@analysis_id),
(87,0,48,49,"Cn.20",@analysis_id),
(88,0,48,50,"Cn.21",@analysis_id),
(89,1,50,56,"Cn.22",@analysis_id),
(90,1,56,50,"Cn.23",@analysis_id),
(91,1,60,59,"Cn.24",@analysis_id),
(92,1,61,60,"Cn.25",@analysis_id);


INSERT INTO connection_actions (id, connection_action_type, name, code, connection_id) VALUES
(140,3,"Policy","PI.1",68),
(141,4,"Certification Information","PO.1",69),
(142,0,"Instruction","CA.1",70),
(143,0,"Procedures","CA.2",70),
(144,0,"Training, Reviews","CA.3",70),
(145,1,"Status Reports","FB.1",71),
(146,1,"Incident Reports","FB.2",71),
(147,0,"Flight","CA.4",72),
(148,0,"Instructions","CA.5",72),
(149,0,"ITP Clearance","CA.6",72),
(150,1,"Request Clearance","FB.3",73),
(151,1,"Transcribe ITP Info","FB.4",73),
(152,0,"Maneuver Command","CA.7",74),
(153,1,"Attitude Information","FB.5",75),
(154,1,"TCAS Interrogations","FB.6",77),
(155,1,"Ref Aircraft","FB.7",79),
(156,1,"State(speed, heading, alt, etc)","FB.8",79),
(157,1,"Information","FB.9",79),
(158,1,"Time/State Data","FB.10",80),
(159,2,"Airspace Transfer","CC.1",83),
(160,2,"Airspace Transfer","CC.2",84),
(161,2,"Flight Instructions","CC.3",85),
(162,2,"Request/Transmit Information","CC.4",86),
(163,2,"Flight Instructions","CC.5",87),
(164,0,"Maneuver Command","CA.8",89),
(165,1,"Attitude Information","FB.11",90);