SET @analysis_id = '6cf687f7-0f2d-4f0f-8df4-d3668bdf1a45';

INSERT INTO components (dtype, id, analysis_id, border, code, is_visible, name, father_id) VALUES
('Controller', '64304076-18e7-42ca-8eb2-3bd36b5cf4ca', @analysis_id, 1, 'C.1', 1, 'Patient', NULL),
('Controller', 'ed974694-49c9-4701-9a69-f78e1ed1821c', @analysis_id, 1, 'C.2', 1, 'Mobile Device + App', NULL),
('Controller', 'ce5f2a49-4d22-4405-b0e5-befe022d9b27', @analysis_id, 1, 'C.3', 1, 'Apple Store / Google Play', NULL),
('Controller', '67857dc1-ae1c-45c1-a36e-f01376d53769', @analysis_id, 1, 'C.4', 1, 'Insulin Pump', NULL),
('ControlledProcess', '8d666300-6ab4-4022-8d05-2e10ec23680f', @analysis_id, 1, 'CP.1', 1, 'Patient’s Body', NULL);



INSERT INTO connections (id, analysis_id, code, style, source_id, target_id) VALUES
('4aff33be-0c60-4b16-a6db-9739f8317069', @analysis_id, 'Cn.1', 1, '64304076-18e7-42ca-8eb2-3bd36b5cf4ca', 'ed974694-49c9-4701-9a69-f78e1ed1821c'),
('a36e257f-379b-473e-9920-9ebe431ef858', @analysis_id, 'Cn.2', 1, '64304076-18e7-42ca-8eb2-3bd36b5cf4ca', '67857dc1-ae1c-45c1-a36e-f01376d53769'),
('ba8d3d97-258e-4e7d-8c35-34dd105c0aa0', @analysis_id, 'Cn.3', 1, 'ed974694-49c9-4701-9a69-f78e1ed1821c', 'ce5f2a49-4d22-4405-b0e5-befe022d9b27'),
('85e4a291-5bfd-4a3c-afc0-e08c87c0b8ea', @analysis_id, 'Cn.4', 1, 'ed974694-49c9-4701-9a69-f78e1ed1821c', '67857dc1-ae1c-45c1-a36e-f01376d53769'),
('7d1c075f-94a2-4902-863f-2522989ee348', @analysis_id, 'Cn.5', 1, 'ce5f2a49-4d22-4405-b0e5-befe022d9b27', 'ed974694-49c9-4701-9a69-f78e1ed1821c'),
('a0c9e6c9-7116-4901-9c6c-19d1667da5d5', @analysis_id, 'Cn.6', 1, '67857dc1-ae1c-45c1-a36e-f01376d53769', '8d666300-6ab4-4022-8d05-2e10ec23680f'),
('562c1244-660d-4845-b099-065bd67bc8dc', @analysis_id, 'Cn.7', 1, '8d666300-6ab4-4022-8d05-2e10ec23680f', '67857dc1-ae1c-45c1-a36e-f01376d53769'),
('e3093231-2ac3-41c5-8640-4ca20bc62f25', @analysis_id, 'Cn.8', 1, '67857dc1-ae1c-45c1-a36e-f01376d53769', 'ed974694-49c9-4701-9a69-f78e1ed1821c'),
('1d0d40cb-0881-4937-98e6-9d3b022a2f74', @analysis_id, 'Cn.9', 1, '67857dc1-ae1c-45c1-a36e-f01376d53769', '64304076-18e7-42ca-8eb2-3bd36b5cf4ca'),
('8f106ead-43f7-4119-854b-72d5fb012001', @analysis_id, 'Cn.10', 1, 'ed974694-49c9-4701-9a69-f78e1ed1821c', '64304076-18e7-42ca-8eb2-3bd36b5cf4ca');



INSERT INTO connection_actions (id, code, connection_action_type, name, connection_id) VALUES
('a74f0dd6-1508-49d7-b96a-fd9683aac5b9', 'CA.1', 0, 'Start insulin pump app software', '4aff33be-0c60-4b16-a6db-9739f8317069'),
('febd03ba-392d-44c6-b5b8-95a39909b235', 'CA.2', 0, 'Stop insulin pump app software', '4aff33be-0c60-4b16-a6db-9739f8317069'),
('fe65a724-a3be-4137-a089-55524c0a4a7d', 'CA.3', 0, 'Start pumping insulin', '4aff33be-0c60-4b16-a6db-9739f8317069'),
('d3d1abe9-d272-4e8e-bc18-0f6495112ee0', 'CA.4', 0, 'Stop pumping insulin', '4aff33be-0c60-4b16-a6db-9739f8317069'),
('3aac4290-cbce-408b-b72a-137fe38dd0d7', 'CA.5', 0, 'Initial configuration', '4aff33be-0c60-4b16-a6db-9739f8317069'),
('a52cb1ab-2e3e-4cae-9301-6d55fa43f8f5', 'CA.6', 0, 'Set maximum glucose threshold', '4aff33be-0c60-4b16-a6db-9739f8317069'),
('b39c23fc-afd3-43b3-b175-70cff5b4acb5', 'CA.7', 0, 'Set minimum glucose threshold', '4aff33be-0c60-4b16-a6db-9739f8317069'),
('effbeb0d-4ddc-40b8-94f7-c7bb57de8524', 'CA.8', 0, 'Increase basal rate', '4aff33be-0c60-4b16-a6db-9739f8317069'),
('9ea43196-3da8-4091-b1c2-552677773d0e', 'CA.9', 0, 'Reduce basal rate', '4aff33be-0c60-4b16-a6db-9739f8317069'),
('74bc6377-6c8a-4dda-adbb-f75620751d57', 'CA.10', 0, 'Input bolus (carb amount)', '4aff33be-0c60-4b16-a6db-9739f8317069'),
('f8fdddeb-fdb0-408b-abe8-fbdaece2f218', 'CA.11', 0, 'Activate notification of new release/patch', '4aff33be-0c60-4b16-a6db-9739f8317069'),
('6708eb98-1f99-4db0-8891-40d9c05154b5', 'CA.12', 0, 'Pair Mobile Device with Insulin pump', '4aff33be-0c60-4b16-a6db-9739f8317069'),
('702ed13f-9e96-4614-ae87-7e43447a492d', 'CA.13', 0, 'Unpair Mobile Device with Insulin pump', '4aff33be-0c60-4b16-a6db-9739f8317069'),
('afc80818-87c1-45c4-9545-c292806f567f', 'CA.14', 0, 'Initial configuration', '85e4a291-5bfd-4a3c-afc0-e08c87c0b8ea'),
('9039b4a2-bb44-4a99-b222-4f1314210574', 'CA.15', 0, 'Increase basal rate', '85e4a291-5bfd-4a3c-afc0-e08c87c0b8ea'),
('2f7be034-2969-41bb-98dc-f694999197e9', 'CA.16', 0, 'Reduce basal rate', '85e4a291-5bfd-4a3c-afc0-e08c87c0b8ea'),
('b4aa61c2-fbb5-4e8b-ba43-2191dd376dfd', 'CA.17', 0, 'Set basal rate', '85e4a291-5bfd-4a3c-afc0-e08c87c0b8ea'),
('e48122c1-b60a-4879-9456-714245c7add2', 'CA.18', 0, 'Input bolus', '85e4a291-5bfd-4a3c-afc0-e08c87c0b8ea'),
('7651c9c2-0258-46cd-8240-6eb80fc26e17', 'CA.19', 0, 'Start pumping insulin', '85e4a291-5bfd-4a3c-afc0-e08c87c0b8ea'),
('e467c81b-5dff-4d39-b6b2-fe9c3231cec1', 'CA.20', 0, 'Start pumping insulin', '85e4a291-5bfd-4a3c-afc0-e08c87c0b8ea'),
('7d0faba1-8fca-4e86-8fb8-969c8cda450e', 'CA.21', 0, 'Connect', '85e4a291-5bfd-4a3c-afc0-e08c87c0b8ea'),
('92aabd0c-2b6b-4144-845d-9078f7deb562', 'CA.22', 0, 'Disconnect', '85e4a291-5bfd-4a3c-afc0-e08c87c0b8ea'),
('641adc9e-14e0-4725-bbd8-9979cd00e559', 'CA.23', 0, 'Start insulin pump', 'a36e257f-379b-473e-9920-9ebe431ef858'),
('b498bedf-0d20-4787-8940-6d55b03cf5dc', 'CA.24', 0, 'Stop Insulin Pump', 'a36e257f-379b-473e-9920-9ebe431ef858'),
('13e00197-4cfb-4b1e-8ffd-9311ebbec3ef', 'CA.25', 0, 'Replace batteries', 'a36e257f-379b-473e-9920-9ebe431ef858'),
('da9aebc2-d82c-41de-a026-f6102dd82916', 'CA.26', 0, 'Refill reservoir', 'a36e257f-379b-473e-9920-9ebe431ef858'),
('9cd6141a-6dc5-4c72-811d-2b4fea0d9241', 'CA.27', 0, 'Pump insulin', 'a0c9e6c9-7116-4901-9c6c-19d1667da5d5'),
('24cc530e-df9e-4576-9f88-608cbcb1d555', 'CA.28', 0, 'Stop pumping insulin', 'a0c9e6c9-7116-4901-9c6c-19d1667da5d5'),
('bce7e8fe-979a-409a-86db-87988cd7574d', 'CA.29', 0, 'Activate notifications of new release/patch', 'ba8d3d97-258e-4e7d-8c35-34dd105c0aa0'),
('0e82b75a-df4d-425b-be7f-e9398ad14b34', 'CA.30', 0, 'Update insulin pump software', 'ba8d3d97-258e-4e7d-8c35-34dd105c0aa0'),
('5c7ec6fe-f29a-4123-ad92-e5caeddf6517', 'FB.1', 1, 'Glucose level', '562c1244-660d-4845-b099-065bd67bc8dc'),
('40b7598e-27da-45fc-933a-ac108d22b27c', 'FB.2', 1, 'Battery level', 'e3093231-2ac3-41c5-8640-4ca20bc62f25'),
('cc376449-f184-4a8d-b721-4c8a7a21f3e8', 'FB.3', 1, 'Reservoir level', 'e3093231-2ac3-41c5-8640-4ca20bc62f25'),
('64980130-1f5e-4b81-80b3-0e852daf30e2', 'FB.4', 1, 'Pump operational status', 'e3093231-2ac3-41c5-8640-4ca20bc62f25'),
('68290240-60c0-49df-bec9-3c042fb89a40', 'FB.5', 1, 'Basal rate', 'e3093231-2ac3-41c5-8640-4ca20bc62f25'),
('420b4931-c24f-4144-a45e-fd0623c2a0f9', 'FB.6', 1, 'Glucose level', 'e3093231-2ac3-41c5-8640-4ca20bc62f25'),
('21b3dd80-c072-4a95-8f53-27ac1d100a7a', 'FB.7', 1, 'Notify new release/patch', '7d1c075f-94a2-4902-863f-2522989ee348'),
('1a0cd664-3c0b-411c-89c1-9205a8e3da5a', 'FB.8', 1, 'Minimum reservoir level', '1d0d40cb-0881-4937-98e6-9d3b022a2f74'),
('35db485d-677c-40a0-af49-58cf1fccae4f', 'FB.9', 1, 'Reservoir level', '1d0d40cb-0881-4937-98e6-9d3b022a2f74'),
('26e8ad90-9a13-40bc-993f-ae488af42679', 'FB.10', 1, 'Minimum battery level', '1d0d40cb-0881-4937-98e6-9d3b022a2f74'),
('09012358-30f2-49d9-af85-dcb2bb1bf91c', 'FB.11', 1, 'Battery level', '1d0d40cb-0881-4937-98e6-9d3b022a2f74'),
('0aa9478a-4aef-4bc3-8f82-cd04d0405ce8', 'FB.12', 1, 'Alert indicator', '1d0d40cb-0881-4937-98e6-9d3b022a2f74'),
('16991e23-8034-4fd5-afd1-7d020855191b', 'FB.13', 1, 'Power On/Off indicator', '1d0d40cb-0881-4937-98e6-9d3b022a2f74'),
('b6a9c89c-197e-40d9-b566-ab49502037b8', 'FB.14', 1, 'Is App running?', '8f106ead-43f7-4119-854b-72d5fb012001'),
('da57b223-768e-4603-bd60-5bf5a3266258', 'FB.15', 1, 'Is first use?', '8f106ead-43f7-4119-854b-72d5fb012001'),
('9fd29ec5-59f2-4221-ae20-c313ece89bdf', 'FB.16', 1, 'Maximum glucose threshold', '8f106ead-43f7-4119-854b-72d5fb012001'),
('8c2d31e2-e068-4732-b38b-f3d23215ae20', 'FB.17', 1, 'Minimum glucose threshold', '8f106ead-43f7-4119-854b-72d5fb012001'),
('156a8bf4-07b2-429f-9369-fd31c12dbb72', 'FB.18', 1, 'Basal rate', '8f106ead-43f7-4119-854b-72d5fb012001'),
('c83c6a45-0a4d-4af8-ac93-236f9f8b81ac', 'FB.19', 1, 'Reservoir level', '8f106ead-43f7-4119-854b-72d5fb012001'),
('d3c891ee-541d-4e9e-b5f5-ec86d49d0d93', 'FB.20', 1, 'Battery level', '8f106ead-43f7-4119-854b-72d5fb012001'),
('cc90b4cf-ba2f-4d15-8388-5050869a231d', 'FB.21', 1, 'Pump operational status', '8f106ead-43f7-4119-854b-72d5fb012001'),
('1044295c-5798-4884-85a7-ab5475b4a7db', 'FB.22', 1, 'New release/patch?', '8f106ead-43f7-4119-854b-72d5fb012001'),
('df92a364-3782-4f05-8e91-9a693d61e5dd', 'FB.23', 1, 'Connection status', '8f106ead-43f7-4119-854b-72d5fb012001'),
('eb612652-fe55-4075-b363-443051e2a0a5', 'FB.24', 1, 'Date last update', '8f106ead-43f7-4119-854b-72d5fb012001'),
('dbb1eac7-155c-4d58-ae5d-89c625b4de3d', 'FB.25', 1, 'Glucose level', '8f106ead-43f7-4119-854b-72d5fb012001');