SET @analysis_id = '52a0730f-15f7-472e-b82e-1936394e49e3';

INSERT INTO components (dtype, id, border, is_visible, name, father_id, code, analysis_id) VALUES
("Environment","f402c8d6-84bf-426f-bd04-d43ef8975dd3",1,0,"Environment",NULL,"Env",@analysis_id),
("Controller","68ab19d9-a6ad-4cdf-bd0e-eff6c69018c7",1,1,"ATC Manager",NULL,"C.01",@analysis_id),
("Controller","67901a03-53ed-461b-9d89-ca80e52d5b52",1,1,"Controller A",NULL,"C.02",@analysis_id),
("Controller","ce42165a-29b9-4444-af33-d97e4f7a96c8",0,1,"Controller B",NULL,"C.03",@analysis_id),
("Controller","6de3d936-dcd4-4d4b-a956-202c526e3713",1,1,"ITP Flight Crew",NULL,"C.04",@analysis_id),
("Controller","3b01742b-aab5-41da-a1fa-d132c933a717",1,1,"Ref Flight Crew",NULL,"C.05",@analysis_id),
("Controller","0b49fe37-c120-42a1-9262-7eeb7f0b31d7",1,1,"ITP Aircraft",NULL,"C.06",@analysis_id),
("Controller","21733f1e-ff63-4bb3-9693-24e1badbb32f",1,1,"ITP Equipment","0b49fe37-c120-42a1-9262-7eeb7f0b31d7","C.07",@analysis_id),
("Controller","06ca3811-9cf6-45ee-8501-ef0f59aa4a67",1,1,"TCAS/Transponder","0b49fe37-c120-42a1-9262-7eeb7f0b31d7","C.08",@analysis_id),
("Controller","8f61be6d-daeb-4096-8483-9228791bd678",1,1,"GNSSU Receiver","0b49fe37-c120-42a1-9262-7eeb7f0b31d7","C.09",@analysis_id),
("Controller","4a756c3b-8511-4114-940e-1d6061e5b805",1,1,"ADS-B","0b49fe37-c120-42a1-9262-7eeb7f0b31d7","C.10",@analysis_id),
("Controller","b9386df3-1d36-4841-9dd9-230db5b73db3",1,1,"Reference Aicraft",NULL,"C.11",@analysis_id),
("Controller","16a371e1-7edb-4625-88ac-3381e1bdd713",1,1,"TCAS/Transponder","b9386df3-1d36-4841-9dd9-230db5b73db3","C.12",@analysis_id),
("Sensor","fde98433-5393-449a-9dfe-8ade0e0316a5",1,1,"Other Sensors","b9386df3-1d36-4841-9dd9-230db5b73db3","S.01",@analysis_id),
("Controller","84c6d203-98da-4e67-befe-bb6c9e77b1c2",1,1,"ADS-B","b9386df3-1d36-4841-9dd9-230db5b73db3","C.13",@analysis_id),
("Controller","3af8a1ab-14bb-4da9-9098-34f109b0b841",1,1,"GNSSU Receiver","b9386df3-1d36-4841-9dd9-230db5b73db3","C.14",@analysis_id),
("ControlledProcess","51204069-a7f5-4185-b25b-f57f32ac7647",1,1,"GPS Constellation",NULL,"CP.01",@analysis_id);


INSERT INTO connections (id, style, source_id, target_id, code, analysis_id) VALUES
("dd509273-9b91-46b4-820c-8a8261aa433d",1,"f402c8d6-84bf-426f-bd04-d43ef8975dd3","68ab19d9-a6ad-4cdf-bd0e-eff6c69018c7","Cn.01",@analysis_id),
("d5caf737-1af4-4ce1-bb96-2423d417448d",1,"68ab19d9-a6ad-4cdf-bd0e-eff6c69018c7","f402c8d6-84bf-426f-bd04-d43ef8975dd3","Cn.02",@analysis_id),
("1f29a4cb-b3f4-4d8e-840a-1357b744d3a5",1,"68ab19d9-a6ad-4cdf-bd0e-eff6c69018c7","67901a03-53ed-461b-9d89-ca80e52d5b52","Cn.03",@analysis_id),
("c1bbc14a-bf06-4c0e-b4a7-3ef2a8c1d5eb",1,"67901a03-53ed-461b-9d89-ca80e52d5b52","68ab19d9-a6ad-4cdf-bd0e-eff6c69018c7","Cn.04",@analysis_id),
("5be21c42-f62e-4469-912a-896acc88e089",1,"67901a03-53ed-461b-9d89-ca80e52d5b52","6de3d936-dcd4-4d4b-a956-202c526e3713","Cn.05",@analysis_id),
("e56c0435-7ffe-43d2-ba75-5ef0a63efe05",1,"6de3d936-dcd4-4d4b-a956-202c526e3713","67901a03-53ed-461b-9d89-ca80e52d5b52","Cn.06",@analysis_id),
("7fe747ac-8fc1-44de-95ce-f5574bfd7cc7",1,"6de3d936-dcd4-4d4b-a956-202c526e3713","0b49fe37-c120-42a1-9262-7eeb7f0b31d7","Cn.07",@analysis_id),
("6c99e9b7-7033-4278-937a-11f5d1b939fe",1,"0b49fe37-c120-42a1-9262-7eeb7f0b31d7","6de3d936-dcd4-4d4b-a956-202c526e3713","Cn.08",@analysis_id),
("c959790c-f52b-48b9-9cd0-a9f03b49e941",1,"06ca3811-9cf6-45ee-8501-ef0f59aa4a67","16a371e1-7edb-4625-88ac-3381e1bdd713","Cn.09",@analysis_id),
("93b4833a-3c9b-49c9-b8f6-86e55ada6150",1,"16a371e1-7edb-4625-88ac-3381e1bdd713","06ca3811-9cf6-45ee-8501-ef0f59aa4a67","Cn.10",@analysis_id),
("22d5eb0e-40c3-4b46-8a55-f941d5a8ac0a",1,"8f61be6d-daeb-4096-8483-9228791bd678","4a756c3b-8511-4114-940e-1d6061e5b805","Cn.11",@analysis_id),
("be99db58-1857-4b96-a4cf-2e1c14e5352c",1,"84c6d203-98da-4e67-befe-bb6c9e77b1c2","4a756c3b-8511-4114-940e-1d6061e5b805","Cn.12",@analysis_id),
("61d813eb-8829-40e8-8fad-ef3f33138758",1,"51204069-a7f5-4185-b25b-f57f32ac7647","8f61be6d-daeb-4096-8483-9228791bd678","Cn.13",@analysis_id),
("60b5ed34-6b1e-4487-bfd8-f730241086ac",0,"68ab19d9-a6ad-4cdf-bd0e-eff6c69018c7","ce42165a-29b9-4444-af33-d97e4f7a96c8","Cn.14",@analysis_id),
("0fb696b2-5720-44ad-88cd-9355b98e7cd7",0,"ce42165a-29b9-4444-af33-d97e4f7a96c8","68ab19d9-a6ad-4cdf-bd0e-eff6c69018c7","Cn.15",@analysis_id),
("6992e642-5aa3-4d43-8e89-da65e3d46212",0,"67901a03-53ed-461b-9d89-ca80e52d5b52","ce42165a-29b9-4444-af33-d97e4f7a96c8","Cn.16",@analysis_id),
("3bec48bb-6cad-428c-9634-8f8727353506",0,"ce42165a-29b9-4444-af33-d97e4f7a96c8","67901a03-53ed-461b-9d89-ca80e52d5b52","Cn.17",@analysis_id),
("80c11093-3d3f-474c-b2cf-7253accb09f1",0,"67901a03-53ed-461b-9d89-ca80e52d5b52","3b01742b-aab5-41da-a1fa-d132c933a717","Cn.18",@analysis_id),
("7a9ad512-8515-4f4d-999e-08ae5553e462",0,"3b01742b-aab5-41da-a1fa-d132c933a717","67901a03-53ed-461b-9d89-ca80e52d5b52","Cn.19",@analysis_id),
("f00bbac5-d9c5-4a26-aaff-9e83ec91a0ef",0,"ce42165a-29b9-4444-af33-d97e4f7a96c8","6de3d936-dcd4-4d4b-a956-202c526e3713","Cn.20",@analysis_id),
("7d1886b4-4d96-49d9-8866-eb17b13fa3d5",0,"ce42165a-29b9-4444-af33-d97e4f7a96c8","3b01742b-aab5-41da-a1fa-d132c933a717","Cn.21",@analysis_id),
("32bdb929-4d6a-44fa-93f8-a0de60ceec40",1,"3b01742b-aab5-41da-a1fa-d132c933a717","b9386df3-1d36-4841-9dd9-230db5b73db3","Cn.22",@analysis_id),
("bdb6a042-d220-42f2-83cf-92409e0a4434",1,"b9386df3-1d36-4841-9dd9-230db5b73db3","3b01742b-aab5-41da-a1fa-d132c933a717","Cn.23",@analysis_id),
("74e40cb1-d75f-4480-b96e-07c6b3915101",1,"3af8a1ab-14bb-4da9-9098-34f109b0b841","84c6d203-98da-4e67-befe-bb6c9e77b1c2","Cn.24",@analysis_id),
("860d4837-261f-4c9e-9817-e81fddd3249f",1,"51204069-a7f5-4185-b25b-f57f32ac7647","3af8a1ab-14bb-4da9-9098-34f109b0b841","Cn.25",@analysis_id);


INSERT INTO connection_actions (id, connection_action_type, name, code, connection_id) VALUES
("701e1638-bf0b-43e7-a791-b7a19721737a",3,"Policy","PI.01","dd509273-9b91-46b4-820c-8a8261aa433d"),
("b7bbd808-975e-435a-8091-ec7848733baa",4,"Certification Information","PO.01","d5caf737-1af4-4ce1-bb96-2423d417448d"),
("ac7e2503-406f-48d0-9afd-f5d961db405e",0,"Instruction","CA.01","1f29a4cb-b3f4-4d8e-840a-1357b744d3a5"),
("69c3d368-8c64-4cb2-99fe-28c9f55f0bfc",0,"Procedures","CA.02","1f29a4cb-b3f4-4d8e-840a-1357b744d3a5"),
("c43f73fb-69e8-4663-b37a-518e65c648ed",0,"Training, Reviews","CA.03","1f29a4cb-b3f4-4d8e-840a-1357b744d3a5"),
("19f23f68-930c-422d-8f7d-3a4c9cb38ed1",1,"Status Reports","FB.01","c1bbc14a-bf06-4c0e-b4a7-3ef2a8c1d5eb"),
("aa6337e0-dd53-4a5a-8040-352e0a2874b1",1,"Incident Reports","FB.02","c1bbc14a-bf06-4c0e-b4a7-3ef2a8c1d5eb"),
("edc837cb-8cf7-4276-8dd6-52ca9e65538c",0,"Flight","CA.04","5be21c42-f62e-4469-912a-896acc88e089"),
("97b241bb-cc0b-4739-a20d-2cb08a9d6ad0",0,"Instructions","CA.05","5be21c42-f62e-4469-912a-896acc88e089"),
("96534c24-e3ab-403b-adaa-ad5bc63a4b60",0,"ITP Clearance","CA.06","5be21c42-f62e-4469-912a-896acc88e089"),
("a7fe0df5-500f-474a-b3a6-c619e9bcc4bf",1,"Request Clearance","FB.03","e56c0435-7ffe-43d2-ba75-5ef0a63efe05"),
("a1eb74a4-824e-4987-af6c-d4a30079160d",1,"Transcribe ITP Info","FB.04","e56c0435-7ffe-43d2-ba75-5ef0a63efe05"),
("cebce0d9-6594-4c47-8c83-6faa65d3e020",0,"Maneuver Command","CA.07","7fe747ac-8fc1-44de-95ce-f5574bfd7cc7"),
("5c469eb1-2ac3-4b26-af99-2fc404486bdf",1,"Attitude Information","FB.05","6c99e9b7-7033-4278-937a-11f5d1b939fe"),
("94428af8-d32e-45bc-91dd-da16975b8b44",1,"TCAS Interrogations","FB.06","93b4833a-3c9b-49c9-b8f6-86e55ada6150"),
("aedd009f-5c61-472b-a963-78fb105eb75a",1,"Ref Aircraft","FB.07","be99db58-1857-4b96-a4cf-2e1c14e5352c"),
("8534982d-8822-4e23-9c04-640ce7afff06",1,"State(speed, heading, alt, etc)","FB.08","be99db58-1857-4b96-a4cf-2e1c14e5352c"),
("18d9cf53-0a2f-465c-8f58-1d6c0c910208",1,"Information","FB.09","be99db58-1857-4b96-a4cf-2e1c14e5352c"),
("0d0bda66-dc8a-4e9f-a7e1-637e0258d025",1,"Time/State Data","FB.10","61d813eb-8829-40e8-8fad-ef3f33138758"),
("ab1fb125-b0ca-40c4-a92e-f6c9decc5d96",2,"Airspace Transfer","CC.01","6992e642-5aa3-4d43-8e89-da65e3d46212"),
("44cb1b4e-24ce-4ed1-9ac8-6d16b030effb",2,"Airspace Transfer","CC.02","3bec48bb-6cad-428c-9634-8f8727353506"),
("02b9c2ef-142b-4b63-80c5-49c99bf99d19",2,"Flight Instructions","CC.03","80c11093-3d3f-474c-b2cf-7253accb09f1"),
("a32d7bcc-215f-40bf-9a5e-a9172c1614c7",2,"Request/Transmit Information","CC.04","7a9ad512-8515-4f4d-999e-08ae5553e462"),
("774b63ea-68c1-491f-9d4b-6cd2fecd68b7",2,"Flight Instructions","CC.05","f00bbac5-d9c5-4a26-aaff-9e83ec91a0ef"),
("73090b16-9275-42b8-8a84-0d1cbbeaf8d3",0,"Maneuver Command","CA.08","32bdb929-4d6a-44fa-93f8-a0de60ceec40"),
("d877fc31-fe9e-4d79-acaa-368de47aa2d7",1,"Attitude Information","FB.11","bdb6a042-d220-42f2-83cf-92409e0a4434");


INSERT INTO images (id, name, analysis_id, data) VALUES
(uuid(),'B1.png',@analysis_id,
0x89504E470D0A1A0A0000000D494844520000020D000002A90802000000B0F7883B000000017352474200AECE1CE90000000467414D410000B18F0BFC61050000000970485973000012740000127401DE661F780000BDEF49444154785EEC9D774014C7DB80CD2F31D644A226168C1551500145B0450D828A8A05158D0DA3D87BEF628F2531165051ECD85B8C12E5B32B160483D22174420F4DE0BC3BEFD6FB666F9663AFDF7185DBBBF7F943DFD9BEDCEC3C33B3BBB3350400000000201FF004000000A008F004000000A008F004000000A008F004000000A008F004000000A008F004000000A008F004000000A008F004000000A008F004000000A008F004000000A008F004A012C5C5C54F9E3CA11200009812E0094025C2C2C26C6D6DA984E1C162B13E7DFA44250000D02AE00940250CDC133B76ECB875EB1695000040AB8027009530644F949696366CD8D0DEDE1E9A1400A00BC013804A18B22776EEDC59434860602035090000ED019E0054C2603D515656D6A85123EC0907070768520080D6014F002A61B09ED8B3670F9604E6EEDDBBD40C0000B40478025009C3F4447979F9B7DF7E4B294248CF9E3DA1490100DA053C01A884617AE2B7DF7EA3FC40E3FFFEEFFFA8D900006803F004A01206E8898F1F3F76EBD6ADB990BA75EB7EFDF5D738F6F0F0A0960000401B8027009530D8FB13983973E6F8F8F850090000B40A78025009F00400982CE0094025C0130060B28027009560BA2778E54505F9E2141495F3A9B96210A5494F2E1CDAB363FBAE8367EE4617CA5C06004C09F004A0120CF704FBE6CCF6CD9B89636EB3E43E879A2F8213E133BC55638BBEEE5367CD9E3169987D0BF31ECB03B3096A2E009824E00940254CA4DFA920604C47F7E3895C2A29109486FDE26437FF0195020093043C01A804C33D4194A44747BC1311119FC3A6E688C10BDFD877E2A5722A85293A3ECA693715038049029E005482E19EE0DC5FEFDCA7B7905E362D1A5A8C3D16C3A366D12172FD470DF825967E4B821BBAAE8F470095000093043C01A88411F53BF133CEFD3C6AC73B599E10088A1FED5A7D3ABE5214BC08FF35075F955129003049C013804A18D3FD89F2E72BEC471C2FA4529294273F3AF3FBB6CD5BF7F8074617C10D6C00004F002AC2704FB0FF5AEAD0B99310ABB64D9AD8CCBE96295301BCE8DF9D2DBA8E9E3BB1A775FF09A3BA3BCCBE9907AA004C1EF004A0124C6F4FB00BB332D211191999B925958F3349C08FD9EE32F674BE80737FA1FBF6686EA6CF708FD3C5D43C003059C013804A1853BF132FDA77C9DE37B2EE4FF0A2B6B97ADD64634F44E63F59D66FF215B83701983CE00913841BBA63C4C0A91BFDEFC597A8DCA9C2F47EA73FBCDA7CF76D05DFD4FBB2EE374DBEB776DDF4B050FC2FC07EBCC1EB602C9FF3786187864D5B779BE81721F3F959003029C013A6085192F8F0D4969943BBB6B3EC337EC5C13F23F2653FFC43C398DA13DC17AB072F7AC82ABABFB0C7946B723CC0E37060C00E00C080274C19765AD0F6E16DEB7C51DBECFBAE6E0B4EBEA326CB82F99E284F7A70EAD7CD1BBD77FADD0AF93B3CBE98E0A7DCF4BB91246E0315DFC7030093023C618AB0D39E9CDCE435B0D3F76D7B7AACF0B91555C0CA09BBBAFFC4536AB62C18EE095EC49E1FDBD88D9EBF6E93F78A694E1DECE60516C8EC72A3BD8F67DFCEECABF672DEC7030093023C6182F0DEFCEE3971956FA03A63A132DB13BCA8ADFDDCFC2A86F3E3BE5EDBD323A00427E4C34D0EF07459FE88452501C064014F9822BCB4A7B75FE70A4B4D7EC6D3AB8F52E43E282A82D99EE027ED19E0F27B32A545CECB95DDC79C51FEBC2B3FE5ECD22DF7C5477B020013043C618294FFF173F7D9774A7182FD7A5D7F8F33385600C3FB9D888C4B533B5BF61B3763DEDCE9EEDD5B59CF54E5FD395ED4C185BF8641BF1360F280274C90C213A37ED8125551FE159C74FFC19B8AE5C3FCFBD84449FCA3CBC77D0F1C0EB8175B2C4F12E52F760C6ADFB431EDF959B32636CB1E497DA602004C09F0840942649C9F60D579D89C755BB7792F19DFBDB5A3770835473E4C6F4FA83CAE782FB7235954FF147E7E161C01983CE009D38497F3FA8ACF76EF0DDEBB8E06C6C8AD5DD360B827547D8E89151D783BA2E28E0491F7EAAFE7F02D3B00004F002AC1FC7E27118A9E63926E77B0CA925EBFCBA666038049029E302988CCD33FBBED78F5E6C0F8BEB8724DD2C77983F2EF7A1A9127143DC7446B7790F41D7FE0CDCBEDC3A69EA266038049029E302D78596F5F2795B272E2E995E6E874A5EF1298C8FD09000064009E0054C278EE4F08BF7B3A4695F7ACE58F2B0B00260578C294E0A79CF2EA4FEB56C1985ABF13917971DAC8ADB2CB7F55C795050053023C615270F3932269DD2F1853E877A2C3CDBA39C3C65D85EF0FA932AE2C009800E009402518EE095A3BA161FD5A8DFB6E7E5644CD1147FC3EC68BC09BC159EF136EECDB2D39AE2C009812E00913A524E1E1F923FBF71F39FF3041A58F1519517BA2E4D5368F69A7536516FCF0BC130048039E304188FC5B733AB7B21F3975F69CE963FA5876FEF9722635473E46E40901EF9D77CF11FEB21B14000048019E30414ACE8EE9BEE205D5E1CE4FFACDD9F9571C2B80E19EA0B5137A766BD7B4CDE8E389723A92889298C0A3BBBC3778EFF0B9129A030F3B010078C224290918DB6B5D2835963891737478BFAD385600C33D5179DF2122322EAD48EE984D9C57DE0EADBB8F5FE2BD6DCBDAD9433B594D389F090F3A01260F78C204210A02E7DA7518307DA5F7A6F50B46DBB5F9714F0435473E4CEF77E2653E39BE73DBFE3FE3CA0582F2D4C8842299C53FEF9DF70FA34EE457A4A2B6FCE07E12FAA70093073C619A104551B7FD7FDBEABD69CF897B89AA7C8987D99E20B24FB8DB0C5EB86A728F9EAB5E704A6FCF745EF542D6B79988DC5363FAAF0FA5BAE4CA82E63A4EBB09DFB3034C1EF084E9C1CE080BBA7D3F3C4BAD01B399ED097EDCAEB10BEE7104E5D7A78DFC2D99977BD86D845F45AB411C6EF283CB8FD385F72E88BCD7B79EA4C21D0A00004F9818AC17DE8ECDDB3AF6776863EEB821B88C9AAA1C86F73BF1A2F7B90F5970E0D89AC10E1E5BF7CCEAD565F65DD92FCEA9D63F0500260578C2B4E0DC9F673FE162018A4AEECCB29F724D952E27210CF70437ECD8E239B349E6CC99B774F3A9900299E5BFAAFD5300605280274C0BF675CFBEEB42C9BE1422CBC77588AFCA5FE161FA7D6CD550BD7F0A004C08F08469C1BEE9D9BCC1B7CD489A98D5AE6DD60405CDDBCFFA939A2D1F63F2042FEAE0C25FC364DE7850B97F0A004C08F0848941704A0B0AF2C528282A537EB396E19E287FB16350FBA68DF1084FC27160CD9AD82C7B24752B5FC5FE29003029C013804A30DB13BCF08DBDDC8E6451AF60E37160D57ADC0B004C19F004A0120C6F4FB0A2036F4754DCB427F25EFDF55C853B330AFAA700C094004F002AC1704F487FF7945596F4FA5DB6A40454ED9F020053023C01A804C33D216FBC70898172A17F0A0064009E005482E19E50952AF54F018091039E005482F99E284F7A70EAD7CD1BBD77FADD8A92FB96B5BCFE296A36009824E009402518EE095EC49E1FDBD88D9EBF6E93F78A694E1DECE605CA7EE015BE670700D28027009560B62778515BFBB9F9557421715FAFEDE91150821352A8D4EE000053023C01A804B33DC14FDA33C0E5F764EAFE34E7E5CAEE63CE14E38438AAB63B00C094004F002AC1F07E2722E3D2D4CE96FDC6CD983777BA7BF756D6336FE6C92AFFD569770080C9009E005482F9F7B18992F847978FFB1E381C702FB6584E2341E57607009812E009402598DE9E907A8E49F6F07E2AB63B00C0A4004F002AC1704FD09E63EA65D3A2A1C5D86331F2C6E350A5DD0100260578025009E6F73B89E0679CFB79D48E77323DA16ABB03004C09F004A01246E40941F9F315F6238E17522931D468770080C9009E005482E19E60FFB5D4A1732721566D9B34B1997D2D53699792A27607009812E009402598DE9E60176665A423323232734B54FCE4B5827607009812E00940258CA9DF49015569770080B1039E0054C2443C51A57607001839E00940254CC513000048019E0054023C0100260B78025009F00400982CE00940117BF7EEB51162616151BB766D1C23525252A8250C03F00400E80EF004A088B4B4B49A356BD61067D8B061D46C83013C0100BA033C012861E6CC99941F2A080D0DA5E6190CE00900D01DE0094009A9A9A95F7CF105A5881A35860C1942CD3024C01300A03BC0138072BCBCBC284BD4A8F1EAD52B6AAA21019E0000DD019E0094939C9CFCF9E79F23490C1A34889A6460802700407780270095F8F9E79F91275EBC7841A50D0CF00400E80EF08449401044BC66FCDFFFFDDF0F3FFC40250C8F9F7EFA69C3860D54427B949696527F41003061C01326C1B163C7506BA08D66B46CD9928A0C8FAFBEFAAA51A34654424BA0BFD8E0C183A9BF20009830E0099360CF9E3D4B972EA512C6C88B172F626363A9849678F0E041FFFEFDA904009830E00993C0E83DA10BC0130080014F9804E0892A009E00000C78C224004F5401F0040060C013260178A20A80270000039E3009C01355003C010018F08449009EA802E00900C080274C02F04415004F0000063C6112A8E60922FBDEAF8B177A5F89E75313F829D737CD9B335B9CB96BCFC5F0D04C6EC6239FC51ECE3DED1DFA0D9FEE7DEE6D218157427022CEAC9E377FCDD197B46942CADF9E5EB760DEEAB351E4060C1DF0040060C01326814A9EE027FEDAD7ECABFA752C973CE35053D2027F5BBB1AB1C2C3A66ECD0EA35690F1DA5FAE27F07971C746B5A86BEEB4F0F7B357AF9EDEBB78A8653BAF40365E0BF9C6D7B956BDAFEBD7EEBE35922E047EF27EA7060DCCEAD71EEC974F4D3264C0130080014F9804AA788217BDCDB1F1F0DD3B5DCD5ACFB9CFA22652B06F7A7E5B775440C55422F3B8DB37F57B6D7B5B6106D452C8C929A9683C909EA86B397E72EFFA964B8329E520B861EB6C1A0E9C31B15D5D9127D899A1B7CE1C3E70D0FFDAAB0C6A414E6E62420E9B5F18F1E771DF23179F574C2691B134924F4154D0F9A3874FDF0A0E0D0B7B1399460DC85496FCE4A2DF41DF53B7DEE557B48EF0A6596509778F1F3AF32C839A281FF0040060C01326810A9EE0BD596FDBD8FD6C5ECEC9E166E6D36E95519331E29E20B20EB9D46930F2B4BC4681D0131D96DD3C320C6DE9CF8A91F4CAFE9AD1AAF9A48B818B2D284F701E2CB66CDCA6D7880913DD7B7D5FEFDBC1BE647F1737786907F3819E233B5A38B8385937FAB2E9A81329C2825E7A6934919F7A765CABC6D6C3A64E1B69D7F88B9A662D6CE6DF6209F829E73D2DBFB574993CC3D3B5632373B7C3B1C2560DB9E916AE9306B7EFF083F38F0BAF939314029E00000C78C22450EE09EE8BE51DBF1D7BBE5020280818DDB0C9842BC5D40C21E29EE03C98DBAA96EDC6B7F26E32604FAC78917765429386A34EE792ED0C22F7F4A8C6ED173D2979B6A4C213447E725201AEEC735FAEEC58A7CF9E2461616E59F39B7E5B5E14A1B54A03BD5AD6EEBD3B915C487A69A489986D0EF5D06AE4E4C2F363BFEDB0FC05572028BE31C5BC99C7F91CBCDB73639B349B7A93D41EB9E92F6A5ACEBD2B79D7440EE00900C080274C02A59E603F9CDFEEBBF1978AC8B8E8D2B8C60D4707D05B0BE29E60DFFAF9BB2F7BFC12874B6D692A3CC12D0F9AD5EAAB1FF725F305FCF83D3F34B0DF1CC1E3567A82845F92F2FAFECDAB178F7875AEDD65FD1B5C98D71DE22F3C107428FE43EA5A2C7E860A7F21E24BA33650E8DACE0D469C122E5C7E736AB3E6D303D9A4C55AD6EA36E7C40521E70F7A76ACDD6D73245A82DC741DA70399AA5942E8091F1F9F57428A8B8BE3E2E2705C5050F0CF3FFFE0382F2F2F393919C7D9D9D969696938FE57088ED3D3D3B3B2B2709C9292929B9B8BE3C4C4C4FFFEFB0FC7F1F1F1454545388E898979FFFE3D8E232323CBCACA70FCEEDDBB0F1F3EE0F8EFBFFFE672B9380E0D0DE5F3F93846A023A7A257AFD0743417C76879B4168ED176D0D6708CB61F151585E3929212B4771CA3E341478563749CE868718C8E1F9D058ED179A1B3C371464686E894D1DF01FD35708CFE3EE8AF8463F477437F3D1CA3BF27FAABE2383A3ABAB4B414C7E894592C168EDFBE7DCB66B371FCE6CD9B8F1F3FE2F8F5EBD70441E018F1E9D3273405C73C1E2F2C2C0CC71C0E273C3C1CC7689B1111113846FB427BC431FD972D2C2C4C4848C0717E7E7E5252128E737272525353719C999989CE14C7F45F162D8016C3315A11AD1E1C1C8C16C07989E980274C02659E28FFCBAB45CD26F6C3C70A1961DFF48BAF87F9675716A8E29E406D0FCB2FDB2D7A52517C4B22F204AEF9DB79BF2D7FB5CADACCC5278D10D03CC14B3833C5EA9BC61DFA0E19E93EB46B932FBBAC0F93F444E9A9E175DB2E7C4CDE8C905E1A4D447A6B5BCF62E4BA03BEDB2676F9A6FD9C3BA815C4BAF293D917E68E23DD454CF0BE9D831616DFB4729027468E1C592E04953EA8C012C5A800C2312AB9E8312A8B718C027A8C66E1182D4C8FD1A6708C364E8F51F98E6354A0D3635438E218957AF41815943846A023A7A2F272341DCDC5315A9E1EA3ADE1186D9F1ED34F536FA72C719AA258E2344531827ECA12B15AA72C719AA258E23445B1C4698A62E9D3443645CEC37989E980274C02259E28B931A559A3FE4B7C0E53F82C756A54DF992CD62924EE63975E9BF86DCDCE6B5FD3EE31D3A9F4047973DCA14EBBE96B279A7F37EE42019A57E909B2F7AA5EDF3D0964EF159179D0A9AE424FC8581A4D7CBCA0BD85C7A61DCB6679CD5D7FF85186505C9C470BDAA066438654B3A10A9E807E27A0CA60EB500986039E3009147BA2F0C2D8C68DC75DA2DD9128B93EB949DD1F7E4DACE85992F08480FD72AD4D9DAFED17DF48124E62A73FF86DF6B6A00A6DD03C21E0A71E1850EFF3FFD56C3DE71E59D3A579821D38BD59BD013EE9A83C67451F1EDE4C717B42C6D228BA3DAD79237BCF8DBBF61E3874ECF4D5C7F1C5A41C4A6F7BB5A8DF7D6D30798703C1CA4C4817DE95074F00FAA4B0B0303131914A301CF08449A0D013A597C7376E3AE9AAD88DEBB2DB5EE6F5FAEDC58F1AA13AFA5F5EE6661E97449E4053E22FCCEBD5F4CB9AF59BB46CD9F4EBFACD7BCDBD28BC9D4C42E41D756DD0655DA8F03E37911730E6DBBADDBCDFE0BBDEDC972BADCC869F2C4461F9CBAD7D1AD737B7E9696F653FCE6B489BEE9BDEA1F9640FD5C833D4C1949D1B6DD661F9735238D24BA36D675D9ED8F2DB6EA3A64E99387E949355A3BA6DA65ECD2190A70257F46E52D7AC55273B1BCB660D1AF5DF237C8D437CD3CA014F009A9097971715154525180E78C224507A1FBB6A700B92C2829F3C7B935C8425A036FCE2E4D0E0973179F2EE748823B934F715728EAB5F16D5C35472618C5993A97F522D7D766E6CC8B3A72FC213F2E5F48E29459E273E7DFAC4E355F18401D3013C01300C1D79A29AE186ACB6AED3C1F3D8E3A8E4D484D09B5B079B371A76ACF2A68AA6487B0219025DFCA1A1A1B9B9B9D42400900397CB2D2B137F0F89B180274C02E3F48480280EF55F34B27797F6ADDBB4EFD267D4C2232FF3B56609714F2043E4E7E723433C16029E0094525C5C9C9A9A4A25180E78C22430524FE816EC096488FFFEFB2F2C2C0C1B02039E009402FD4E00C3004F5401E4094F4F4F094360DEBC79535E5E9E9292820A02446969695A5A1A8E512DF2DF7FFFC5716161615656168E916C727272708C4A105C8820B2B3B3D12C1C676666161515E1382323A3A4A404C768E3681738463B45BBC6716262E2870F1F709C9090C0E572711C1717C7E3F1701C13134310048E11487BD1D1D138E6F3F9B1B1B138FEF8F1637C7C3C8ED96CF63FFFFC8363168B959C9C8CE3B2B2325441C6F1FBF7EFD3D3D3714C3FE5828202744638462D3024541CA30025718C16408BE1987ECA688368B338463BC22F0022D001A0C3C0313A6574783846072C3A657422E874708C4E109D268E11E8F4D11F01C7E8CF82FE383846EBA23F1A8ED19F116D19C7E8CF2B3A65FA2F8B7E0E7484E85F2A7F28033C01300CF04415409E183870202A26828383293F54800B6554C0A1E20FC1E17050598963548AA1A204C7A87443051F8E51E9830A1D1CA3121025718C26A2C5708C164605168ED146D0A6708C368E768163B453B46B1C230FA1F21DC74836A810C4312A9151A18963545AA14213C70814A329384605282ECA116879B4051CA3EDA0721CC768FB682F3846C7203A65746CA25346C72C3A4D742EA2D344E788CE14C7AA9C32DAA0E894D18E44A74C3F4D7460A2D344072C3A4D7422E87470ACE229A3ED884E196D5F74CA0A7E596420A4102A7F2803FF89A804C3014F9804E0892A803C81EF4FA00245C216A8D4C0CB0026056AE5A8EE09647AD4CCA2120C073C61128027AA80C81318640B544C605B80274C13D4444050096540BF13C030C0135540C213988F1F3F225B141490639000A6464E4E4E56561695500678026018C8135F7FFDF5028D99376FDEAC59B3A88421317FFE7C2AD21E8E8E8E3D7AF4A0FE8200A066BF138BC5329AFA0478C224C8CFCFFF4D1B2C5FBEFCBBEFBEA31286C44F3FFDB464C9122AA13D5EBF7E4DFD0501404D4F949696A2F607956038E009400D222323ADACACA884C1C0E3F1DAB76F3F72E4482A0D00BA013511CA8523B7AB02F43B01268A617A222020A08690B76FDF5293004007E0E76BA98432C013808962809EE0F3F91D3A74C09E707777A7A602800E50ABDF09BF3B4225180E7802500303F4C4F9F3E7B12430111111D40C00D0366A79A2BCBC3C3F9FFEF56006039E00D4C0D03C811A13E878284508193B762C350F00B44D6969E9FBF7EFA98432A0DF0930510CCD13972E5DA2FC40C3682E4EC0D0282828F8EFBFFFA88432C013808962509E2008A253A74E941C688C1B378E5A0200B48A5AFD4EA8E59199994925180E78C214E0E4242417567C9554130CCA133C1E2FA3824993266DDDBA15C74633A80E6068A8E5890F1F3E1415A9FC3576C3063C513D1059BE833A2D79A6FC7B9FDCD70717FB52DF96560BDA8ADCE7DE033C8E883E5FAD0106781F1B337BF66C1F1F1F2A0100BAA1B8B858F5A21FFA9D004D21320FBA745CF89823109426864666E7BCB97EF450407026F64159FCDDE3FBF6F907C69494273DF61ED062E0A61B77C2B2F8C245D3E202FD0EFF95C82D897FF9368B5C9C288E7BF1365BE800765AF0A523078F5C09C9E689AF5896F8EA4D06E5247E1EDAD7BE7D476F84E7095792DC7FE5CE858B8B039E004C19F004A057449EE086ACB66D633BCCD37BD7B201AD1D36BFE5098AAF79DA0EDE78E682DFEE80D7FF3EF69960DBA8EB4F6B36078473D0A2766D3B0FF5DA71E07A44D9D3455643FDC887EE388F175A8D3C592220D24F8FEED0C36BE7C19D0BC66DBC9321BEE22A3BE7FD1904DA6DCED59F3B779BB8D577FF9A611D3A2F082A96DCFFB3CA9D87C968EC8027005346AD7E272495B4B4342AC170C013D503CD13AB6C7BEF8845557B4ED02C8B61FE8544EEC99196C3F78715E06E22F6B54996536F0A8732468B76B15D1D82DA202896F40491FABB9335BD234B7C45EC0922FD807387790FC889449EFFB0EF275D6789EF7FE85EB19D4B019E004C19B53CC1E1704A4B4BA904C3014F540F744F50757D6EF0D24EAE877309012F3D6897679F8E761EBE6FD9328B7B327EBAD85ACC13DCD76BECFAEE4AA82CDF65AD482ED47B479C7021CE5F5EADDD8E1749EE5F6CE75280270053069E8B05F48A024F20C805D2F63975400BB06F4E6D3FF12A8B5C87EE095ED8BAAE3DB644F1049C987D039A0C47ED89ACC3835B4FBC5288E6B1D35373F802592B12D97E435A8FBF448E75CC8BD9DEBBCB8A175C89FDFBD2774E142584278A7DB8113C019832EF855009658027004D21B20FB97659FA8C2BE085AEB51FE4934596D32F56D80EF5CBE386EF74EB3BD273F2A0AE3D96DC2D12F0130E38B7EC3268CCE63B65958B2238219B1CBFB776193E70C818E74EEEA74B054461D032FBD6368346BA38F45FFF942367C592A7DE7DDBDB0C1A3BAA4F278739D7901EC4F7EFBA8EBEF3C263431A7B5C14EE8E023C0198326AF53B151616AABEB081039E304038F949D1B11925150FC3B27313A2920AA4EF2A730B921332CBB03630BCE2B49898F4928ACE27392BB272E2A362334BE5DC8210ED9CC8BB30B1CF827BD09E00000AB53CF1F1E3C70F1F3E500986039E00E450FEF2C4D16712CF0082270053263F3F1FC61507002530C213DCA2D4E888B81CE1AD19ED42F0793C1E9FDE82034C8A7221544219E009C04431784FF093CF4CECD4B1AFBBC7D09E3D97067114BDCEAEEE9BEE44AE9FAB5973EBEEF69D2D2CFB2EB89A2AA7DF4E4DAAFCBE3D500DA8D5EFF4DF7FFF252424500986039E00D4C0D03D41A4EF776A3B2BA8E2895EF1B7D20525F10F027CF7EEF3BF15554C88CD2224DE6E17AE2CF9623AED15FABBB32CBA6E082797E765875C3EB4CFE7FCF34C7C1BA834312C2A3BF3E505DF83A71EA5541C86AC57E0F17BF511F16207A8F05D78A0FA51CB137C3E9FCB95F1B22A13014F006A60F0ED89F2FBF32CDBB8ED7A984EBE8D48E489BD951E7A60CEA25FFC4E1E98DBB3ED98D3D10FE9B324DE5A4401EDAD78EAC5749127889C4B132C9C7E4FE213D957A6DA3B2D391CE0B7D4A9DBCFD7F20801F9CA7CAB4E033D37EFDB3CA6A3E58CC062B49AAC57E0A9F7EAAF3EBA473B0AE95D0206464E4E4E565616955006F43B015A43675DDEFCE41BBB4F86095FDED61E0CB83F511E7371E510CB26ED5C37DCC9E4D3DF3624E1976527463DDAF083CDCA575CFA8B88529E90782B9E0479C2E9ABEFDA5BB76FF68DE5C48044E48B0C1F17CB29A7C3DEBD7B17EAEB6E31E91A9B7C53C5A6C7D668B4125ADAB99557205BF62BF0A2F7EA69072863978081C166B3557F84093C01680722F7A8EB37649777270B6B9735B7A95723B443C5B84F5A8511F7B1119CD4EB5E562DA6DD62D1651079C8DDDE71C4B4B9339CDB59AF7821EE09F1B7DBC969522FA657B4274A42B73B598E3B9743F0C237746DDE73E2BCF988050BD79C8DE4D15F85645D1E6F3EF6224BE12BF008BAC814BF0B0F543F6AF53BE5E7E7C7C4C4500986039EA84E2ABBBC0B0367B4B75D1BCAA38F094BF67F4B766DA382A57250583229D9418E2AD48941270E1CBA1AF2C702A12724FBDEC9CD88EF447C138C1E2F9628CEC9153EE744E4FABB998FBF5C5EF9563A2F62934377EF773C013F71773FF24D74DA0BEB926FB7931B107B2B9E5CA8F2C72A0F9A6DD9FB97988F792746584CBE467FC1846C2A58CD092A24049C37EBED6DD7BCE6297C051E413B0AB15D7E10BE0B8F97010C05B53CF1E9D327FC931A01E089EAA4B2E8E1456E72B05A1A8CCA90CA3161B9D25DDB6283C20671A43BC8898CD3EE16DDBD76ED5DEE66DDC8CC0D79426AC440B234ABDC095B7C13FF307BBC585ED82FCE5D1C5D478F76EED271E0AE9072FA5BE9658F56DA5B0F9832D563AC6BF7DE6B42B8B459926FB7A3DF43FCAD7812E12BF4CB82C9BF0AF7F55A3B3B2481D2E75B9CACEC47784E9F38DC65E65954F22305746E6DD3CBD169E80F1DACC69F4E26A5ACE0157844E551148BED12BF0B2FF407603064666666646450096540BF13A01D90270634EF3F7FE78ED513ECDB39ED79CB1556482BFAAEA5BBB6CBC4078595EE2027B20E0DB29879875CA5F4D6B4B623E47942B413894D4C3CCEFCF16259390951B16985C23F2109EDAD746E616A52767965158FFEC2BAD4DBED126FC5CB8385B61195988BB78A9B0A6945E9B189B9F4AE2385AFC0571E85C277E181EAE7E3C78FAA3FC2049E00B403F284B3B9F3CA43FE01B7C2B2714946EB9390EEDACE151F1456BA839CEC5C71203B572AAD2035B2ACD84EA43701E3C56A00D95273394075296980AC77E181EA47AD7E27F004A01D2AFB9D2AA07B42BA6B9B2D3E28AC7407396A77B8B51C7F099530BCA4C3AECD86232B488D2C2BB613426213627DE4305EACDAF04BF30BA0B3C86851CB13E85A82FB138016A075795388F55D4B776D4B0E0A2BD5414E14DC59DCB55DF7E1235D06BBE37164A5479615DF89D8264EDD81F16201401EE9E9E94815544219F9F9F9B1B1B15482E180270C1DA9AE6D894161C53BC849B80529095962E3C84A8F2C2B0E7D13305E2C00C8812F844A2803FA9D0013C0D8C78BE5E42424178A5DF3F8D5442AA13E304AA0D103F72700403906EF0922CB7750A725CFA8A98AE03EF71EE07124894A09A97CC94E15C447F0D3C128813044A0C1A19627607C27C044317C4FE02703D014F25DC2EC9C37D78F1E0A08CEA40A5BB17714CB125FBDC9C097B1D8AB89C2293206F813DF9CC41083B44712148C1288B622314CA06A430496C0F88086815A9E28282880F162015384399EE086ACB66D633BCCD37BD7B201AD1D36BF45B3C4DF51A41EFA42D3255E4D445B9339C09FD8E6B862430C92AB547842C12881C2C76669C304DE8A57698840BF3D93607C40C3E093102AA10CE8773271083E0F352829783C855D0CD2BDE02214CC528ADA7DE19AECAC12267962956DEF1DB1E88C3941B32C86F90B08F17714C905849E907A35116D44E6007F629B2B448D13DAC84CC21D2B1D2590DC0A6D98C096E367A93244208C0F6838A4A5A5A5A4A450096580274C1A6EE89E91BD1C1DBBB66E50CFBC8BA3630FA775F7692F404840F582CBBAC415CC524215FAC2ABBE333118E509EA1D116EF0D24EAE87856F2DD2DE51147942EAD544818C970FA536974B487B42D89E50344A206D2BE43081CD078C506D8840181FD05050ABDFE9E3C78F2C9691BC4C039EA822FC94DF9C6C578554765E8BC6D5A37F0D87D60B2ED9C1AD7096B067FBC841BFF37FDCBAFD28A608971B222ACA24B4A6BCBEF0F2E4572129388F7233DEBC4A2CA3F5C6D317E565BE098E156EBF3C39240C7FB5A128F6F9BB1C42E680800CF60421FE8E22BFC21352AF26A28DC81CE04FCA139523F8212A7F13F9A304925BA10D1368B360B54A43048ABDFB28BF4A02E81EB53C515454A4FAC2060E78A28AD03D51D9AB7C3DA28CFE359CB379EC8A0B5FB2839B56459531EBC51A07072FDF808353BB34EFBDE4668A4433405426C9EF0B2FBE32A1DDA893649F78E90DCF0EA3CF66BEAC2880C417BD7863A195D3EF6807C517C6366C3EED5639D93F33C06ED5AB3C9903021ABE27C83717973E4325AFE85D42EE8B15B643FDD02CF17714A905D074895713C9CD49BDBF28B939F497A58F2348ED58C92881E44F2E364C60A12A4304BACFFED955624842A09AE009A112CA807E2740C213B45E6504ED6B3865953290ECE0A679426216917960A023D915C20D5E6633EA94D4432EC8134AFBC24BFF986A39E2780E813461FDD3A5CA0E0DC9452F04CDEA30D42FBB3C7066EF6E76B6F31FB0738EB9D92E79CA96DD296EF09E5082E43B8A1548BF9A28E3FD4569E8E308CA467C23F857101F2650952102551C9210D035191919E9E9E9544219E00940D21354651DC5E25FC3A17B825AA6A2E3423445C6AC278B3AB47199BBD2ABBFED287FE1E0D46254B42714F68597FF35A3A3DBD1C4EB53BB785E2FA9DC87D4A2E57FFE6C39FAC4ADA5FD675D38EADE7DC59DD31EB673C91B2E323BC599EE896A866C786A639840A09A50ABDF89C3E1BC7FFF9E4A301CF0441591E309C9AFE154C913DCF00D3D076D0D7AF0E065621196041E91AFA27C51A92F5CC07E30AFD38FEE43EDBC02CB698728DDF75E7265627BC75E8EE3CE1566F80EB6EBD5B3CB8C4016DA07BD531C2F88004F68060C13C86CD4F2447171B1EA8D0F03073C514588B4FD2EF6EB42855D01F45E6589AFE1B02A664977708BA648CF2ABAE1D9B67577E701FD7BD9DA0DDEFEBC4C20FED51A95FAC2517DE6D932CBDA6DF08397B44394585420283C3FA661FD818732087EC29E3E759B4DBD59869697FE4E0F0978023065B85C2E6A2550096540BF13A008C9AFE1A84D49C018AB594164F1CE4FD8D9D77E7D68964A5FAD51A143BD02551695D5290E9E004C99ACACACCCCC4C2AA10CF004A05378D187DCBBDA0FF2983C7E68AF3E534EC49518CC576BC0138029A356BFD3870F1F8A8A8CE40135F0848142B00BB3D2B34B143D4B530D80270053462D4FBC7FFF1EB53FA804C3014F006A009E004C19D44450FD156BE877024C14F00460CAE4E6E666676753096580270013053C0198326AF53B959797E7E7E7530986039E00D4003C0198326A79A2ACAC0CB53FA804C3014F00CAB977EFDE7E21AB56AD6AD2A4098E11696969D412D50D7802D003A8E82F2D2DA512724849497927243434F4F9F3E73846152CD507863240C0138072EEDFBF5F430A737373D5DF39D235E009400FFCF7DF7F79797954420E0505058FA5888B8BA3663313F004A09C4F9F3EF5EEDD9BF2430506552E8327003DA04ABF13BA58DEBC7943F9A1820F1F3E50B3990978025089FFFBBFFFA3FC20A479F3E66CB6017D34073C01E80115EF4F483429626363A9198C053C01A804AA25F5ECD993B2448D1A070E1CA0661806E009400F94949414172B1B3F47AA4961045FB5034F00AA72F7EE5D2C89A64D9B1A5A3B1A3C01E881C2C242D456A0120AF9EFBFFFB0248CA03181004F00AA826A498E8E8EC813FBF6EDA326190CE009400FA8FE5C2CBA58C2C2C28CA33181004F981C656565C78F1FF7AF128B162DFAEAABAF7C7D7DA9B4C1D0AF5FBF09132650090D484848A0FE4C0003E1F3F95942B2B3B30982C0310295DA680A8ED1F49C9C1C1CA3E573737371FCF1E3C7FCFC7C1C73B95CD420C03187C3416D081CFFF3CF3FD1D1D1384602282E2EC6717979794949098ED1F58547764279E9DDBB772889A7A305D06238462BA2D5718CDA28A8758E63B423B43B1CA303408781637460E8F0708C0E98C7E3E1189D88E834D109A2D3C431827ECAE834D192686BD49F497DC01326C79123473EFFFC73CF2A3165CA141717172A614874EFDEFDC71F7FA41255A55DBB76C3860DA3FE4C000341E538EEEA898F8F4705280A30A8D08C8B8BC3312A3451098E6354F8262626E21815D0A8AD80635470A3A6038E51E19E9E9E8EE3CCCC4CB4651C6349E01895F5A820C6317E761605313131687994C4D3D10268311CA315D1EA38FEF7DF7F4B4B4B718C76847687637400E830708C0E0C1D1E8ED101A3C3C6313A11743A384627884E13C70874FAA243455E79F9F2654A4A0AF567521FF084C971F8F0E1993367520980C6F5EBD7478C1841250006929494848A602A01D050BDC74C26E00993033C210F03F504272721B950EA23E9BA80E0F3B822783C0DF6C94FBEB666FCB051CBAFA6EBE5C02B40956B548FA612000DD434415009F5014F981CE00979188C2738C1CB3AD66E36E9AAF0094CEE73EF011E4792745FDE7243F78CECE5E8D8B575837AE65D1C1D7B38ADBB5FD5D7EDB9CF9775EAB3353C2B3B5FBFEFD8242424FCFBEFBF5402A09123844AA80F78C2E4004FC8C3503CC1BA37CFC1638E47C7D167F3C9BA7159E2AB3719E42DC8D2C4D0C8B4B840BFC37F25F2D0E4F8BBC7F7EDF30F8C294133C2A2B2335F5EF03D78EA510A2E994BE21F04F8EEDDE77F2BAA5858BF66A7055F3A72F0C895906CFC49F7EC90CB87F6F99C7F9E29796F939FF29B93EDAA10E164B11D8A6F919C959DF3E6FAD14301C19978E022D10165273FD932B0F98FEB6E3C8E2922A4F6247E16DA053C210FE87702D4033C210F03F144D92D2F7BAF3FF3EECCB4723B964508B821ABEC9CF76790C16ABBB69D877AED38703D825B7CCDD376F0C63317FC76078495A119AD3A0DF4DCBC6FF3988E9633028B51D3E0C09C45BFF89D3C30B767DB3167F378E9A74777E8E1B5F3E0CE05E336067188EC2B53ED9D961C0EF05BEAD4EDE76B79621D35344FD0775826BE4576C86ADB36B6C33CBD772D1BD0DA61F35B81A0F280CEDC7F7868925DC32E1E6BF7DE7A7D496C4F121B957494C68027E4019E00D4033C210FC3F044F195C9DD66DD2917B01FCEB71E78308DA079625517DBD521C2BE2022F7E448CBE1FBC30AC8EE2834C3A6C7D668141299079D5B7905924B08F865D989518F36FC60B3F245C2EF4ED64B9E5594CA44868F8BE594D361EFDEBD0BF575B798744DAC6F48CC13953B24A9DCE2ABB29055B6BD77C4A25D728266590CF3173F2001FBE6D4B6E32FB3A4F68466496E54AB7C124225001A6542A884FA80274C0EF0843C0CC213F901A31B37B71F327CF8F0A1DDCDEBF5D993F081E6091C08E1A507EDF2ECD3D1CEC3F7EDFBCA19ACCBE3CDC75E1470230FB9DB3B8E98367786733BEB154F9EAFB1EBBB2BA1E20E072F7C43D7E63D27CE9B8F58B070CDD948B1EE1F714F887628BEC517C813D42C6EF0D24EAE87D112B40362539E90DA93C446B5CE3FFFFC9399994925001AF9F9F94A47BA550078C2E4306C4F94263CBB179E838A3451A03F0CC01344F6F11156D3AF932F56E5E76707CEEDE0B825FC3955B08A95B0F8B11E226D9F538785F79EADEA623527A8901070DEACB7B75DF39A17B1C9A1BBF73B9E809FB8BB5F9715C1A98707B79E78A510ADC04E4FCDF998776284C5E46B72862992ED09892DCAF004FD801E57B42764EC49A79E30F07EA76ACCDCD0EF04A8870A9EE0663CF259ECE1DCD3DEA1DFF0E9DEE7DEA212A80A10ACC2C27235AF0554EA58D61DE25F5419540922FBDEAF8B177A5F89576BF7D5EF0922E7989BD5ECA08A911EB8C1CBAC1D369E5F6D3FC8278B10F042D7E200C10BDFE9D677A4E7E4415D7B2CB99B1BB2AA736B9B5E8E4E437FE86035FE74325F50F668A5BDF58029533DC6BA76EFBD26845D18B4CCBEB5CDA0912E0EFDD73FE5084A9F6F71B2B21FE1397DE270979967C5CB6C226DBF8BFDBA50B28D41DFA1C41659A259DC172B6C87FA891F5011FBD6F40E93AEB2518128BE27898D6A1D553CC1E0CCCD0E3FB162EE9CD973E6CC5DB07CE3EF97C2F2543F00F004A01ECA3CC18B3B36AA455D73A785BF9FBD7AF5F4DEC5432DDB790556E1F146CEDD992DCCC65D566F741BED78829FF86B5FB3AFEAD7B15CF24C9D7E70999EF8F4E953414181267DBB3A82939F141D9B51820A745C454F2B4A8F4DCC15FD50DCC2D4A4ECF2CA3290579C1613935E222A5958B909515189B9B4259421B945492A0F481CF5F7A40A59C29136A844053C1E8FCF575478323A7313D9BECEB51BF6F05CB97AD512AF211DBEAE6D39EFAEF2C16B312542A884FA80274C0EC59E20328FBB7D53BFD7B6B795174F794E4E09BEC659E92FAF1DF73970382028A6A8E2AAE7E42626E4B0F985117F1EF73D72F179062E9889A2E4D787467FF7D5A0DD2FC2DEC464A1EB49B81CAB2CE1EEF143679E6508AF65199B93772995253FB9E877D0F7D4AD77F9A26240C61631BCE86D8E8D87EFDEE96AD67ACE7D352E65094F2043141616FEFDF7DF8F1F3F567194D0EA817C84C8E5808EBA720C95D7AF5F3F7BF62C2525856E0B5465CECECEA612D21866E69695B725B688A7919EA863413D90C04FDCD5ABD6B753FF545172AA8F742B13F084C9A1D01344D621973A0D469ECEA7D295F0532F4EEBF89599451FD721FD3A7C53DB7CE8C148F2AA4159BE83F940CF911D2D1C5C9CAC1B7DD974D48914BE80C8BF30CDDADCACE6E75F356B6761D9CFFB39975CAE85EBA4C1ED3BFCE0FCE3C2EBA5F237277529F153CE7B5A7E6BE9327986A76BC746E66E8763855556C92D92D384F0DEACB76DEC7E362FE7E47033F369B7546F08883C413704C6A03D21E097E617A857B5653EC813F8A741B6484D4DC55F9F56DCEF6480995B4EDE96CCDCC269E29E20D2F7FF58BBE51C555F85847E27403D147A82F3606EAB5AB61BDF4A751E145F9BDCECEB3E3B704D8C13F3EB8F0DCC469CCC218459BEE637FDB6BC202B4DA5815E2D6BF7DE9D285C8373678679038F4B54F9452EF7454DCBB9777177B0A2CD495C4AC537A69837F3388F66A28B23F7DCD826CDA6DE24CB7E892D8AE0BE58DEF1DBB1E70B05828280D10D9B4CB8A26AD39CF2445151517878382E8344E40887DB240882530172091589C7683B54247F19B41DB435C5319FCF473565C5312A1C118A63B4305A45714C3F35793142DEE9E8FA34512C7D6A212121D46F232438381815857171710A3CA19DCC2DACF36B2973CBCBDBB233B7B0DFA9D950EF5367CF9CD8B7C4A94DDB51476284CE5001F004A01E0A3DC1BEF5F3775FF6F8258ED68B23841334AB45DD818785191A41E41C1E5847D8E81565792145FE43EA5A2C7E268CA52FA53A4E0732F106946F4E14A08BBB65AD6E734E5C1072FEA067C7DADD36938F728A6F5104FBE1FC76DF8DBF243CA0A24BE31A371C1D205D7F940DF2C48A152B9E3C7942953D349E3E7DFAE6CD9B0F1F3EA0F208812AB3A8A4C3F1CB972F5141866304DACEF3E7CF718C4AB457AF5EE118156DA1A1A13866B158A8B182E3D2D2D277EFDEE1B8A4A4242A2A0AC7786C511CE7E7E7A39A328E91B1929292709C999989AE7F1CA7A7A7676464E0382525252B2B0BC7898989B9B9B9388E8F8FFFEFBFFF701C1313838C88E3C8C8C8F7EFDFE3F8EDDBB7E5E5E53846A7CC66B3718CCA655470E3F8C58B17A8ACC73102C5680A8ED13268491CA375C3C2C2708CB689EC8B63B4AF8888081CA363888E8EC6313A3654D0E3181DF33FFFFC8363742EA88CC3313AC7B4B43414503F8C3868170A4631D24EE61696CCDAC9DC72F3B6ECCC4D7AA256FDB6BD5D870C19EC64DFEA9BC69DC61D08AD6C472B04FD9D518EA212EA039E3039147A0255C62DBF6CB7E8896435857561CC5766E3AF883A375897C737A8EB7EAE5CE2522A3D35BC6EDB858F85B1F4A554B99CF2CD8902D6959FCCBE30771CE92E6282F76DF21A14DF6205E57F79B5A8D9C47EF8582123EC9B7EF1F530FF6CB1CB4D2EB83D810A7454284BD8C2B0FB9D4C1151BF130609096906591309865A420AED646E61478F7632B7DCBC2D3B738BF53B09B8C9478737AED36BA794F66482AA20AA7CB1551EE0099343F17DECD26B13BFADD979ED6B896E4F544732AFDDEFF734AAC0E5A7FCD6B7769B05E89A9179290963E1A534F6A2CC4B49F9E64401E7D18236A866257D9756E6A55472634AB346FD97F8A09314E2B3D4A9517D679F8A1D29867E1F1BD585E9B6004F181A224FA0561A6A6F7D12BE86ADE4B958AD64EE4A4F689CB9E5E66DD9995BDC13027ECC76875A2D66DF93381BD940BF13A01EA8F454E00901FBE55A9B3A5FDB2FBE9124BC08D8E90F7E9BBD2D8853746D52D33A9D17DC255F0EE265DD9E6D55AFC3D2A76CC90C4DF704F7D992F6B57BEE8CE70B5FC192C8F84A3757B97CE96DAF16F5BBAF0DA69E1A616526A48BBA70252FA5C20B631B371E7789566F2AB93EB949DD1F7EC5BDCA4AA07B02836C111F1F8F6C019E30349027E886C028F1845632B7B058D652E69697B765666EEC8936B3FE4CCFCECECE887BE4FB9365EDA63F5D168E15A914F004A01E4A3C81EA43F117E6F56AFA65CDFA4D5AB66CFA75FDE6BDE65E4CE20BF8E9D7E6DB37AA59B7F1F72D1AD5A9D776C46FAF844F63735FADB2361B79862A99CBCE8D36EBB0FC394E943F5ADEA9EE9766CD9A5BCD0BE2882F872A434A36475B9EC80E5CD1BB495DB3569DEC6C2C9B3568D47F0FEEC295D822A2F4F2F8C64DA9E1B82B28BBED655EAFDFDE14154421ED090CB2852663F703BAA0B8B8986E084C797939FAB1A8844C34CFDCB836AFA5CC2D276FCBCADC88C233A3BEFEAC06E2B3CFBEA8D3D8F247AF832F0A54B28440F0DF7FFF21A75209F5014F981C4A3D21845B901416FCE4D99BE422FAD321ACACA897CF8225262AA03CE36DF0B3D094523999598DCDB17363439E3D7D119E90AF5233BB4AC8F304C014506302158854423E0696B9F591B74B855009F5014F981CAA79C214014F301D65FD4EA60BF43B01EA019E90077882E98027E4019E00D4033C210FF004D379FFFE3D8B257A2015A824373717BE7B0AA80178421EE009A6838A424DDE263362903E35312878C2E4004FC8033CC174A0DF491ED0EF04A80778421EE009A6039E90077802500FF0843CC0134CA7A8A84893A73F8D98ACAC2C4DBE080B9E3039C013F2004F309DFCFC7C4DBEC663C49063ED0A0733AE1AE00993E3CC9933356AD4B0D598CE9D3B53912CDAB46963636343253463E4C8917DFAF4A11272707070B0B3B3A31255E5F3CF3FF7F0F0A0FE4C0003494C4C7CFCF8717C7CFCFBF7EF4385C4C6C6969595E1382A2AEAC3870F388E8888E072B9380E0F0FE7F178380E0B0BFBF4E9138E117C3EFFEFBFFFC6F1C78F1FDFBE7D8B63369B1D19198963168B1513138363D49A898B8BC3313A0CB4771C171616262727E318C92C353515C739393919191938C6557E1CA38968168ED1C268151CA38D141414E0F89F7FFE292E2EC631DA29DA358ED1C1949797E3181D243A5414A03F4B5A5A1AF567521FF084C9411004CA37AF35E3FCF9F3C3860DA312B2A855ABD6C3870FA984663C7DFAF4E5CB9754420ECF9F3F7FF1E20595D0004DC6D404AA1D54AC2343A0521295FB2890889130F0020854AAA20B41142337E018212F46CBA325718CB683B6261DA37DA13DE2F8C99327A8E8C731720CD2098E919F90AE708CEAF8A81C17C5081CA389A2182D8C5611C5685338461B14C5F24E931E9323515515F004501550BD1BD5BE939292A8B41475EBD6D5560F00AAC4291E860F5D21C1C1C1B826484D0280EAC698868F044F006A131D1DFDD967E47864D3A64DA32649A1454FA0F6B5E24DA106B57084E9C7AA8CED0300FA0135828DA6790A9E00D466FCF8F1E4A095356AA02685BC87EDB4E809D4A646ED6B2A21056E4C604F409302301CF2F2F2B85CC96F223114F004A01E313131B83181F1F2F2A26688A3B77E27516302031F8A000C04E877024C97091326508A10F2C5175FA4A6A652F368E8C713F4C604E6CD9B37D0A4000C01F00460A2C4C5C5D11B1318996F6368D113B1B1B1F2FA79D3D3D3293FD08026056008A01A4C5191F817E9180B78025083D5AB57B712F2DD77DFD5AE5D1BC7161616D29FCAD2A227381C0E9F2FE373740441A0D6C32B21CF9E3D4397258EA3A3A3A92500A0FA40F91FB577A904C3014F0055212828C8D9D9994AC8426FF7273030B00F606840BF1360EA189A27727373E115398D20382C4ED5DFC302A4014F1816041F35EFF8D595C759397111512985E4F36F4446E0DE23C1DA291CD5811BBC7BF5F934193D33BA439F9E888C8C54FA51012489B2B2322AC14CAA351BF322B7F476DA934886E838B822D01109E76B1D4E4E4272A15EB3ACDE79FAF42978C2502072FD5CCD9A5B77B7EF6C61D977C1D5545D653DEEEB838B7DDF88F736F2532ECD76B0B41D3866DCB09EF6A30E46B14256D939EFCFA0E6EA8782EBF35D277B0D759D30C7CD7DCF3BBDF586EAD3137C3E5FE9234C4CEF77AACE6C8CE085AD7774DE978CF6CA0DDD33B297A363D7D60DEA99777174ECE1B4EEBE2E3EEECF7DEE3DC0E34812B943D947640420CD6A32548641C17C4F641E74E9B8F031CACBA577675974DD104EE6385E76C8E543FB7CCE3FCF14BDE6529E78EFC401DFCB6199C961EFB2F902A224FEE5DB2C7259A238EEC55B340521B55A59FCDDE3FBF6F907C664253DF61ED062E0A61B77C2B22A2E6122F3F888D62EFBE385599C284A4ECE67D33C21BEAD92F80701BE7BF7F9DF8A2A4619A7343134322D2ED0EFF05F893C8959C279D9396FAE1F3D14109C495D3DECB4E04B470E1EB91292CD933A466EC6E3DF7EB269D4B0E580251722855BD00B707F42BBA8988D55C9C56A666312EECB95F6AE87322A730F3FE53727DB5521787D05D955466E15EDAC4438372B3BF4CAD1A337228A88D2D8DB470F9E7890CCC68B25BE7A93C11594CB39226300FA9D0C08D10546E45C9A60E1F47B129FC8BE32D5DE69C9E100BFA54EDD7EBE9687B2339171DADDA2BBD7AEBDCBDDBA99371D7EB244C07DBAC86AA81FF9900EE7F142AB91688AF46AC5D73C6D076F3C73C16FF799FFBBE733C1B651D79FD66C0E08AFA85E151C776B36FA1CBD4F9C5BE109896DFD1B7A60CEA25FFC4E1E98DBB3ED98B379EC90D5766D3B0FF5DA71E07A4499F82C821BB2DAB68DED304FEF5DCB06B476D8FC962720D24F8FEED0C36BE7C19D0BC66D387F5EF2D44A5F9E3A1C7872A6C7F6C080437FA4E8ED5233344F64656531FA9A54251BAB928BD5CFC608CEE34576238FE7D02A19744FA02C292FBBA29C2C965B05B49D05849509E7BA4DDBB46DBA7DEB9E43DDC72CD9B1CEAD9DF5F2E7C28D0A2F155EDE639947641480270C087481397DF55D7BEBF6CDBEB19C1890882EB40C1F17CB29A7C3DEBD7B17EAEB6E31E91A5B40641D1A6431F30E599129BD35ADED08595798F46A44EEC99196C3F78715080B5FF6B54996536FE2BA90107ECCB69E960BC81AA0880A4F486D0BCDE3976527463DDAF083CDCA576521ABBAD8AE0E11AD499BC5459BB0EDBD2316ED921334CB62987F2191FABB93F59267C22B56C6A909E167BC7A1CAD9D3259550CCD13A5A5A51F3E7CA0120C44856CAC4A2E96B59AE26C8C6005CDB6191B20F660B3B827E466579493C572AB406C679579B9F0B8DBF793AEA1DCC07DB9C266900F9E475E2A484DB28EC838004F18101515B192D0ED4E96E3CEE510BCF00D5D9BF79C386F3E62C1C235672379025EC42607076F61E77DC5F5C47DBAD85AEC0A93B19A80971EB4CBB34F473B0FDFB76CA9EC4C641F1AD874FCE5322A4952E109C96DFD1D79C8DDDE71C4B4B9339CDB59AF7881AE2EEA1A41AB88CF223D41CDE3062FEDE47A3897FD7A8D5DDF5D09C28B5CD6315613FAF4044110C67F7F427936562517CBCC220AB3B14050F6E7749B8997C5DF0793F084BCEC5A9993716E454BD076F65E3497757EACE5CCBBC834BCB71B1D06FC2EB651E3F5048FC783FB138682A8C12E280F9A6DD9FB97988F792746584CBE46EF0F22F2FCDD5A8EBF842E055ED261D766648B9D17B6AE6B8F2D513C012766DF8026680A216335E18F4CA4ED73EAB0F071C9CDA9ED275E65E13942F8B1BB7E68E17614F7F51025C949B915F72724B6455EE0DDC90B9C9FB8BB5F17314F48CE92F6042FEBF0E0D613AF908FFBB053C37E1F2E718C92104509E1897AB84DA14F4FA8F2BC93F1DC9F909B8D55C9C592598F4449362EBE32A9CBCF3725BE152AC713F273728527E83BBB279AABD0135247642C407BC28040D57AD72ECB82C91CCD7DBDD6CE6ECD6B5EE9F32D4E56F6233CA74F1CEE32F32C991789823B8BBBB6EB3E7CC48001FD6D9B93D7938013B2C9F17B6B97E103878C71EEE47E1A5D2792ABF1C277BAF51DE9397950D71E4BEE16F1130E38B7EC3268CCE63B952D88F2709F31D6EDBA0DF1F018DAC761D4BE77ECD0B5F6837CB2D01CF16DC53D5A696F3D60CA548FB1AEDD7BAF0961E1C5C80B4A50263E8BCB13CDE3BE58613BD42F8F200A8396D9B7B61934D2C5A1FFFABB8F244F4D82C263431A7B5CD4FD556768FD4E191919D2EF84330855B2B14AB958DD6C5C70CEC366D61DC90C43A4ED77B15F172A6CAF566649A9EC5A9993716E45CD19DACEF245735917C75BCF219F9B42A2E9E1B25F6CA3B22E2CE3003C61F8B07213A2A21273CB2B4B526E41524C527E19D53EC753921332CB2A974048ACC6C94F8A8ECD28A1BA77D868665281B08E55095196151715935E2CDD0524B62D6E616A5236ED686828985501AF382D2626BD44D87291716A2288BC0B13FB2CB8A7A8C1A1250CCD131F3E7CE068F0F95F4345EAB7562917AB9E8D899C13A3EC163C52A7D747597615DF994AC8BCB0980F7882B9709F545E61C647F9CB13479FE965E4317D7A82CBE5CA1CDF898E698DDBA1B55CCC8B3CB3E54C35DEE6326A4A4B4B617C27A6C22BC92B34C69B667A469F9E50305EAC08D3F204E4622600E3C502A68EA1F53BA5A6A6E6E6E65209003000A0DF0930750CCD135C2E57C1B7510140FF80270C14FD8E60568551FFA40FB00A83BFF193AFAD193F6CD4F2ABE93A3A4155D0A727582C96D27E5E13EB7752844EF387090CDFA735F2F2F28CA6EE62449ED0EF086628A87CAE5C094496EFA04E4B9E491DE0DA2BBEAEDF9083BF75B2B07659739B7CA01653B102951483FB7C59A73E5BC3B3B2F3ABB3835A9F9EF8E79F7F946ECAA43CA1287BE8207FD046EA13657E40392F5EBC309AB1EE8DAEDF493B239809C4C6DE13DF0E358219F6C4DEB0E7E77D0E9C7A944A29497AE83604F512154ED00EB0F2E5AAC2C019ED6DD7E205109533240F9395FC64CBC0E63FAEBBF138A688E0E7A119FBF61DBD119EA7EF2A9EA1F53B2526266665558AD6B8919F3D14E70F7A3626637963F4895D29E223F555647E84ACAD4B8E6069D240BF930123FE26A9CA2398F1C4463063D3C6DEDB18C4A16FA7E28D69A1273A7DDBE647CFCDBF7BBB5B5ACE0C44D7AFC4186CC2034228F7042F729383D552BC004234437258406EC1B34393EC1A76F158BBF756E8A59F3B779BB8D577FF9A611D3A2F08D26FC5C5D03CC1E7F38D668C04A5C8CD1E3C4251FE10BB1CE48DD1C745ED72FA959293431FA94F94F9899CABD25B173B16EA584D18F0840123EE099547302BA48F60461F7B8F446C3B744FD8F4D81A4D2E9F7160402B2FE931D884CB2314786240F3FEF377EE583DC1BE9DD39ECA4B8B5610481CA6709C83B6E32FB388F403CE1DE63D202B80449EFFB0EF275DD7EBD007FAF4C4FBF7EFB95CD18F211BD3EA7752903D14E40F7A36AE5C53628CBE6C72AED8D094F41198D06AC2CC2F7BEB62C7422E6EDA64646418CDBB9FC6EE09D11D04252398E5A23ABD6804B3D0679563EF91D0B723BA54E8535997C79B8F951E834DB83C4281279CCD9D571EF20FB815964D2F08E90581F8611215E500F7F51ABBDE3BE284C7C8F9CBABB5DB71BD3EA9AD4F4FA4A4A494964A0C402489C97A42327B28C81FF46C5C194B8CBD942A3534A52C4F28DC7AC5584FA6CEEBD7AF5115874A301C53F184B211CC72E923982DB87A4034F65E7A6A0E9F7E81892E1532E8623527A89010F0DE6CE866BB46D6186C18059EC0D7BB242A7882C8F61BD27AFC25B259CB8BD9DE9B1C4310AFAB1F0CADDF093C21E10919F9839E8D2B63494F480D4D496EB162A43E6A3581C2AD832730D0EF64C0547104B33CB111CC0AE863EF3DE5D0B753B1513258D7A36BFF018E4E43FB75E8E8712A19CD9318834DB83C4238C8DBD26754A2F2006983BF8943ADC0A59D41C5B08002F6ADE91D265D45B5BB92A7DE7DDBDB0C1A3BAA4F278739D7F0E5AF370CCD139F845009634751F650903FE8D9B8329618A32F5D6A684AFA487DA2CCAF68EBD49880260F788299A8378299D8D87BF2E1A3C5E27368F706140CD3A77D5839F151B199A5CA0E52FBE8D3138585854AFB79FFF9E79FCCCC4C2A015450C5FC2175A5C81EA9AFDA721F33484A4A62F4B7B3E898922700EDA14F4F64646494952919741ADEB3030C8DBFFFFE5BE97D35A6009E00AA02DC9F0000C540BF1360EA189A273E7EFC98232437379720081C233E7DFA4445C218CDC5319FCFCFCBCBC3318FC7CBCFCFC731DACE7FFFFD87632E975B585888630E8753545484E30F1F3E141717E398C562A1D3C4717979F9FBF7EF718C1A40081CA38968168ED1C268151CA38DA04DE1186D9CCD66E318ED14ED1AC7E8C445A7860E121D2A8ED1C1A353C0B1C429A3BF0615E5E4A0E9F24E997E9A682F3846A7293A65743CF24E59749AE8BC509519C72850E59445A789368E7687023417FF884606788261A09C7A0CD02AE3C68DFBE1871FA8BFAF2CB4E80954BA29EDE74585545C5C5C747434FA1715882840C4C4C42037E018810ACDD8D8581CA382323E3E1EC7A8A0FCE79F7F708C4AB1E4E4641CA3922E353515C768FBE9E9E93846E785DA2E3846855D5656168E71698B6354A6A3C3C6319A8866E1182D8C56C131DA08DA148ED1C6D12E708C768A768D637430E8DC719C9898880A561CA3F613F2078ED149A153C33102FD35D089E318FD29F09F058196476BE1186D076D0DC768FB324F1995F51919193846E57B6666268E9148B2B3B3718C64833C846374BEE8AC712C71CA68751CA353469BC5715A5A1AF24A484848787838FE118D0CF42BA0BF2795603826E189DF7EFBAD56AD5A9E80F6983C79F2E5CB97A9BFAF2CB4E809542A196B951340764C4949A112C645646424788249FCFAEBAF4B962CA112805ED073BF13C05050630EB530A8847101FD4E0C033CA17FC013802A141616A2DF974A1817E00986019ED03F5AF4446666A6D1B4DF01098CD813EFDEBD837E2726019ED03F5AF4447E7E3E9B2D1C5E08303A5026F9E79F7FA88471111F1FAFF4F90BA6009E007402F43B01AAC0E3F1E0B958C3073C01E804F004A00A707F82118027D4E3D3A74F172E5C38228BD3A74F0704049C3973C6CFCF0F0588B367CF8A62045A868AE4C76879B4168E8F1E3D8AB6261D1F3B760CEF0BE1EFEF7FEAD429E9F8F8F1E3274F9EC4F10921D2315A002D8663B4225A5D3A463B42BBC3313A007418D231FD34518C4FA76FDFBE696969E8CF955F013D2608025D4238E6F3F9A8B0C031AA5D161515E1F8E3C78FC5C5C528888989494E4EC6EF01A06DE6E6E6E2571F52535345714A4A4A5E5E1E7E3F002D8CD6C2715252128AF1EB11E85F7AFCDF7FFFE17708D0162462B4168A636363D141E2181D038A45EF19A0654431DA263A2A1CE7E4E4885EADC8CECE46317E95212B2B2B333313C7284049FC26075A002D86E38C8C0CB4BAE834E931FD34659E323E4D1CA31391384D1CA3B9324F19ED45749AF894F1A9499FB2E8D50AB45FD1DB24E838257E59B4248ED12F8BB68063F4CB8A7E65F4CB8A7E65B4A9B0B0301C73381C54B7C0319BCD2E2D2DC5F1870F1FCACACA708C1A1FE5E5E53846014AE2182D8016C3315A11AD8E63B441B4591CA3ECC4E572718C0E001D068ED181A1C3C3313A6074D8384627824E07C70889CC2C3A4D7999393434141D095570301CF0847AA00BA9468D1AD3A4983973E6FFFDDFFFA1F211959E73E7CE15969964A13C6BD62C1CA302D7CBCB0BC708B48AC8073366CC1095E973E6CC1195D1F3E7CF1795BF8B172FF6F5F5C5F1B265CB0E1C3880E355AB56EDDDBB17C76BD7AEDDB3670F8E376CD8B073E74E1C6FDAB469FBF6ED38DEB66DDBE6CD9B71FCCB2FBF6CDCB811C76845B43A8ED106D16671BC7FFFFEE5CB97E3181D003A0C1C23192C58B000C74824A253462782FE1428B872E54A444404BA9CD0BF187439454545E1185D96A818C231BA745151856374A9A3420DC7A8144085178E51A9F4F7DF7FBF7AF50AFD8BE2F0F07014BF79F306C5A8368A63549EBE7BF70EC5A8DC41251A5A4B14474646A2185DB7A86C45C780635C02A2F8F5EBD76847E878708C4A4FF42BA33824240495ADE8D8708CCA56048A116801749C38461B449BC2313A007418F418AD88627490E850D1C6518C0E1E4D47078063341D1DA428462782627C9AA25346CB8B4E19C5F894D15A28169D328A45A72CEF34512C3A4D74CAF834518CCE45749AE89445A78926A2248ED18AE82F8363F4F744BBC0313A30F42BA329C21F2A021594327F595470A34DE11815EE68533846CA4407806354A6E3B340A0721C8913C7A844468BE11879059909C72840491CA305D06238462BA2D5718C3688368B6374CCA8E0C6313A007418384607860E0FC7E880D161E3189D08CAA8384627A84A66464E427F3D1CA31A009A45151C0C073CA11E2843B46FDF9E4AD04079A87ABA59093E0FE56B2E97C727044446E0DE23C164670F272721B950C6389E954B003A46AD1F86A9BF0BAAA1238D51892A81BC82FE4854C2B840D285E79D98841E3C81DAB0CF9E515F98D01F44AE9FAB59F34E0E8E8E8E3D876C0D167D7C89FBDC7B80C79124E9F288FEA91A0AEEEB838B7DDFC077EFB58AEC1F06FDB1F10F432D5509537F17CD3D61C4F727C0130CC3783D21FE41BCCAD2A62CF1D59B0C612D8D971D72F9C841BFF37FDCBAFD28A6884D2EF1FB9B57978FF8060467A242A83CE9B1F780160337DDB8139605DF11D01AB27F1814C9F9617219FABB204F6858CA1BB127E2E2E28CE6796EF0847A28F0C4AB57AFA884DE90E789CAE0C51A07072FDF808353BB34EFBDE466CA8790559DBE6DE7E4E9BD6BD980D60E9BDF12798F7D26D836EAFAD39ACD01E14A3E0504A88E3C4F5406E23F4C3C437F974F42A84495409E888888A012C6454949099F6F24952FF0847A28B83F81544125F4062A8E9CBEFAAEBD8DADAD9DFD24FF646401714F109907063A92DF3AE6062FB31975AA849C61DB7B472CCABC9CA05916C3FCD136685FC907B485EC1FA6D213923F0C537F17CDFB9DD0854308BF4C6F7C40BF13C330B97EA7CAE0C9A20E6D5CE6AEF4EA6F3BCA3F995F39A3F263F7E0091DA0BC3D21FEC330F57781FB130A004F300C93F5042F7C43CF415B831E3C789958246C00CB2A8F6E4E6D3FF12A0CDBAD55947942F28761EAEF029E50406464248CDBC1248CD713D9875CBB2C7D56F158212F74ADFD209F2CA23228BAE1D9B67577E701FD7BD9DA0DDEFEBC4C3443C07DB1C276A81F5A899F70C0B96597416336DF51F2096A407564FF30B440E2872966E8EF421084865DF046EC09168B05F72798841E3C619894048CB19A1544F65DF01376F6B55F2FE7314B766E42545281713EC46E9848FD3078B20486FFBBE057D8A84495D0DC34060BF43B310CFDB427828383A984C1C08B3EE4DED57E90C7E4F1437BF59972220EDE9230108CE587D1BCDFA9A8A8283232924A1817E0098661B4FD4EAA40B00BB3D2B34BA0B5606818C30F03F7271480FE32D53346830E004FA807F33C01003A83CFE76BF82A99117B02950946F3C82F78423DE479E2D3A74FC63A4C0D00C8E3FDFBF7E88AA01255029986C331E037093500FA9D18867EDA13285B500900D0187943391A149AF73BA12DC4C6C65209E3023CC130A0DF49268C28890C0822CB7750A725A2875DE553E521FC682BCA1B31D0B080FB130A78FDFA3578824930C513BA2F889857121910952FCF9526864666E7BCB97EF4101EB50F51167FF7F8BE7DFE813125E243F8918BA6C505FA1DFE2B915B12FFF26D16B938511CF7E26DB6703D765AF0A523078F5C09C9E689AF583962A0809F8776B56FDFD11BE17958EB92FBAFDCB970B6FEE0F17865651ABDDF61C49E3026C013EA21CF130441685E77A0BDC5ABA824CA52B52012162AB48248621452052591C114448684E8E7E186ACB66D633B4C346A1F4F507CCDD376F0C63317FC7607BCFE973E841F5AD4AE6DE7A15E3B0E5C8F287BBAC86AA85F3EDA12E7F142AB9127D116D34F8FEED0C36BE7C19D0BC66DBC9321BE22F50A379173F5E7CEDD266EF5DDBF665887CE0B828A91E1C5F7FFECB268E7617ABE4586249190904025AA04AA60194DA55B02E87762187AF004AA5869D80047547A42514974E6FFEEA9581095881744411FC4462155501249164495A5A0BE0B224382E609F151FB0A89DC93232D87EF0F2BC0D57DDAD04C68D12EB6AB4384376AB9929E20527F77B2A6B71FC55714FE3A44FA01E70EF31E90D3883CFF61DF4FBACE92D8FFD0BD07E93BD72B9AF73BBD7FFFFE9F7FFEA112C60578826130A6DF89E6098525918A0551895441A46249245910899582260BDD1362A331E5A27A427AD02ECF3E1DED3C7CDFB265FC91854F47729F2EB616F304F7F51ABBBEBB122AFFAC327E1D7299DE3BE284CB70FEF26AED76BC486AFF99A9B49DEB15B83FA100F004C360A4271495442A1644255205918A2591E4EEC54A4193458127F073F244DA3EA70E6801DA107EF49F8717B6AE6B8F2D513C012766DF8026C3517B22EBF0E0D613AF14A279ECF4D41C3E7DECBF8A5F87C8F61BD27AFCA50272FD98EDBDBBAC78C195DCBF6FB6B0AB91DA39B9B2DEE072B9481554A24A18F7FB131A7E9CC370004FA88782FB131A5E3008459E102B894A542B884AA40A22154B22C98288BE6FA228213C51D3336524A2C1FD244753CCE385EF74EB3BD273F2A0AE3D96DC2DA20FE157B9288213B2C9F17B6B97E103878C71EEE47E1A6DB13068997D6B9B41235D1CFAAF7FCA91B1225AABE4A977DFF63683C68EEAD3C961CE35F24711DFBFEBBAF5C3683BD72BA8BE9C92924225AA04324D498971DEF5422D2D781F9B49E8E7FE4454541495A82A95A38C2A2989542C884AA50A22154B22C98288BEEFC263431A7B5C14EE0EA884939F141D9B51821F39403E9633841FB7203921B30CFF5A185E715A4C4C7A49459B4FF68AAC9CF8A8D8CC525AC3500C899DEB0FCDFB9D4A4B4B35348DC102FD4E0C8329FD4E8A112F0CAA5C1055A92412ED9BC8BB30B1CF827B26D99E00A480FB130A004F300CE3F0844150FEF2C4D1677AEEDC000C160E87939F4FDE10AB3246EC890F1F3EC0F84E4C423FF72734BC60008071B058AC8C8C0C2A5125D86C764101796FCCF880EFD9310CFDDC9F888F8FA71200601A68DEEF545E5EFEEFBFFF5209E302FA9D1806F43B01802E80FB130A004F300C067982E0F3B822783CF2B6329A8402D9FD9CAC9CB888A89442F2A6349111B8F748B0298FAB01E81D369B9D9D8D07AAAA2246EC89F7EFDFC3F7B199841E3C81324466662695501F6A04C0B2D03D237B393A766DDDA09E791747C71E4EEBFE2FFDA8EB37CDADBBDB77B2B07659739B7AFE95849F7269B683A5EDC031E386F5B41F75308A457B910200F482E69EF8F0E1436E6E2E95302E62636335FC8893E1009E500F059E484E4EA612EA53F9861D829FF29B93EDAA10E193AB95330A0367B4B75D1B2A5C829C7E7C446B97FDF1C2A76489A2E4E47C36FD85BBEC90CB87F6F99C7F9E493DFE5A12FF20C077EF3EFF5B51C5E402B4B1037912F3640C4028369420426AEB80A9A279BF138BC5CAC9C9A112C605F43B310CC3EF7752C113BCC84D0E564B83854B080405C7DD9A8D3E477F8D41F40E35917D65AABDD392C3017E4B9DBAFD7C2D8F1070430FCC59F48BDFC903737BB61D73368F101B3B507C1E5B62004274046243097224B74EED1D3049E0FE8402C0130C83D99E18D0BCFFFC9D3B564FB06FE7B4E72D5583E7C76CEB69B9805A1E53E10922C3C7C572CAE9B077EFDE85FABA5B4CBA865BBEFCB2ECC4A8471B7EB059F98A1C9643347620096D5E99C4008492639A4A6D9D9A0E98249A3F176BC49E282828E0F1F4FF8EBC4E004FA887827EA7D4D4542AA13E8A3CE16CEEBCF2907FC0ADB0EC8AC21A4DCE3E34B0E9F8CBF42FC454788217BEA16BF39E13E7CD472C58B8E66C244FC08D3CE46EEF3862DADC19CEEDACC5866F42AB89CF439EA066E181A524C73495DA3A351D3049347FCF0ED5B835B9B167C8242626C2FD0926A11F4F6852B152E489CA1934F8B1BB7E68E1763445587E1325C949B915F72788BC13232C265FA37549F122363974F77EC713F01377F7131FE64F6A9E9427248612FC28B575C084D1BCDF0995A4FFFDF71F95302EA0DF896130A0DF493402209948DBEF62BF2E14DFA226672C0BAE6C4988280FF71963DDAEDB100F8FA17D1C46ED7BC7168DDD57FA7C8B9395FD08CFE91387BBCC3C8BCAFCB2472BEDAD074C99EA31D6B57BEF35215CFAD88112F3586223000EF54347203194A0C4D685C7029828707F4201E00986A1B927CE9E3DEB2164F0E0C1F5EBD7C7312222222255485252D293274F708CD0F0A3C1AA429465C545C5A4174B7782B27213A2A21273CB852E40700B5393B245297114CDC3480E2528B975C0B44039FCB59057AF5E3D7FFE1CC7A1A1A11C8E54C3571946EC899C9C1C547DA4120C073CA112FFFCF3CFFFFEF7BF1AE2D8DADAB258ACC752A08685D1E40F00904666B68F8E8EA666AB03AA51A5A5A55109E3029D5715C4699880275465F2E4C9941F2AB87EFD3A9A1E1B1B4B5D281518EB78FA0020423ADB57AD8F0595A4C51A7FE0CB30817E2786A1154FC4C5C57DF6D96794226AD4E8DCB9331E3458A26E058D09C01490C8F6556B4C20E0FE0423004FA8C1840913284BD4A871E5CA156AAAF0E63675B94063023019E8D9BECA37E48CD813FFFEFB2F972BE3091426029E5003D4D6C64D8A4E9D3AD1BF40826A0DF86A81C604603A88B2BD265FFC7DFFFE7D52521295302E323333C1134C425B9E408C1F3F1E79E2D2A54B54BA025CB7D264882700601C38DB6BF2741FAA57E9E9E140BD03FD4E06CAA74F9F50355F9ADDBB772F5EBC984A68466464A4B5B535CADC54BA0294D7516382C3E150E9EA80FA2B00A68DBCAB4017949696A22B824A5489FFFEFBEFEDDBB7544205A8936402E00903E5E0C183C27B07D543E7CE9DA9A89AB871E306F587004C98FDFBF75319422FD4AB578F8AAA44C3860D6D6D6DA9840A68F85A9F3E49494981E7620D91A54B976EDFBE9D6792CC9E3D7BDFBE7DD41F02306150D379E7CE9D54B6302E5C5C5C6EDFBE4D9DA7C19397976734772B8DCA13CB962DDBB56B17953031E6CF9F0F9E00104B962CF9F5D75FA98471E1EAEACA204F40BF9381029EA0128009039E3010C013060A78824A00260C78C2404848488071C50D11F00495004C18F08481505454C483EF141920E0092A019830E0090301FA9D0C14F00495004C18F08481009E3050AADF13A509CFEE85E788BED3200FB458D09B6CA58BA9037802C068D713E5F1B70F78AF5EBFE78F58853DED2A667C0D733EB33C111313F3E1C3072AC1704CD713E52F8FACD87A2385CF4FB9BE69DE9CD9E2CC5D7B2E86F3F6D4CAB97366CF99336FD1CA2D47FE8A2D117B17941D7E62059A4B3167E569F24BD1DCE0A5967587F8170938CF36B9F4F10A4897FDFAA8683129085661617995AE22F0048091EF092ACFCE993377FE92F57B2F85E529CD69E5F7E6B6ADD76EF0EC45B3BCAF6753995956CEAFCCD13ACDF9CCF2445959199F5F55251A1826EB0922DBD7B94E9B058F38FCB4C0DFD6AE46ACF0B0A95BB3C3A81564BCF697EB716881DA660E9357AE5E3EEFA7BE2DEBD6B59A17982FCAFDE4EA78AE90355BAFC4A2A9A2CB80177162D1CC9DF70BD4BC5A387767B6301B77994525D5013C0160E47AA232CFAE5CF4F3E00E0DBE6CED79A5A2F0970DF7F56AEBBAFDF7A5D1179299F32B73B44E733EF43B5517E0092A8DEA49373DBFAD3B2AA022AB8A2D40A4FA0EFCBA8ED3C174E12C84F4EA24959701372F3136A35438915F101574FEE8E1D3B78243C3C2DE44A695562C969FF7F60F7F9F23179F67E07D1425BF3E34FABBAF06ED7E11F626264B4D598027008C424F54E6E88C432E75EB0C3E9A5751A097253FB9E877D0F7D4AD77F9B80E4C14A784FA4F30AFDD6FF3D3B0B7C94515CBC9CCF9B4F25F97391F3C515D8027A8B4624F08B8CF165BD4B2F3160D94AFC413A2809F7A765CABC6D6C3A64E1B69D7F88B9A662D6CE6DF6291736B59FED0B75D1B071727EB465F361D7522854FE45F98666D6E56F3F3AF9AB5B3B0ECE7FD5CBD1189C1130046354F088ACF8D36ABEB8A3DC14F39EF69F9ADA5CBE4199EAE1D1B99BB1D8EE5A105AECEECDCC2ACE6FFEA376DD7BEF3B40B156D69259ED069CE679627DEBD7BC762A959DD3354C013545AB1278A9F2CEB5CDB7CFA6DD100C8E4DCDADF0E58E17398E4C8B15B5164C54174915404FC986D0EF5FAEC49226B6885E7C77EDB61F90B741190736B7ED36FCB0BB292561AE8D5B276EFDD89E4563977669837F0B85495BC059E00308AFB9D9A8EDCFDC7AD9B578EAE1FDECECC72E61FB964E95F7C638A79338FF339644CE49E1BDBA4D9D49BC29CCE79B4A04DDDA1C7C53E4B2A33E78B32BE6E733EB33CC166B39935C0AD02C013545AA6276AD56BF783DBF0A14E5DCDEB7EDD69C695B4CA9B52C2B975DBF4721D423274C4CAEB3968AAE872A90878A16B3B3718714AD81F5B7E736AB3E6D303D9F4AB8AA4C87F485D8BC5CFC8103C01688C424FD4FAB2715B6BCB160D6A7EDE74847F22CECF9C07735BD6EA36E7C40521E70F7A76ACDD6D7324F982983C4F48E5FCCA1CADD39C0FFD4ED50578824ACBF444ED463F2EFA6DBFCFD180C0F01CF1C6B0F4EA24A2CB4014B01FCE6F5BCF62E4BA03BEDB2676F9A6FD9C3BE435277EB5949E1A5EB7EDC2C764089E003446857E2722EFFE52BB7ACD7EBA246C4EB0AEFC64F685B9E348771113BC6F0B1B17F23C2195F32B73B44E733E78A2BA004F506925F7272451D1139CC70BDA5B786CDAB16C96D7DCF5871F6560D928BE5AC65E044F005547B5FB13C5373C9BD7EDB933163529481BD4713A9021DD45A281277492F399E589B0B030F0842162789E60DD9ED6BC91BDE7C65D7B0F1C3A76FAEAE3F862F262947BB5709F2D695FBBE7CE78BE40ED8E4DF0048051F13E360765C22F2D9705A354E96DAF16F5BBAF0DA69E69626526A4E31B711A784227399F599EE0F3F99F3E7DA2120CC7743D91776C4803749954762771FEF23237AB6CFA4A2F40879CFBB5D45CEEAB55D66623CF148B0222EBF2C496DF761B3575CAC4F1A39CAC1AD56D33F56A0E215A4C48D9B9D1661D963F17C6E58F9677AAFBA559B3E656F382640B4A1EE0090023DF13E2399A17FD4BAFAF5ACF7D80F219911DB8A27793BA66AD3AD9D958366BD0A8FF1EE1ED0954AC2FB334733F5B225C9E4266CEAFCCD13ACDF9D0EF545D98AC27F402F7D54A2B3357BF2CAA865472618C5993A97F2A1E6AB83CE36DF0B3D09452684F005542AE2794C0CE8D0D79F6F4457842BE7A351499E826E78327AA0BF0842EE186ACB6AED3C1F3D8E3A8E4D484D09B5B079B371A764CECED56AD019E003055F58456D14DCE97E709C31C1E033C61A0189C27044471A8FFA291BDBBB46FDDA67D973EA3161E795939F48776014F001883F0846E72BEB427783C5E5A5A5A686828953624088280FB138688E179427F8027008C61784227D03D81DA10E9E9E9CF9F3F7FFCF8F18B172FF04483029E773250C013540230618CDE13C810191919D81018C3F404F43B1928E0092A01983046EC89A14387060505D10D8179F6EC1997CB4D10929C9CCCE3F1709C989888A4826304DA02152524100481E6E2182D9F94948463B49D9494141CB3D9ECB4B4341CB3582C24271C979595656666E2F8FDFBF7D9D9D9382E2E2ECECDCDC571616121B4270C14F00495004C18E36E4FDCB973E7CD9B37941F2A080E0EFEF8F1E3BF4250A98DDC8063549A231FE01881B64045FFFE8BA6A3B93846CBA3B5708CB69393938363E40C54EEE31839233F3F1FC71F3E7CF8EFBFFF708CFC81948063E48FA2A2221C979696A224DC9F3044C013540230618CBEDF0915BE050505745B1866BF9331019E3012C01300C644EE63235BA04A7D58581878420F802714C2CD78E4B3D8C3B9A7BD43BFE1D3BDCFBD2DD4D153AD9A039E00305AF084A1667BBA2730D8169191E4578701DD019E900F2FEED8A81675CD9D16FE7EF6EAD5D37B170FB56CE7450E8E6C908027008CA69E30E06C2FED098CD1DC063058C013F220328FBB7D53BFD7B6B7959748794E4E0921E0E42626E4B0CA12EE1E3F74E65986F04550A96F460A04ACACB8988C8ACF1A71F21263D2F1B72005027E516A74728170FC1C2D029E00309A79C2A0B3BD3C4F00BA063C210722EB904B9D06234FE7536911DCE0A51D5AB84E1ADCBEC30FCE3F2EBC5E2AF39B91025EE8DA4EB5BB6DC2C3A9159C1EF975CDCE6B438509CEFD39ADCC869F147D97584B8027008C469E30EC6C0F9EA82EC01372E03C98DBAA96EDC6B7C24C4E871C1AF98B9A9673EFE24E5B79DF8C24074AAED37B7702AA6895FFE1D9A466CDDADDB746A304F7F932CBAF071DA918204D6B8027008C469E30EC6C0F9EA82EC0137260DFFAF9BB2F7BFC1257D1A016415E30759C0E64E21CAFE09B91E88AAB37E0603AC179BCD0D27AD2D4DE5FF7DB9BC2E7BDDD68FB95D3FE546D6B023C015068E409C3CEF6E089EA023C2107EE8BE5965FB65BF444EAF313E40553F9A915F9DF8C14B002BDCCBF1EE69FF96663D756336E876DB16F30E84846EC2F3DEBE3EA9696014F00188D3C61D8D91E3C515D8027E4517A6DE2B7353BAF7D2D3918BFF80523FF9B910241D98DC94D1ABAEFF2EEFBDD98F3C5DC172B3A361CB96BCB8F5F75DF4636C4B50D7802C068761FDBA0B33D78A2BA004FC885FD72AD4D9DAFED17DF48127EE28E9DFEE0B7D9DB8238E2178CFC6F46228A2F8E6B64D6B85103175FD45C67DF9BDDAA41A386F56C37864B75FE6A01F00480D1CC13069DEDC113D5057842019CF80BF37A35FDB266FD262D5B36FDBA7EF35E732F26F1C53FDD2890FBCD4892820BE3BEFDA24EAF9D31644DAAECD674F39AB56CD6BF966AD36B03F00480D1D013869CEDC113D505784219DC82A4B0E027CFDE241729A80F69F59B9155023C016034F6841083CCF6E089EA023C61248027008C763C61908027AA0BF08491009E0030E00940EB80278C04F00480014F005A073C61248027000C7802D03AE00923013C0160C01380D6014F1809E00900039E00B40E78C248004F0018F004A075C01346027802C0802700AD63549E58BA74E9A64D9B3E9824D3A74F074F0008F004A0758CCA13BEBEBE356AD4F89FCA7C26844A688C16375505D089FFF9E79FD41F023061162F5E8C5AD57C6364E0C081E0896AC1A83CA12E0101013FFDF41395D08CACACAC962D5BB258C2B1D300A0FA40CD4A54693056FEFEFB6FEA3C013D029ED08E27162D5A8432F1EFBFFF4EA501A09AF8F4E913A11B5EBD7A6567674725AA0AAA4BB569D3E6DF7FFFA5D26A429D24A05FC0135AF044767676EDDAB591279A366DFAE1C3076A2A001817AF5FBFEEDAB52B95A82A070F1E4457CAE2C58BA934C004C0135AF0C492254BC826B190FDFBF7535301C0B8D0DC136C36BB79F3E6E83241F52A54BBA2A602060F7842534FE4E4E4E0C604A659B366E862A0E6018011A1B927F0932698A54B9752530183073CA1A927962D5B4665FC0A7C7C7CA8794278E54505F9E2141495EBE0D3A700A05334F40487C369D1A2057591D4A851A74E9DDCDC5C6A1E60D8802734F204CAE828BB5319BF027373737449504B08D83767B66F8E5A1974CC6D96DCAFAE0F1A014015D1D013478E1CA1AE900A56AC5841CD030C1BF084469EB87DFB36DA02C2DDDDFD8B2FBEC031222424845A02008C054D3CC1E5725BB66C49F9A182BA75EBE6E5E5514B00060C78420BF7B1118585855F7DF51595108328498F8E782722223E07EE5E008C44134FA09AD3980A508DCACDCD0DC7F0722823004FE8DA139CFBEB9DFBF416D2CBA645438BB1C762147C7118000C16CDEF63631A346850505040250026C0304F94DFDFB2EC5C9AA27BC09CD202C9BBC6F9054565328B66BD78820E3FE3DCCFA376BC034F004C44E79E80473E0C15867982F56899B367400A974A4AC14FF075EFD8DEC2C2A26D937A351B98B743D1F70D6B37B25DF340D66D63BD7B4250FE7C85FD88E385548A0E276883FBF44D271FA794C12BA780D6D06AC54AD79E90F7C807351BA83E18E6095EB4DF688BAFCCDAD90BFB717AF771DE205300BCF06D8347ED8F16DE08E0A75F9C3A70F9E372E10C71F4E209F65F4B1D3A771262D5B649139BD9D732659AA024EECE91F513BA7DF74D7BA79FBD4F3C4A065F009AA3D58A15F43B992C4CBB3FC1CE89A7DF148E4E2F91559C16FA8FE8BD39B2A24A54747AF40FDEB23A7BF4E20901BB302B231D919191995B22F78215C24FDAE33CDA27E4E6C115E3FADAD80D98BAFDAF746874031AA0D58A95AE3D018F7C182CCCBC8F4D70B90AFBF8F9A9A7C7B4B774FE79E9BAF5ABE6B8776BD575F5335903B9EAC7137478D1BE4BF6BE917BECC8132EE3CEB188D2A44727BDC7DB366E33F71EBC66016842D52B56548286AE3D018F7C182C4CF30427EAD864FB564D1A7658F898C38FF399E9FD584E958397FBE686DFAFDBB7EFF6397B2FBE849A28815E3CC1FEC3ABCD77DF56F04DBD2FEB7ED3E47B6BD74D0F0BA52E584E56D042DBB6DD7AB5FFBEE38069DE271F43DF13A01DB453B1D267BF133CF2615030CC136557A7F45BFA382F72BBFBC2FB1C54044F1FBC2D4A5E56E295E66566E01E9FAC2299D572BD78420CEE8BD583173D6415DD5FD863CA3531C3711EAEEED6ACA9D540AF2D679EA6CABA99020055409B152BBDDE9F90FFC8073CF3A17F18E689A2536387FB6472A3B127F24F8F75DE1E23A3079FC8BA31CFAEC977AD3BE2FBC79D1D96DE917575E8CB13E5490F4EFDBA79A3F74EBF5B217F87C71713FC949B7E3792C40E9C9F15199E515187E3451D5CF86B18D4A5004D9155B1A26649A1B462A56B4FA8FAC8073CF3A17718E60922F78F19DDBBBB4FF8D1BAE7A4F9E3BB5B0ED82BB33951787C44B765CFCAA8945CF4E2095EC49E1FDBD88D9EBF6E93F78A694E1DECE60516C8CAD5E52F760C6ADFB431AD7BCAAC89CDB247707B02D00459152B6A161DD52A563A6F4FA8F1C8073CF3A15798771F9B288CF8D36FF7964DDB7E3FF328594E070DEFEDF6913F9F975319A9441F9EE0456DEDE7E6974D1D0AF7F5DA9E1E01325AF5BCF08DBDDC8E6451391D774F8123004DD16AC54AAFFD4ECA80673EF409C33CC17DBD6DF8C09F37FADF4F90F9D84605BCE8A3632C1AB6B0E9D55B88BCA701F5E109949D07B8FC9E4C0980F37265F731678A71420C5674E0ED880AED1179AFFE7A5EE11600D004ED55ACF4EA09258F06C2331F7A8569ED09547D787C66FB9C11DD2DADFA4E5875E84E7C2935431CD59E06D487270444C6A5A99D2DFB8D9B316FEE74F7EEADAC67DECC539AA3E1FE04A01DB45AB1D2F9FD09151F0D84673EF40EF3FA9D30DC9CE003133B7DFDD5980BB25E8C101005AFCF6C593A6FCE9CD92473161F0B93D5DBA9174F208892F847978FFB1E381C702FB658CEE50AF727005DA0CD8A955EDB13F21F0D147FE603D0074CF3043BEDE9A92D3387DAB66CD575F8BC5D9742B26416A4ECA0D99D7BCCD8B5C5C361F09A63FBE7BBBAEF97F9C28E5E3CA1DA4BA6707F02D029DAA858E9C113AA3C1A280EB4BDF501C33CC10BFB6DD2F865FB6EBCCD53F83444BEDF08B7C3B9BCA45F474EBFC1127082168CDD1D2F23ABE9C513B4974CEDDB997DD55ECE4BA6707F02D005DAAC58E9DA132A3E1A086D6FFDC3B4F6049F5D4C1BDD52DE80E1DC172B9D67FF55CA095EEED863CAEA45AE5D461CCB9291E3F4E2093ADCE4004F97E58F64D5E8A49B1DACB2A4D7EFB2A1A204688006152B6A160D1D7B42C54703A1ED5D0D30CC13DCD06D032C2D302DCCEA7CDB75ADCC07990444517C440AAA9D97C7FEB16FEB2FFE4F326416B77AF784809F7276E996FBB26EBDD19A1D247DC71F78F372FBB0A9A732A9F9005015AA5EB1A266D1D0B127547D3410DADEFA87A9F7B111BCD40BD3DCD606CBBB9FC52BC94C888A1056D123A23364DEBD0B309CFB1300A00BB45AB1D275BF53551E0D84FB137A81C19E1010B9C786F7913960383FF1C4D8764DDAD8F5C095F33ECEEBEFCBBA3AF4E209C94130C7C0209840B5A071C54A0FF7B155793410EE4FE81FA6DDC78EF49DE2E284F9C1A68579EF2DAF64D5CE0BFD873B6E0C57F2E27F35F43B119917A78DDC2AFFE5A10AA08E04E800AA6245A5E8A856B1D2797B42B5A637DC9FD03F4C6B4F94A74784BC220909098BCE94F70E263FE5D4CF63B787C8194E5C84DE3DC1CDBA39C3C6FDB4AC4E57A823013A40AB152B5D7B42C54703E1FE84FE6166BF93B2E1F405C5C15BFB7F5BAB7E435CEA7ED7D6EB0F5957875E3C417BC9B461FD5A8DFB6E7E5644CDA1037524402768B362A5877E27110A1E0D846703F50FD33CA1DA70FAC5A7DD6DBC6E6428AB1FE9C513744A5E6DF398763A55C6AB1C5047027488762A56FAF484824703E53F1B08578CAE60982754FC4E11376CCB48AFCB4A0BDA007D7B42C07BE7DD7384BFAC06058228CF8A79F33A4458FD0B89CC90798900805A68B3626520F72700FDC3304FA8F89D225EF4D1D106325E2CBDF2D3B35BBBA66D461F4F94D59E60BFDAD6B7458B2E7DA8BE6497298722A93900506554FC4E916A152B3DDE9F50FDD14078E6431F30CC132A0EA76F50E3C58A2A4911917169B23FC02A6C68F41E7644D64BE300507554FC4E916A152B7DF63B297A34109EF9D03BCCBB8FADCA70FA2486F29E9D8A943F5D3DCCEB521AD48B006DA2D58A955EEF63CB7F34109EF9D03FCCF304CA27CABEE36B50EFD90978994F8EEFDCB6FFCF3824B5F2D4C88422998D06CEFD3576DFD6316B41BD3B6BE9BC3D8C9A03009AA0BD8A55686868F3E6CDA98406C8F3846A8F06C2331FD500D3FA9D54FA8EAF21BD6747649F70B719BC70D5E41E3D57BDE094DE9EE9BCEA85CC03E39515D107E22966C9BA8B0100EAA3AD8A55565656FDFAF5A98406A8D29E50F06820093CF3A15F18E609D5BEE36B48EFD9F1E3768D5D708F2328BF3E6DE46FC9BCDCC36E23FCF2A9791294C4DF3BEBB367C72F7BFDFF7C970F9600B480562B56C813A8AA4F253440154F287A3450C6331FD05FAB5B18E609D5BEE36B50EFD9F1A2F7B90F5970E0D89AC10E1E5BF7CCEAD565F65D59C7C27AB6A65BABAEEE3397AF5DB364EA004B4B8F3369A00A4053B45AB1D2B527547C34109EF9D03F4CF3844ADFF135A8F7ECB861C716535F099B336FE9E6532132BFBD82F2FE0FA34F57D49E78919B7A8DF02FA452005055B45AB1D2B527547B34109EF9A80698761F5BB5075E0DF73D3BB90F7B973F5E3E78DAE50C61FD891373D07DF0B670B80E004DD16AC54AE7FD4EAA3DF221EB990FB856740BD33CA1D2777C0DEA3D3B151FF6E63C5863DBA876C3EF51BE6F67DEA066BD266D51D4BEA3BBAFCCA63700A886362B563AF684CA8F7CC0331F7A87619E50ED3BBEAA5E1DFAF084CA0F7B8BE77D4C4141294759A3080014A0CD8A958E3DA1C6231FF0CC879E619827647DC7B7EAB9441F9E50E361EFF2E447677EDFB679EB1EFFC068392D6E00500BAD56AC74DDEFA4E2231FF0CC87FE619827647DC7574E895A92F0F0FC91FDFB8F9C7F9820B33181D08B27541C049917FDBBB345D7D17327F6B4EE3F61547787D9AA7CF311001423AB6245CD9244F905A36B4FA8F6C8073CF3510D30EEFE842ADFF11510F9B7E6746E653F72EAEC39D3C7F4B1ECFCF365994F7CE8C513720741A6E663F831DB5DC69ECE474B2F74DF1ECDCDF419EE2173CC0200500759152B6A161DD52E189DDFC7A6A3607C3F78E643EF30CD13AA5172764CF7152FA8362B3FE93767E75F9365B44C03F4E109D5E0456D73F5BAC9C69E88CC7FB2ACDFE42B4A9F7A070065A856B19275C1E0041D5D7B42D5F1FDE0990FBDC31C4FF0DE1D9931C65D8289BF3E97755BAE24606CAF75A1D41C22E7E8F07E5BA3655C1FFAF24479D28353BF6EDEE8BDD3EF5694BC1B0FECC71BBC0EC6F2398F177668D8B475B7897E1132BB66014007C8BA6070828E8E3DA1FAF87EF0CC87BE618E27388F16B46F643970F6AE337FDCAAE07650788EACBC411404CEB5EB3060FA4AEF4DEB178CB66BF3E39E0859D528BD788217B1E7C73676A3E7AFDBE4BD629A5307BB7981B27B5D2BE07138502B0234479D8A956A178CAEDB136A8CEF07CF7CE81726F53BF10BDE5DFDC56B40974EFD3D3707BCCA965DD5A880288ABAEDFFDB56EF4D7B4EDC4BACC87B12E8C313BCA8ADFDDCFC2AF23BF7F5DA9E1E01CAC69D0200CD51A7628550E182D1B527E43DF241CD1601CF7CE81D06DE9F2075B1D36B80B565AF9FD69D0A91CA21E521BE6BFD69B5217EDCE935BB1FCBBC27AC0F4FF093F60C70F9BDE2EE08E7E5CAEE63CEC00D6A401FA855B152015D7B42DE231FD4EC0AE0990FFDC3CCFBD8DCECD7E7378DB1FAFA6BAB6592EF03150578F459FB9ADEB6E6C7EE70723F2EABC611A08F7E2722E3D2D4CE96FDC6CD983777BA7BF756D633A1F203E815AD55AC74ED091581673EF40FC33C519EFAD87FEDF81E6D5A751DB5E4C0ED18E99E497EE22EA751C7C53379F9A5897DBDDF56E37D6CA224FED1E5E3BE070E07DC8B2D0649007AA72A152B2A45430F9E50E5910F78E643FF30C713FC84D33F776BD3C1E9E7CD012F32E5E70BF6FD79762E7BDE56D62FB8C927DC3B8E392B2B5BEAA73D21D5E90A991AD0171A54ACA8040D5D7B42DD473EE0990FBDC11C4FB0FF9CDAF4EB26AD5AD369D379FE6DC95297C8BAB5D8BEF9F7DD874D9A3167F6B4B13F5A7ED7CAEDE03B9965B35E3C41EB74ED65D3A2A1C5D863B2474E0000ADA2FD8A958E3D018F7C182E0CEA772238A585124F4D171495C92C737979EF6E9FDCBF73DBF6DD3E010FE2E50DDBA1B77E2711FC8C733F8FDAF10E3C01E81EED57AC74EC0978E4C37061E67D6C2DA1774F08CA9FAFB01F711C06A301F480D62B56BAEE7782473E0C16F084AE3DC1FE6BA94367FC7562ABB64D9AD8CCBEA6FCEB62006080E8E13E363CF26198802774DE9E60176665A423323232734B64BD0C0B008C40E7ED0978E4C350014FE8B5DF0900988BAE3D018F7C182CE009F00400A8841EFA9D44C0231F060578023C01002AA14F4FC0231F060578023C01002AA16B4FC0231F068B297A222D2D2D49C86FBFFD366CD8301C23B8DCAADF65064F00468FCEDB13F0C887A1628A9E983D7B760D29DAB469F3F1E3476A09F5014F00C60A2AD3C9C23B3D3D3434B461C3863846949696524BA8894AFD4E802161A2ED899A356B527EA8E0F8F1E3D4EC2A019E008C954B972E5117098DCF3EFB2C2626865A424DC0138CC344EF4FCC9C3993CAEF425AB76EAD496302019E008C153E9F6F6565455D2A158C1B378E9AAD3EE009C661A29E484D4DFDE28B2FA82C5FA3C6B163C7A81955053C011831172E5CA02E950AA2A2A2A879EA039E601C26EA0984979717CEF12D5BB6D4E40E36063C011831A849D1B163477CBD20C68E1D4BCDA812E009C661BA9E484E4EFEFCF3CF51A63F72E408354903C013807173EEDC392C094464642435B54A80271887E97A02316DDAB4162D5A70381A7F38183C01183BA8496169698924317AF4686A5255014F308E2A7A02659ADF7EFB6D1DC3993B77EE902143A884662C5DBAF4CB2FBFA412C6C2DAB56BEFDDBB47FDE480C973F6EC59E48977EFDE51E9AA029E601C55F4445A5A1ACA31DE80513368D0A06EDDBA513F39A08C4F9F3E1D3E7C7893F1B271E3C6DEBD7B53090DA855ABD6CA952BA90403090A0AA27E7293A1EA9E303737A7128091F2E4C9933E7DFA50094019A88E8C2A4FA811062866D9B2656BD6ACA1124C63D8B0616DDBB6A57E7293013C01C8053CA116C8130D1A34A0128091F2E6CD1B5B5B5B2A6132802700B98027D4023C610A8027D4003C610A8027D4023C610A8027D4003C610A8027D4023C610A8027D440454F3C7EFCF894C1939292421DAE2C3E7DFA74F9F2656A51A3262929893AE70AC0136A019E509DE7CF9F53D9CE80898F8FA70E970678420D54F4047E2B67820183CE42F12004AF5FBF4667412D6DBCB46CD972C48811D43957009E500B059E40C5E27913005D2CD4092B035D5383070F9E68C0585858383B3B53874B033CA1062A7AE28B2FBE60B3D954C220B970E1828787079590C5AB57AFBA77EF4E258C97AB57AF8E1A358A4A54009E500B059E40C5E2F0E1C3518DC48871727242A7499DB0321A366C98979747250C92C0C04064322A41033CA106E00923434D4F107C1E57048FC7A726B372E222A2520AE50FAAC82D4A8D8E88CB615149C3839393905C58713A6AA2C013867F21684E6E6E6EA3468DA88432C013CC023C019E2051CB13DCD03D237B393A766DDDA09E791747C71E4EEBEE73F82997663B58DA0E1C336E584FFB5107A378E4829CE0651D6B379B74B5984CF093CF4CECD4B1AFBBC7D09E3D970651636A1159BE833A2D7926DB2CDCD70717FBBE116E4997D076C37DEE3DC0E388E47D1A15014F80278C15F0047882A40AFD4EFC94DF9C6C5785088B7822F3F888D62EFBE385852D51949C9C4F7E009F756F9E83C71C8F8EA3CFA22491BEDFA9EDAC2089DC40641E74E9B8F031B2466962686476CE9BEB470F05046792DB294F7AEC3DA0C5C04D37EE846591357C5E76C8E543FB7CCE3FCFC4562157488B0BF43BFC57228F1EA323CB439BD9B7EFE88DF03CDC3420573D72D0EFFC1FB76E3F8A29220425F10F027CF7EEF3BF15554C88EFA62CF1D59B0CBC7DB1AD481D9D4050167FF7F8BE7DFE813125C22478023C61BC8027C013241A7AA2E0B85BB3D1E784CD864ACA6E79D97BFD997767A695DBB12C42507E7F9E651BB75D0FD3E9C3F38A3CC10D596DDBC67698A7F7AE65035A3B6C7ECB23F21EFB4CB06DD4F5A7359B03C23944F695A9F64E4B0E07F82D75EAF6F3B53C825CC1AE6DE7A15E3B0E5C8F28A3C5EC9CAB3F77EE3671ABEFFE35C33A745E10542CE0BE58E3E0E0E51B70706A97E6BD97DC4CF9107A60CEA25FFC4E1E98DBB3ED98D3D10F69BBE186ACB273DE9F818E4B7C2BB7EF8B1F9D40507CCDD376F0C63317FC76078451AD21F00478C258014F30D6130487C5216BED5A41334FF063B6F5B45C40B60A68145F99DC6DD69D7201FBE17CEB8107D3D0A196C75C5C39C4B2493BD70D7732A97B00344FACB2EDBD23164DE604CDB218E65F8866B2AF4DB29C7A93CC3F44868F8BE594D361EFDEBD0BF575B798748D4DAED0C5767588709FB498483FE0DC61DE03E14A79FEC3BE9F74BD2CF3C04047EF773C01377899CDA853B8F6CF2FCB4E8C7AB4E1079B95AFB895BB213724F484E4567EDAB954ECE80444EEC99196C3F7871550E741029E004F182B06EE09E9FBA5680AFA5F6BE5A3DE3CA1ED3BBFBCC82DBD9DF62452298DD1CC1344F6A1814DC75F2EC33330F901A31B37B71F327CF8F0A1DDCDEBF5D993409D3227F5BA97558B69B7F019D13D4196D0E887E5062FEDE47A3817459505382F7C43D7E63D27CE9B8F58B070CDD94854EA8B561015EF64CC7DBDC6AEF78E38E1CE387F79B5763B5EC47DB2A8431B97B92BBDFADB8EF24FE60BB89187DCED1D474C9B3BC3B99DF58A17B23C21B995A1EB16891D1D9ACC4B0FDAE5D9A7A39D87EF5B2A8733D213DAAB6DE8D613ECBCC488B7D1E9C5B8CF8F0E9111B8F7487045E79FD6004FD031484F54DCDC94BA5FBAF68AAFEB37CDADBBDB77B2B07659733B8B5A5E03F4E4092DDEF9C5F0C2D63B3AEF43859E96D0B0DF891FBBEB87166E475384C74394242765671E1F6135FD7A563E4976E0DC0E8E9B5EFC9B2B740391EBEF663EFE7239192BF1C4CDA9ED275E255722F24E8CB0987C8DDEB125C71344B6DF90D6E32F915F37E0C56CEFDD65C50B56F8869E83B6063D78F032B1883C3E5EC42687EE64FB829FB8BB1F9ACFADDC8DC813925B597A6CB984270842B8B7B47D4E1D163E2657D58B2764D736945636F452DBD09927B8F167BC1CADBA0F1D3F61646F4B4BD71DC1281BD09F3DA065042D029EA063989E10DDDC24A1D75B45330A0367B4B75D8B17D004BDF63BD14BD62ADFF915C27DB9D2DEF59016AF8D2A788248DBEF62BF2E94AAE09587FB8CB16ED76D8887C7D03E0EA3F63E38E266353BA8A25CE2062FB3EE3E73A1531747D7D1A39DBB741CB82B046B826C89B87659FA8C2BE085AEB51FE4934596C42F56D80EF5CB43113FE18073CB2E83C66CBE5326287DBEC5C9CA7E84E7F489C35D669E45675EB9022AEE68B1A0E4A977DFF63683C68EEAD3C961CE35B464D10DCFB6ADBB3B0FE8DFCBD66EF0F6E765658F56DA5B0F9832D563AC6BF7DE6B42B8B4DD501B92DA4A4A88F8D1A106CE4EB7BE233D270FEADA63C9DD22E17E75EF0919B50D96ACCA46F5D43674E4097E8ACFA0B623FCA92A48EEB529EDBAAE7F164F7BF640E889DFDFBCBA7CC457F48C81D4430F624F3DE0294A004FD061AA2778919B1CAC96E20534A1DA3C51E53BBF249CC78BEC461ECFC1E5A25690E989C78F1F5B5B5B474747536965106559715131B2FA062858390951B1698592A7A300766E4254520175ADB350222A31B75CF979B372E2A362334B85654B49C0182B6C5B7EC2CEBEF6EBC95A28B73035299BB61DB1DD88A06F451A4E7E52746C4649E5C9EAA9DF49EC7A9055D9A8A6DA866E3C41E41D1DD2FCA72BA22E4DF65F5EADFA6DBA7040ECD9834EDFB673AA7C0202553E241F7A408D8ECA271D247F66D98027E830CE13039AF79FBF73C7EA09F6ED9CF6BCC50B68427579A2EA777E11ACA0D9366303F2A9945690F0C4A74F9FEEDFBFDFA953A71A356A30FDEB5DBCE843EE5DED07794C1E3FB4579F2927E254AB4E5601FD7B426665A3BA6A1BBAF104BA507A588ACA0254E0BF5E6D6BEFFDB64CEC9E92F81310321E7A2017123DF5A01AE0093A8CF384B3B9F3CA43FE01B7C2B255AB1628A1BA3C51F53BBFA81CF873BACDC4CB54678796A07BE2D1A3477DFBF64586C018C3571E097661567A768956B28C5CF4EE0999958D6AAB6DE8A83D91E5E3D27CD275D19D15D6AD692D07FA66B1A49E3D201B0DF8CE1657FAA1872ADCC4004FD0616ABF93B6A8B67EA72ADFF945E5C0A42E3FDF2CC5096D813DF1E4C993FEFDFB537EA8E0D2A54BE8920694121717F7D5575F5109713EFFFCF3B232B14A41D5A9CC45B22A1BD557DBD0D1FD095EE456C7363F5DCC1616F1FCB4D3A32D06EC4BE44B3F7B50E9099EF4430FE0090D314C4F54DCDCC4A9CAFBA5C219CB82A919DA40AF9E50FFCEAFB3F49DDF82731E36B3EE88EA575A0279029D66CD9A352939D0A85BB72EAA26034A4192407F2E2A210E9AFEEEDD3BEA6FAD21B4DA8654652397975D6DB50D1D794220280DF96D44470B87611E6387D877B09F7A3206D513A59F3D203D51F10484D4430FE24F3AA80478828E417A428FE8D513D2A87DE797C83931CA6EC123ADFF4D717B02FDACB366CD42BF9A501014C6D0EFA417F4D4EF2456DB10AF6CEC0BFFF758B5D53674E6091274A1C4474527E5D3FE86B29F3D10A1FA430FB2014FD0014F54AB27D486177966CB19B2C355CBD0EF4FA4A6A6CE9831E3F3CF3F074FA8859E3C2185D2CA867E6A1B3AF584FE014FD0014F30CB13BA82EE094C7272F2902143C013AA535D9E501F9DD436C013460C78023C4122ED09C493274FBA75EB869A17541A5008733CA113C013460C78023C4122CF130ADEC70624004F80278C157D79A262601A95C7F0D3E4C3626AA0A127E48CEEA77FF8C937769F0CABFA03C3E009CD014F80278C15BD7882C8F573356BDEC9C1D1D1B1471FAFB3E92A9882FAB0984E0A5EFA67D234F284ACD1FDA859FA86F378A1D5C893551F34133CA13955F68471D436B4EC89EAFE442E78828E7E3C21F57A5C79E2BD13077C2F87652687BDCBE60B8892F8976FB3C8929B288E7BF1164DA17D58AC34312C2A3BF3E505DF83A71EA508AF35724CAFACECD02B478FDE8828224A636F1F3D78E241327519CAFAEC19FD4B64E2DF2FD342BF13FDED39B1D1C6E85F4D933E0E12DA27D1A4CF126D59E2BB6CB236519E1874E2C0A1AB217F2C107942D187DF841364009ED01CEC89A8A8282A4D4391278CA5B6A1454F2818BA506F8027E8E8CB13CE1653CF47C7C7272466951244C669778BEE5EBBF62E77EB66DE7438CA97DCA78BAC86FA91430854E454DA4B9621ABED5A751AE8B979DFE6311D2D67040AA7D8B6B1759BB669DB74FBD63D87BA8F59B2639D5B3BEBE5CF9166244600AB58B8F24B64E29F49D3B227C4BEB146FF6ADAD93CB6E4F7DA04629F4423BFC8463FCB62C92FAA91DF6593DA04ED2F69DDC8CC8DBCC265FE05940F81069ED01CEC09C4881123C2C3C3A9A94214B72748AA5EDB5052D9A8626D43FDCA86F63C2163E84265B53F04EDEF207DD2E2C72FB6A81CC01374F4E58901DFB4FBC16DF8F011A337FE5590756890C5CC3B642E28BD35ADED08A59E5865D3636B34FAB549DDB4F2124EA106FE2A3CEEF6FDA46BE8C7E6BE5C6133C847FAB367F485A92F9109689FBFD1CA7D6C314F888F3646FB6A5A99D4F7DAC43E8926799681D2DF6563499E4A2121FD9794FD17503E041A784273449EC0EF9DA0BFA7E81D6CB53CA1566D437165A38AB50DC55F99C525B5145A6C4F480C5D28F37014FC1DA43F7D2B76FC79D29FAC950178824E35F43B91DF897120BF1343B3C2D3C5D60A3C5131320BEBF278F3B1F429ACF3632D67DE45DBE5BDDDE830E077E9CF9ED117167D894CA79EA83856C9AFA6214F881D07F91D1EDA27D1DE4B9CE54559DF6593DC848CBFA4C2BF8002C0139A23E109CC983163222323D5F484EAB50DC5950D76D56A1B52950DF1AFCCCA41ABF727E843177E947938F2FF0E324E9A7EFCB23E592B03F0049D6AF004FAEDDC5A8EBF5484CAC9A4C3AECDC87E275ED8BAAE3DB644F1049C987D039A087BA22ACB44F40B5BCD092A24049C37EBED6DD7D00B3E494F28FCEC59A5272AC710D39D2724BF9A26C313F44FA2DD7B267E96AFA5BFCBC6953C955C197F49251F7E930BF244D3A64DADC469D9B2659D3A75A804A08CF6EDDBFF4F08A5081A9F7DF699927100AB5CDB5054D96055ADB6A1E42BB372D0AA2784504317FEF142C1E1C8F83B843E933A69F1E3A7FDC9E4BB1B3C41473F9EC83DEA6AF65D7B1BF4F7B5B31F773836EFCEE2AEEDBA0F1F3160407FDBE664E926E0846C72FCDEDA65F8C021639C3BB99F2EA57FDE2C6455E7D636BD1C9D86FED0C16AFCE964F4338BE6B12E8EB79E43DEF54379BD87CB7EB4478911C0E80B535F22439724ED33695AF0046DBC1DFA6863125F4D63491C471E21F649B45C89B344995CEABB6C92A79227200AF05F72A4CB6077FC7753F8175000F284B3B3F35B71FCFDFDD14F462500653C7EFCB8BE104A0E425072FDFAF59F7FFEB95AED898A324D796D4361658357B5DA46D52A1B5ABC3F519C431FBAF0628AD2DA9FD8DF61C1351FC993163B7EFA9F4CFED8D3E0093A7AF1840CB805493149F965546F099E929C9059269D11F12F9C56941E9B98ABF04A13A1C20860A231C4B4E009F9487E354D8ACA4FA2C9394BC55F5413C22D4849C892F8BBA93F061AF43B698E44BF53BD7AF5D6AE5D8B26A259CAFB9DAA58DBE02AA96C54B1B6A1F02BB372D09E277861BF880F5DA8E07064FD1D8AA44E9A7EFCB23E592B03F0049DEAF20486FBA4D213F220EF40B91CC03501EDA3534FA8816ECF5239E009CD1179021962F5EAD5FFFDF71F3543154FC847596D436965A38AB50D752B1BDAED7792FA44AED2C391F80EADA29396FA64AD0CC01374AAD713025E495EA1B2CB875F9A5FA0B3B76D0CC513BA3D4BE5802734077B62CB962DF9F9925F89D3C413AA53BD950DEDDF9FA856C01374AAD913D58EC178A29A014F680EF6049510474F1742B55636C013460C78023C41029ED09CEAF744B5029E3062C013E00912F084E68027C013C60A78023C41029ED01CF00478C258014F802748C0139A039E004F182BBAF5448D1A35C68F1FEF69C0B46AD56ACC9831D4E1CA222424049D05B5B4F1D2A64D9BE1C38753E75C0178422DC013AA7B025D53C3860DA3329F416269693960C000EA70698027D440454FDCBF7FFF98C1939898481DAE2C08823877EE1CB5A851939090409D7305E009B550E009542C4E9E3C79865183DAA3E834A91356C6D3A74FFD0D9ED8D858EA70698027D440454F008C063CA1160A3C71E7CE9D4326C0C3870FA913365EC0136A009E3005C0136AA1C01380D1009E5003F08429009E500BF08429009E5003F08429009E500BF08429009E5003F08429009E500BF08429009E5003F08429009E500BF08429009E5003F08429009E500BF08429009E5003F08429009E500BF08429009E5003F08429009E500BF08429009E5003F08429009E500BF08429009E5003F08429009E500BF08429009E5003F08429009E500BF08429009E5003F08429009E500BF08429009E5003F08429009E500BF08429009E5003F08429009E500BF08429009E5003F08429009E500BE3F14479FCED03DEABD7EFF923D6C8BFAD5405C0136A60AC9E287F7964C5D61B297C7ECAF54DF3E6CC1667EEDA73319CB7A756CE9D337BCE9C798B566E39F2576C0941AD698C8027D4C2303DC10E3FB1429863E7CE5FB27EEFA5B03C3E35432EE5F7E6B6ADD76EF0EC45B3BCAF6753D3800AC0136A60A49E20B27D9DEBB459F088C34F0BFC6DED6AC40A0F9BBA353B8C5A41C66B7FB91E8716A86DE63079E5EAE5F37EEADBB26E5DAB7981F946AB0AF0845A18A427C82C8D73ECCA453F0FEED0E0CBD69E57B215E658EEEBD5D675FBEF4B33E61A90068027D4C0D83D41A5516DECA6E7B7754705B0A8A4D80244AAEFC0AFEB381D4C17CE3242B4E70982CFE3F1F88A4B1E7EF2B535E3878D5A7E355D768D979393905CA8B432AC00653BD01483F544658ECD38E452B7CEE0A379D42F5196FCE4A2DF41DF53B7DEE5537F12A23825D47F8279ED7E9B9F86BD4D2E92BB1CFA3972131372586509778F1F3AF32C433849EE626C7E61C49FC77D8F5C7C9E517969A11FA430F6E115FF437E171E25965293646DC2B0004FA801788284FB6CB1452D3BEFB7C28411A2254F10B97EAE66CDADBBDB77B6B0ECBBE06AAAEC0280FB7C59A73E5BC3B3B2F3457DE29CE0651D6B379B74B5984C709F7B0FF0389254F5D243B483CC670717FBBEE15193B587E17B42507C6EB4595D57A127F829E73D2DBFB574993CC3D3B5632373B7C3B1E45FA4F8EACCCE2DCC6AFEAF7ED376ED3B4FBB80DACAB297137083977668E13A6970FB0E3F38FFB8F0BAA2C5CC077A8EEC68E1E0E264DDE8CBA6A34EA4E09F901B7D78B879BDA676CE439D6C9A9A75DF1CCE93B30903033CA106E00944F193659D6B9B4FBF5D269C658468CB1399075D3A2E7C8CFE66A577675974DD102EBCFC79D921970FEDF339FF3C938B52ACE4275B0636FF71DD8DC73115955801EBDE3C078F391E1D479F1576ED9525BE7A93412E5B9A181A991617E877F8AF44B425765AF0A523078F5C09C926372B36AF24FE4180EFDE7DFEB7A28A09D10EEEDCBDB571408B819B6EDC09CBD26E95D570FB9D9A8EDCFDC7AD9B578EAE1FDECECC72E61FB9E8CF597C638A79338FF339E45F96C83D37B649B3A9377146E63C5AD0A6EED0E34239CB5F0E09C0F28B9A9673EF160A7F2E458BD5FCA6DF9617E4AF5A1AE8D5B276EFDD89E40A05E7C7366EE87A2459F81394C685441614CA3D2283023CA106A6EC895AF5DAFDE0367CA85357F3BA5F779A71254DBB858D21A16D4F103997265838FD8EDA0444F695A9F64E4B0E07F82D75EAF6F3B53C5EC1B34393EC1A76F158BB37B0A2BD5176CBCBDEEBCFBC3B33ADDC8E6511026EC82A3BE7FD1964B0DAAE6DE7A15E3B0E5C8F60A79F1EDDA187D7CE833B178CDB18C4119B57167A60CEA25FFC4E1E98DBB3ED98D3714FF00ED66CFE65F378DB465D7F5AB33920BCF277D60606EB895A5F366E6B6DD9A241CDCF9B8EF04F14FE79390FE6B6ACD56DCE890B42CE1FF4EC58BBDBE648A1C0C53C217B39348314401DA70399424B285EACEE10FF22E1528222FF21752D163F4311E7EE0CF37AC38E17E2E9240A8EC8A0004FA881297BA276A31F17FDB6DFE7684060780E59BD355EB4E709A7AFBE6B6FDDBED93796130312D11F97C8F071B19C723AECDDBB77A1BEEE1693AEB1C9BFF4D4B6E32F57FCA1510DF5CAE46EB3EE940BD80FE75B0F3C9846D03CB1AA8BEDEA10F23722527F77B25EF2ACF257A0CD13C22FCB4E8C7AB4E1079B95AFB8A21DB0AF4DB29C7A53FB4F7C1A78BF1391777FA95DBD663F5D229B13AC2B3F997D61EE38D25DC404EFDBC2AABCB827642F8766880B40C5C54A4F0DAFDB76E16314B12E8CF9AAD1A41BB41F41C1111914E00935807E275340CBED8992D0ED4E96E3CEA16B9F17BEA16BF39E13E7CD472C58B8E62C596D94F0447EC0E8C6CDED870C1F3E7C6877F37A7DF6247CA0790207A8147ABDC6AEEFAE84CA161D6D9E801B79C8DDDE71C4B4B9339CDB59AF7861F29E4014DFF06C5EB7E7CE58BE5006A83980FF52E288B727E42D272E001517ABF404D99EA8EB7288F6E49582233228C0136A009E3005B47E7FA23C68B665EF5F62F844DE89111693AF515DE018314F10D9C747584DBF9E954F921D38B783E396F0E7D29E20B20E0F6E3DF10AD97BC14E4FCDE1D3E7F122363974F77EC713F01377F7EB22E6899B53DB4FBC2A3292D660C07D6C0E2AB6BFB45C16CC1194DEF66A51BFFBDA60EA6E102B33219DBA1920E609B9CB890B40C5C52A3D2128B838EEDBFA0EEB5F96A0432C7C7D688D4F4881DC233228C0136A60AC9EC83B36A401BA8C2A3B32387F79999B795C1279426A0163465B9EC83EE4DA05FFCDB8AFD7DAD9AD79CD13943EDFE264653FC273FAC4E12E33CF92053BFBD6F40E93AEE25A3E9173CCCD6A7650C55F9D1BBCCCDA61E3F9D5F6837CB2506324742D0E104461D032FBD6368346BA38F45FFF942336AFECD14A7BEB0153A67A8C75EDDE7B4D0857B4037EC201E7965D068DD97C47BBE590617A423CC7F2A27FE9F555EBB90F38E857095CD1BB495DB3569DEC6C2C9B3568D47F0F753300FDB52DCDDCCFA2025C889CE5B8AF56599B8D3C2352BD4A8B959D1B6DD661F97361CC4B3CEBD9F1AB9A0D9AB76CD2A0A1CDAC2BE97CB94764508027D4C0483D0188A1254FC883959B101595985B8EEB8F5586579C1613935E22EB71026E616A52B6ACEDB3D1AE930AB46C7B83F48462D8B9B121CF9EBE084FC857DC4256713955375701AF28293438383CB5B4F2275277137A073CA106E0095340C79E303618E809406DC0136A009E3005C0136A019E3005C0136A009E3005C0136A019E3005C0136A009E3005C0136A019E3005C0136A009E3005C0136A019E3005C0136A009E3005B4E8096E516A74445C8E965E5AE0C51C5BFAEB0BAD3E10C34FBEB1FB6498469B044F9802E00935004F28C2583E07A6254FF093CF4CECD4B1AFBBC7D09E3D9706A1A298FB5AEE80AD0A6655C27EB8C071F215B1B7F43486F378A1D5C893152F0D5409F08429009E5003667A82C8BEF7EBE285DE57E2E9CFDA739E6D72E9E31590AEE153FC95487C0E8C60151696CB7AB8DFF0D18E2788F4FD4E6D67058994599EF4D89B36602B7D505789591263CA56C07938DF66F459F225ECB2F8BBC7F7EDF30F8C41E57B6962585476E6CB0BBE074F3D4AA17626BDBEF494F2C4A013070E5D0DF9630178421B28AD2411790F0F6EBE102D55179037DDC0004FA801233DC14FFCB5AFD957F5EB582E7946EB5FE0459C583473E7FD026D7942E273609CBB335B988DAB1CB7884968A93D517E7F9E651BB75D0FD3857F7522EFB1CF04D180AD5CB1415DA31FD266498E295BF103F163B6F776DC14C113145FF3B41DBCF1CC05BFDD01615C72A4D8569D067A6EDEB7794C47CB1981C5A85620B9BE8C2919A7DD2DBA7BEDDABBDCCDBA91999B517B42562D49CF95245EC2ADD37753D27C065ACEBB9F1B76F1E24B6A8C0E79D30D11F0841A30D113BCE86D8E8D87EFDEE96AD67ACE7D5AB9CDCD4B8CCD20BFA725FE852E32774B7C704B6A017666E8AD33870F1CF4BFF60A7FA84BE27360BCA2E4D787467FF7D5A0DD2FC2DEC464314D165ABB3F511E7371E510CB26ED5C37DCC924FF6CE203F1890DEA2A9A256B4C5921C8BC6D871CCD1710B927475A0EDF1F56202C87B821AB6C7A6C8D46319179D0B99557A0F4FA32A6641D1A6431F30EB9E5D25BD3DA8E30664FC8AC25E9B79244E4056D1AD6A97D8F9E566DEC7B59B5EB31D51F0FCC216FBA41029E5003067A82F766BD6D63F7B3793927879B994FBB251ADA473452190AE85FE82A95FAE0164B7C81FF1E2CB66CDCA6D7880913DD7B7D5FEFDBC1BEA8A226FE39B073B1E7A6599B9BD5FCFCAB66ED2C2CFB793FD7F24011BA468BF7B1119CD4EB5E562DA6DD62D13D2135A8AB6896AC316585B003A7B71AE64F763BF1D2837679F6E968E7E1FB964D1B01907579BCF9D88BD2EBCB9812B1C9C1811C2B101D9D91DF9F90534B525049525C4B4213246B492A549258290F7C67F66C52AB56FDF6C3365C78935FF19BCA9B6E808027D480799EE0BE58DEF1DBB1E751F1521030BA619309A2DBA0744FD0BFD025FDC12DB6F802447E7212AECB0AB82F5776ACD3674F12198B0FB729E0DC9961DEA072204146A1A5FB13C539B9C2D32772FDDDCCC75F2EA70DD82A6B50576A96AC316585F042D776EDB3238E2F2008F27720D2F6397558F8B834645517AB3941E8A7E1BC596F6FBBE6B5F4FAB2A6F8BBB51C7FA9086D34E9B06BB3E1A42788A284F0C462AA42AC1686EC0939B524B99524E9CF924A2CC191AA2529AF2411390113ED87785FDB3DD27EC1293FAF1E7D3784086B4EF2A61B24E00935609C27D80FE7B7FB4E582208044597C6356E383A205F3843DC13B42F74497D704B620121FC9294D7F76F5EBD78C4AB73ED2EEBDF9093C01312F0C27E71EEE2E83A7AB473978E03778594A3BF5AE580AD9283BAD2C772951E5316537AE9278B8957CB78E13BDDFA8EF49C3CA86B8F25778B507BA2736B9B5E8E4E437FE86035FE34A977E9F5A5A610057716776DD77DF84897C1EECE9DDC4FA37A73E1B1218D3D2E56E5F732604FC8AB2589657E5A1D48462D496209E95A1219AA92F9F989BF39B59B1158D18D2842DE7403033CA1064CF344F95F5E2D6A36B11F3E56C808FBA65F7C3DCC1F7F2445EC52110642A43FB825B180809770668AD5378D3BF41D32D27D68D7265F76591F464E064FC880959310159B5658D9314E1BB055725057B1B15C658E295B1030D676CE3DF4D370F293A263334AC85E0ADCEF9456941E9B984BFBD1A4D7979AC22D4849C82AA39244DE85897D16DCA3B53954C7703D21B7962496F96975A0AAD492C8294694F9E5019E50038679A2E4C694668DFA2FF1394CE1B3D4A9517D671FE1ED36B14BA55203D21FDC925CE0C1DC56F5FAEE49200B29F2CB9E751578626C95EAA7D58E76EF4F6891F287CB5D973D14AB7992CF3BB968FE35B4F297278E3EABA809A889C17A427E2D494EE6AF522D899C0A9E30524CC2138517C6366E3CEE12AD9258727D7293BA3FFC4A7E535EDEA522FDC1AD32B105D881D39BD51BE0433E52C88A3E3CBC999CF604F7D992F6B57BEE8CAFE84E671206EB0959F04BF30BAAB74032544F28A825C9CBFC55A92509271B4F25491EE009356094274A2F8F6FDC74D2559A260482B2DB5EE6F5FAED4DE1577E714BF20B5D521FDCFA20BE40F9CBAD7D1AD737B7E9696F653FCE6B489BEE9BDE9193253E0726287FB4BC53DD2FCD9A35B79A47BE8BCC2418E589EAC7403DA1A89624CF13326A49E24BC8A82591938DA892240FF0841A30EE3E761591F1C12D3AFCE2E4D0E09731794A9ECE28CF781BFC2C3445CE460C17F0845A18A62714D692E45692A46B49124B48D792C8A9465449920778420D4CC513A68D963C416404EE3D122C2A3BD44434401F272721B9103F61A3119A1D8E38DCB0834B7CC2A96A82E1DEC7AE225AA92531B592240FF0841A80274C012D7982F60A5C15A878018EFBDC7B80C79124CD455179382A0D3A8891B768D9ED19DDBDA8D7118CCE13800CC0136A009E3005B4E989DFDFBCBA7CC4372038B3A2AC951A918F3E202099961CA0AF2CF1D59B0C72D9D2C4D0C8EC9C37D78F1E126D8EDCD891837EE7FFB875FB518CF4E040629BAEF084E4A08312D08F4F7251765AF0A523078F5C09C9E6955D9DDCD9EB96F04E2D78C214004FA80178C214D09E273A7DDBCEC9D37BD7B201AD1D36BF4593A447E4131B10F06C1E4F6A803E5133801BB2DAB68DED30D1E67802EE8B350E0E5EBE0107A77669DE7BC9CD1489525F62D36CBC219ED87884D4A215881FDF15F1F109D34F8FEED0C36BE7C19D0BC66D0C6225EDEE6FBF219CD41578C214004FA80178C214D09E276C7BEF8845A537276896C5307FF21681CC31FE2A07047C912A35401FCD13E29B2B24320F0C742407FFE0062FB319754AE69D07DA588365151B921C8FB012E9E3A38D4F98FABB93F59267A24EF9F200F79653FF24E780274C01F0841A80274C01ADDF9FE0062FEDE47A58206B8C3FF101019FBE911AA08FEE09B1CDE512DC278B3AB47199BBD2ABBFED287F3CD4041D89B10655F084F4F1552ECA7DBDC6AEEFAE04D15E58E7C7B498741D3C612A8027D4003C610AE8CC13D223F2490C0818FCAFD4007DF23DC10DDFD073D0D6A0070F5E2616E1E25B6C2C3FC9B106699E100D3A28B18AF4F1D1C627CC3A3CB8F5C42BE49016ECF4D49C8F19FB9DAD163D259B17E00953003CA106E00953404B9EE085AEB51FE4934516EC2F56D80EF523A7498DC8273120205B6A803ED1562437974714DDF06CDBBABBF380FEBD6CED066F7F5E2631969FC4A659A2F5E9830E4A0CFF27797CB44589C2A065F6AD6D068D7471E8BFFE69C99D991DDC4F1590EB80274C01F0841A80274C012D79421E9223F2490E082836409F024A02C658E1EFAAF21376F6B55F1F9A2535969FE4A64550830ECA1CFE4FE2F8E8E313F28AD36262D24BF8A4AABA8FA04694044F9802E00935004F98023AF684B6E0451F72EF6A3FC863F2F8A1BDFA4C391157A2FE587E551DFE8FFB72FDD079B7A93BE7E00953003CA106E0095380219E2021D88559E9D925A2A790AA03F08429009E5003A59EB876EDDA5EE6101919491D374083419E3004C013A60078420D147B8220881A356ACC9B376F0113B0B2B21A31620475E8000DF0845A80271413181878905144444450874E033CA106AA78822943095FBA7469F4E8D15402A0A1174FF093AFAD193F6CD4F2ABE9522F3E688EB6C60E5409F0846250993065CA94590CA173E7CE03060CA00E9D0678420DC013A680963C4164F90EEAB4E419959280FB7C59A73E5BC3B3B2F365BCEF56256843F6696DEC409550CB13CF9F3F3FCE1C64D6ACD5E5CB2FBF64B1444F1E1B3AA8F53378F0602A41033CA106E0091177EEDC39CB1C727272A8E356016D7922F3A04BC7858FC95072083F56F2932D039BFFB8EEC6E39822829F8766ECDB77F446789EB06427174E8B0BF43BFC57228F8CB3B243AF1C3D7A23A288288DBD7DF4E08907C9582D62A3FC890FD9271A3B10B55B646C5D6234410D51CB13FFFBDFFF060D1A34990974E9D2A55BB76ED4716B007882B9802734F2042A76D1998E67086666660B172EA40E5D05B4EE09C921FCB805CF0E4DB26BD8C563EDDE5BA1977EEEDC6DE256DFFD6B8675E8BC20A8985CD8AE6DE7A15E3B0E5C8F2813AEE8366DD3B6E9F6AD7B0E751FB364C73AB776D6CB9F732546F9CBC9A18FEE277A759BC8B92ABD7589D10435462D4F7CF7DD7759595954C2B079FAF469EFDEBDA984068027980B7842234FA04B1D5DF054C2E0D9B76FDFFCF9F3A9840AE8C0131243F80907C4683BFE328B483FE0DC61DE03B28140E4F90FFB7ED275165AB88BEDEA10E150AE952B161E77FB7ED2B51234E9E50A9B413EF80D37DA287F5CFAA84D159E90BD75C943D114F08462C013CC053C019E908B2E3C213E341351E1097274BDDE3BE2843D429CBFBC5ABB1D2FAA5C98BE22EBFC58CB9977913C786F373A0CF83D959018E54FA627146E9D3A14729E66802714039E602ED5E809A22C2BEE5D4442E5B80D7256E016A54647C4E554643089A4E68027E4A1474F10D97E435A8FBF448E93C48BD9DEBB0B2AF055F3045762943FE489CAD1FD2A5653B8759127C48602AC02E009C58027984BF57882C87BB8D5CDA6D30FA3264C74FFD1D66E9C7FA280C83DEA5AB75ED7752F841989756582D5CCBBE44393672676EAD8D7DD6368CF9E4B83381249227DBFB30D5934082938E666A546E7BB08F0843CB4E589EC43AE5D9692CF3B490FE12760DF9ADE61D25554FB2F79EADDB7BDCDA0B1A3FA747298730D15E0950BD357645D1C6F3DE73EE989884D3D5CF6A71312A3FC71E9A3FB55AEA660EBD4A108248702541BF0846254F284A1D41EC1136254872788EC731E167DB7BE2EC5495E5E524A91B0D269D5AB677BA7BDF17C541A5C1A6FE9F5970089C0A92D1EE28D442229FC644CA7A5C19427F2FD8658CEC3A15A8027E4A1254FA80E2B273E2A36B354D83FA40652A3FCD187ECAB44F1D6650E05A816E009C528F38474ED912FABF6C851BFF6287CD64E4DC01374AAC113448EDF90EF275EA52C5101F2C44087F5D7F638594EB89C47509E1094DF9F67D9C66DD7C374FC614A892478423D0CDE13D549558702AC043CA118C59E90557B2464D51ED9EAD71E1FE2582DC01374AAC113BCB71BED6D57BFE60A7891FBDCED6D6DAC3A0EDAF50E7B626378C9B3E5B636CB9F155CC49E40976FCCC595432C9BB473DD7027136515B12478423DC0133A053CA118859E50BDF6C856BFF6089ED094EA684F64FA389B4FA8C81104FE1E18E589B73C22EFF244CB013B7779509E10C249BDEE65D562DA2D2A935524CB32F60FA0BE258636947BD8B523DC9F50047842A768DD1344F6BD5F172FF4BE42D6A545B0C34FAC983B67F69C3973E72F59B3FDF01F6FF32BE7B2E2AF6FF21CD4CBDEBEF7A09F969F0895D98756B9FE82E51B7FBF1486DF3A54845E3C21B3F6C893557B241B0E6AD61EC1139A521DF727F829875DBFEFBB2DB48C4C487A02CD4ED8E76CD1F2FBD6E4FD89E29C5C61C62272FDDDCCC75FCC144B5E2E67DD9EDEA6DFEE38E13B524537A775703D44466AA20F4FA87DC5AB72C9AB7DC5CBF404FA992E5FBEFCEFBFFF52691AE009B5D0B627F889BFF635FBAA7E1DCB25CF704D9984C8F675AE6DE63079E5EA55CBE64F71EDD4F0CB6FEC17FC211C1BABF4EE9C7675DB8ED874F2EAB5B3BF2F1B3B6E57285556D211AEDFB087275A7F89D7900E5FD7B69C7757C93D19FDB42764D51EB9B26A8FA20E26D56B8F4F84B17A8027E8548727D01590F6C7F21F2DDB771FE43E7A888365C731471350FE3D34A4F7E6086191CF7EE5DDDDACEDFC47025ED82FCE5D1C5D478F76EED271E0AE9012F16439AA85C49F9CD8A99DFD308FD14E5D3A0FFBF5B5503D6AA2A227FCFDFD3F7CF840252A50D113EA5EF12A5DF2EA5FF1129E403FD0D5AB573B77EE8C7EACA8A8286A2A0DF0845A68D913BCE86D8E8D87EFDEE96AD67ACE7D51F14AFEEA75DA2C7844E5235EC61F333AD6FE66E8D1343EF7E9628BDABD762528AE2D08D7B758F24C989FF889BB7AD5FA76EA9FA2A25726FAB93F21ABF628F2049A2DAA3DB2D5AF3D6690A19A8027E8548F2784F04B33E322231372647D8E92062B27212A36ADB0A27C954822F82519B1913169C5C27C510554F444C3860D9B356B76E0C00136BBF2B252CD13EA5EF102952E79F5AF789127D04F73FDFA751B1B1BF43361C0139AA35D4FF0DEACB76DEC7E362FE7E4703373544BA6264BE41A44E1058F46B57AEF4EE4C6EEE851CBCC6957B8C2CA9258AE21D2F7FF58BBA5F0316305C8F3042A3111544205147B02E561A9DA235F56ED91A397DA2378428C6AF484A1A0BA277091DABC79731F1F1F6C0B953CA1F615CFE7AB72C9AB7FC5234FCC9B37EF8F3FFE40191D9F8B88C78F1FE748815CE2E0E040250065C4C4C47CF5D557544221797979CA3CC17DB1BCE3B763CF1722FD048C6ED864C215AAA9289D6B88B47DFD6B7DF7F39F6C223F68A5BDD9E775DBB82C3CF22C4BBA012A845CBF76B3A1DEA7CE9E39B16F89539BB6A38EC4C859B402694F8487878F183102659B3367CE50935440992784184AED113C21067882F4849B9B1BAA0C2AC6CCCC4C58A252A0D33F7CF8704A4A8A524F54E18A17A872C9AB7FC5234FFCF0C30FFFFBDFFFA873A0F1F5D75F23114A804ABD2FBEF8824A00CA4039E4B3CF3EA3120AE9DCB9B3124FB01FCE6FF7DDF84BC2E7748B2E8D6BDC707440BE70868C5C93776460ED46936F089B92E589B7764C7668FAE5E766B6B3AFA096A9A02CEAF649FF6308FF13B7A3C9A5D1FAB5EAB7EDED3A64C86027FB56DF34EE34EE40A8C4534612D03DF1EEDDBB51A346519946179E3018C01374C013A427D0155E5F19F8C29000D5AABEFDF65B6A43B2A9EA152F75C98B5DF1A875ADFE158FFB9DE2E3E3274D9A24610BE877D21C5499D056BF53F95F5E2D6A36B11F3E56C808FBA65F7C3DCC5F38E6A174AEE186ACB2AAD5796D28ADE65CF266FFB066359B4FBF5D4E645D5FE3E12EC463DD4D344BB87E452B54C04D3E3ABC719D5E3BF1D05772C09E888C8C44CD6E2ABB54E0E7E7F75E656AD6AC595252426DD4E0014FD0014FA8DDEF84717474BC7BF76E6666A692F68486577CE5255F2A76C5E71055B8E2E9F7B1E3E2E2264C9880EABFF874C0139AA33D4F94DC98D2AC51FF253EA8C52AC467A953A3FACE3E6928DB48E59AD2870B2CBFB458F444FCCE14FBA6E7B7B59C0E664A5D82E2B946C08FD9EE50ABC5EC7B9599501AE4092B2BABDAB56BE3AC420735376BA90C5AFEFCF9F3D4460D1EF0049D6AF204C1E7F1787CCD3CA2AD6F5AAAEB89EEDDBBFFF5D75F9F3E7D421395DE9FD0FC8A977BC9AB7FC5D33D81898989193F7E3CB205784273B4E689C20B631B371E7789F6F05AC9F5C94DEAFEF06B221FFFEA2DBD6EA46767A5C587DD3DBAB87FB3BA1653AF641244D6CD3DBF5C8F168E63C8CDB8F673BBDAD6AB5E49F743E25C37EBCFF4ECECEC8CB847BE3F59D66EFAD3E57C4597226E4F646464CC9D3B17B509F05580817E2713A13A3C41E4FAB99A35B7EE6EDFD9C2B2EF82ABA9552BEBA96F5A52290D50DD13DDBA75BB75EB163604469927AA74C50B54BBE4D5BFE2A53D814192C8CFC79D61628027D4425B9E28BD3CBE71D34957C59E712EBBED655EAFDFDE14BEA0F0CCA8AFC946E0679F7D5EDBEC7BDBC1B3F63DCE125E4145F7D6F46C52BB76C3162D9B37A855AFEDF0DD2FC4B65041C5FA68035FD4696CF9A3D7C117058A2C217E7F223D3D7DF6ECD9225B68D71386547B044F88512D9EC0E34CA38A6FE9DD59165D378493FD2CBCEC90CB87F6F99C7F9E595120B2D3822F1D3978E44A4836EE87915C82FAA66579F2AB90149CFBB8196F5E2596492C49FF7AA670294954F4C4BD7BF7E886C028F14415AF78152F79B5AF78799E900778422DB4787FA2AA700B12DF3C7F1A1C9E52F5E77CA4A17B02832EFF9933677EF1C5175AF484566B8F5A100578824EB57A82C8B934C1C2E9F7243E917D65AABDD392C3017E4B9DBAFD7C2D0F55A9D34F8FEED0C36BE7C19D0BC66D0C428B4A2C817204FE8080A0F8CA8476A34EA25504A5373C3B8C3E9B2BBEE4BFB4AF674AB7C24954F4844C94B527344007973C7842A71880277482B42730292929D1D1E433542AA2C413AAD51E25AB8FBAAA3D8227C4A8264F387DF55D7BEBF6CDBEB19C1890882490E1E36239E574D8BB77EF427DDD2D265D639363B4588BBADED12A924B547A4250FAC754CB11C77308A409EB9F2E15482C7991F6F54CD918A82774007842A7989A27D445454F28A83D4A561FA597A8F8FC9454ED3153BCF6F85259ED113C214675B6274A42B73B598E3B9743F0C237746DDE73E23C5488CD5FB070CDD9481EF9A1CABEB4F791A596A0794250FED78C8E6E4713AF4FEDE279BD4472C9BF45DF2D930778421EE009B5004F2846A92794D51E8543C1D2AA8F3296A8F084B2DAE35365B547F08418D57B7FA23C68B665EF5F623EE69D186131F91AAD0F9EC83A3CB8F5C42BE4C7EDD9E9A9397C426A099A2704EC07F33AFDE83ED4CE2BB05C20B9A428E3C8053C210FF0845A802714A35A7B4241ED5120517D94B584E872575C7B7CAEAC54004F88512D9E20BF83B94C38F02FF7F55A3BBB35AF79A5CFB73859D98FF09C3E71B8CBCCB3E8F7230A8396D9B7B61934D2C5A1FFFAA764A7A5F8122893E00F570AB7C879B6CCB2769B790F844F948A2F9922FABEA53CC013F2004FA805784231AADE9F905B7B94AC3ECA5882562DD4ACF6089E10A33A3C2107566E42545462E5877105BCE2B49898F492CA6717A496908BEA4B8227E4039E500BF0846294784285DAA354F5516A09FA47D515D51E4394D51EC11362189027AA0BF0843CC0136A019E508C624FC841BAC627597DD44DED113C210678023C2117F0845A80271453254F541BE0093AE009F0845CC0136AA19627EAD7AFDFAA55ABAE4C001DAA56B2017882B9802734F2447E7E3E3A534786800E75F9F2E5D4A1AB0078422DD4F24446464608739039AC8BBA8027980B7842234F20A2A2A29E3187B2B232EAB855003CA1166A79C204014F3017F084A69E3062C0136A019E500C7882B98027C01372014FA805784231E009E6A2434F0C1D3AD44DDBE8629B8D1B37064FC8043CA116E009C58027988B4E3C81080909B9AE03C68D1BF7DB6FBF5109ED919999491D3740033CA116E009C5A0BAA3ABAB2BFE24A3761939722415698FEFBFFFDEC5C5853A741AE0093550EA095D505C5C8CAE43F413526940C78027D4023CA198972F5F5ED401E7CE9DEBD5ABD7850B17A8B4F6484E4EA60E9D0678420DAAC5139B376F465512444444043509D025E009B5004F540BA74F9F4665C25F7FFD45A5750C78420DF4EF89929212333333EC893163C65053015D029E500BF084FEE1F178161616A84C70747494FEDCA42E004FA881FE3DB16DDB362C094C6464243503D019E009B5004FE89FB367CF5225428D1A77EFDEA5A6EA12F0841AE8D913EFDFBFFFE69B6FA8EC20C4C3C3839A07E80CF0845A8027F40C9FCFB7B4B4A44A841A357AF6ECA987260578420DF4EC891D3B765079A182CF3EFB4CAD6FF30255003CA116E0093D73FEFC79AA38A8E0DEBD7BD43C9D019E50037D7AA2ACACAC4993265F08417AF8DFFFFE87E3499326514B00BA013CA116E0097D821A131D3B76A4FC5001CAAEBA6E528027D440FFF727301E1E1E172E5CA012808E014FA80578429F5CBC78919283380F1E3CA096D00DE00935004F9802E009B5004FE813D46EC09495957DF9E597544208B5846E004FA801F20452F72F7AA773E7CEE3C78FA712808E717373EBD6AD1BF59303CA409EA8968BC2C4D9BC79F3E79F7F4E2574CFB871E3DAB56B47FDE42643153DC1E3F1B66FDFBE4CEF585A5A0E1D3A944A003A66E9D2A5818181D44F0E28832088DDBB77537F3B405F2C5CB81079824AE81E74515CBF7E9DFAC94D862A7AA2BA807E270000E8949797D7AA558B4A00BA013C01000083014FE801F00400000C063CA107C01300003018F0841E004F0000C060C0137A003C01000083014FE801F00400000C063CA107C01300003018F0841E004F0000C060C0137A003C01000083014FE801F00400000C063CA107C01300003018F0841E004F0000C060C0137A003C01000083014FE801F00400000C063CA107C01300003018F0841E004F0000C060C0137A003C01000083014FE801F00400000C063CA107C01300003018F0841E004F0000C060C0137A003C01000083014FE801F00400000C063CA107C01300003018F0841E004F0000C060C0137A003C01000083014FE801F00400000C063CA107C01300003018F0841E004F0000C060C0137A003C01000083014FE801F00400000C063CA107C01300003018F0841E004F0000C060C0137A003C01000083014FE801F00400000C063CA107C01300003018F0841E004F0000C060C0137A003C01000083014FE801F00400000C063CA107C01300003018F0841E004F0000C060C0137A003C01000083014FE801F00400000C063CA107C01300003018F0841E004F0000C060C0137A003C01000083014FE801F00400000C063CA107C01300003018F0841E004F0000C060C0137A003C01000083014FE801F00400000C063CA107C01300003018F0841E004F0000C060C0137A003C01000083014FE801F00400000C063CA107C013807A3C78F0E00F4065424343A93F1CA01BC0137A003C01A8414C4C4C8D1A358602AAE1EAEA8AFE5C0441507F3E40078027F400780250838888082B2B2B2A01280319023CA16BC0137A003C01A80178422DC0137A003CA107C013801A8027D4023CA107C0137A003C01A80178422DC0137A003CA107C0133A83E0B038C656408027D4023CA107C0137A003C4183E0F3B822783C3E272721B9904FCD54135EE496DE4E7B1251C42D4A8D8E88CB61E1E99A828E111D5975153CE009B5004FE801F0841E004F88E086EE19D9CBD1B16BEB06F5CCBB383AF6705ABD6FDD008F23495512052F6CBDA3F3BE646EF299899D3AF675F718DAB3E7D2208E80FBFAE062DF373C6A213114CC1241E4FAB99A35B776E8DEAD8B95EDC00567A3CAA9197454D95055014FA80578420F8027F4007842027ECA6F4EB6AB42B8645C96F8EA4D0619952686466665875E397AF4464411511A7BFBE8C1130F92D9E4324809D921970FEDF339FF3C53B89210EECB95F6AE873278E9FB9DDACE0AA2161494273DF61ED062E0A61B77C2B2907D4AE21F04F8EEDDE77F2BAA9890982573A3A8DCC93CE8D271E1630E0A59F1677E6A6FB5F041198A156C883E4BB809CD004FA80578420F8027F4007842029A27B821ABEC9CF7671028586DDBC6D66DDAA66DD3ED5BF71CEA3E66C98E756EEDAC973FE70A88EC2B53ED9D961C0EF05BEAD4EDE76B79B844E03C5E6437F2780E2128BF3FCFB28DDBAE87E964D14EE43DF69960DBA8EB4F6B36078473B8A107E62CFAC5EFE481B93DDB8E391DFD90364B72A3C26D92D03C818E3461679F5633EE28DA90D8ACB3D4C1690278422DC0137A003CA107C01312C8F6C42ADBDE3B6251F5BCF0B8DBF793AE95900D861536837CB2890C1F17CB29A7C3DEBD7B17EAEB6E31E99AB0E9C00A9A6D3336209F0C05E53117570EB16CD2CE75C39D4CBE807D6D92E5D49B15ED0B01BF2C3B31EAD1861F6C56BEE256CE92DA285E1821E60901EB9C7B23F773C2AE27D91B12429F454DAA3AD5E789F2C4C0DF178F1FD4DBDEBEC78F6E93971FB85BD19C1370DE9E5A3977CEEC3973E62D5AB9E5C85FB12515A5322BFEFA26CF41BDECED7B0FFA69F989D0626AB21E014FE801F0841E004F4820C7133810B0CE8FB59C791795D3BCB71B1D06FC9ECA0BDFD0B579CF89F3E623162C5C733692BC2D50F6E7749B89978B849BC37052AF7B59B598768B452BC3B99187DCED1D474C9B3BC3B99DF58A17B4E25D6AA3E4E242C4DB13F1BFF46E3FEF2147FE86A4F6215C4F13AAC71344F6ED455D1B7C6D397CD9EFA7AF5CBF7C62CF52779B667D772508EF1C11D9BECEB5CD1C26AF5CBD7CDE4F7D5BD6AD6B352F905474E9DD39EDEAB61DB1E9E4D56B677F5F3676DCAE50CD4F5F5DC0137A003CA107C01312A8E70922EFC4088BC9D7C4AAAAC5572675F9F966291912C539B9C2E79C885C7F37F3F197CBD937A7B69F78959CC48BD8E4D0DDFB1D4FC04FDCDDAF0B59BC8B66C9DA2886E60976E2B9C91D6D5706B3156C486A9670239A501D9E20722F8E6F5AA7D3C27B05B4E296979F9D874F87F4449D360B1E09E549A4FA0EFCBA8ED341F4E33D5D6C51BB17E592EA023CA107C0137A003C210191B6DFC57E5D28D92EE085AEB51FE49345540602D6C5F1D673EE939E88D8D4C3657F3AAAB63EDFE264653FC273FAC4E12E33CF2297149CF3B09975073F05CB0BFBC5B98BA3EBE8D1CE5D3A0EDC15522EE0271C706ED965D098CD77CACA1EADB4B71E3065AAC758D7EEBDD7847069B324372ADC1609917BD4D5ECBBF6B67676365D1C862DBF1847B61A146C487216DE8A0654832788D4FD4E75BF713F9B2FA7B015F38480FB6CB1452D3B6FE4FBD81D3D6A9939ED0A276FF45717E0093D009ED003E0092DC0CA4D888A4ACC2D47C50191736294DD8247157DE708564E42546C5A212EC6106CB4705281B0C8E616A62665936B51D066896D54290A3624394B33AAC113EC3FA634AED56F6F2A790A4441D4C3DBB7486EDF7B9B839B0A629E287EB2AC736DF3E9B7C9E9F9412BEDCD3EAFDBC665E19167599A2BB22A8027F40078420F8027B40B2FF2CC9633C2BB1446493578827571EC57B506F9099F0AE03EDDF863974E9D3AB56F52E74B47E18305FFDFDEFD07357DDF711CFFA34DC80F2451A41012514003A8E82CBA894C269BB4858A90AED8B5B5148CD5B6B3B28ECE9BE7D56E756D4F6BBD8A8A6DD5B50C9555598F222D9C65360481A29CAC54AC3984190E867A821C2697E448CCBEDF2F219104BEE1D393E4F8DEEBF1572E891FBF17EEDECFE4FBCD37DFE14E0488A37FB926233D65895C14B460E3A9EB233B9B0CED15EFAC5F16C67F48BA78B3EB5EDF41277C009DF001740208F8A11316CDD6687E9CE38C9661432D6F2E162EDDD5E6EC842078D5D6BD1F1EF8B8A4F252AFE7278781E60F9F94F1C2379C19EBACC449854EF8003AE103E80410F0C771ECBB956A392FFAE56AD7717D8F4EB88E4F8CCD549E13129052D8EDEB798D4EF8003AE103E80410F04727EC565D515A085F91FEB7B3D799E33ED69B959BE609D83B61EB29DFF3EEBF2E3327A15BBACA72A305F3B73D80F34708A1133E804EF8003A0104FCD209CA40F3C7EAC470014F1C322B4226E1F3A4F31E7FFBDB01E621DBCD4FD224CA3FD6B945A0FFEC9F97870A04331411E192007154C6EE7A9C67C74DE8840FA01340C05F9D605807F4AD8DB51AED85ABB7D87632B9586EB7379FAFADBBD479C74F5F2C40277C009DF001740208F8B513530F3AE103E8840FA01340009D20824EF8003AE10353AC132A952A3535F530F8C98E1D3BE6CC99E3F8638037C39D888F8F5F049346A954522FB2E31587C931C55EDFAAAAAADCDCDC0DE0275959590A85C2F1C7006F863BD1D4D4741126935EAF77BCE23039D0612080FD4E44B0DF09B8019D0002E804117402B8019D000253A013833AEDD94BF46F043A6FF80F3A01DC804E00818974C2D275EE407EF66F96272C4BCED8B0F3784BDF039A9236635F9FC1EBD8B7D4BDAE14A51DE977DD18C7E8E5CCDAB75627A94BF40F76A2A313C00DE80410F0DA89A11F3FC95288E429AFEDFBC7E9D39F7D909FAE8C5657DEF72BEB3F9DB9EA258574DDE7C317F618DF443BE1B6DCD0F7C7B6BEF4DE37F75F0AE9014027801BD00920E0A513B6EEA36BA60726EE6A7195C1D0DB3B72C16AA3BEA1ECE881FD4525D56DFD2393D37CA35DD76BB2F67DFFE5D183874BCF77B94EB41ED4D5941CDA7FA8F8EB1FFAAC765B7F47D3A1A71E99F6D8EEFA8BCD6D3D23D3FD6E87A6F4A3C2839F56FCE7D6C82783313B61EABE50515CB4BFF0485923F33F8CB19CE566FB952EE6228414B22D1D1F3A01DC804E0001F64ED87A0EAD164A323F63AE15319AF5BFA579B1D3A473939E484B8E992E90A717B6D283961AE631F2D49CCCD8B9CB56A7CC0FE687651DEBA427FE5DCDB6C5C151AB9E57E7A912976C2A37DE3A99375F2EE53D344D163D5799BCF3BC855AB1F3448E3244B97AFDC69C276283E56B8AAE303FCEE1D909734DBE726664E2DA679F5325CE12873C7EF0AACD7339575508B794153A01DC804E0001F64E986B5E991DB0F8CD16CF5F53BA53B65E1694F4CEF0E70C73DBFBAB24D2B57FEFB531E399373DF9AFF5F4DBF6C14A758460C5EE762B73CD0989AA64E4ED3DC3FCF546B924FB9F231F25EE7CF1825C967D825A831AC7378E3F1D2A7BB19CBEC4A967276CB73AAEDD1E1EE996863FC50A93F6D037DD96733E9B704BD9A113C00DE8041060EF84A922F711FE2FDEFDD1637C9AAB372944A945CC50A7D87A8B5285212F7E69728D6746FF9134D1DC7CADC56ED37F94269526A80F6BF4CE3D58A3073B95A48880475F3E769271A2302756F0E85F5AA9073C3B41B30E74367D537EBAF4B07AA1207E077DCF389D20DD5276E80470033A0104D83B61A92F50F2A3B76A3CC6A7F1E46FA7499F39353294EDC6CF9F918854C70D6ED377F0D30C51D46BDFD2BB79ACBD9A7DB92B1422A17CD51BE5CC154B470F76E3A9DF491F96FF3C53E5F4ECCE33BDD4039E9D18D215BF10377D66CCCAB44C55FA92503E6B27C8B7940D3A01DC804E00012FC7B107CB9E0BE12DDCDEE43E3FA977E97241F2BEEB8E7969EDDCBB5210B9851AB35EA6AFB9EBABFC2562C5A66AFA363DD89F2E754C70F3B92D91C294FD5D1E13D8A313F4CE30F1CA3D3A7A6798ADBB3045745F279CCBB99EFD13B7746CE80470033A0104BC74C26E6AD8BE48189490FFC53566009BF4357B37EFAA36DBFBCB9E0F132EDC52459FF636D47366739C38E6F55AD37D539DE19CBEA6CBFFAE69A7AF666DFBDFB18C1972F557D44D8BF60FF304CBDFBB6AA5A72FF5DC336A45E0D2ED758EEF2319BB757AFAF08467274C951B64E25F1FA0CF8C305E2ECA90393E4FB82DE7FC67845BCA0E9D006E40278080B74E50EFD3AF9E7C35318CCF0B0C8D88080B0A0C4F7CA5F41A3572ADFAB2DF2704F3443367298285E2A8B57B1B99ABD1591AB7CD9766163B2E3577F7F853D29882F316FB40C5E6E8A019910BE3A3828366671E6C65766419CE152C10F1A5B2F0B857A9F25009A97C6345A8483A7BC1CF16296592E05FED69A53F32385774DE3034BC9D343350BE6879425CC23A755AE4D2B7E8D5DC96736D08D996B24327801BD00920E0BD130CCBED6B17EB34DAE68EFE515F7D32F6FCD0A0AD73BF776C96DBBAA65A4D63DB0DE7816C8AA1ABA54E7BA173D039774D37AE7CA7ADADBFA463BFC29DF54EC785BA86B69B6E73DD633927922D65814E0037A0134060829D8061E80470033A0104D00922E80470033A0104D00922E80470033A0104D00922E80470033A0104D00922E80470033A0104D00922E80470033A0104D00922E80470033A0104A84E5083AF0426A6B8B8189D000E40278080C160C8CBCB5B0713939D9D5D505070EFDE3DC7CB073035A1130000C0069D00000036E8040000B041270000800D3A0100006CD0090000189FDDFE7F349B2B1E06461FB30000000049454E44AE426082);