SET @analysis_id = "b4a1df5f-6404-4b72-a35b-21e35e0265e0";

INSERT INTO components (dtype, id, border, is_visible, name, father_id, code, analysis_id) VALUES
("Controller","5248db64-90d3-4b97-b93c-18d2076bfb1a",1,1,"Treatment Definition",NULL,"C.01",@analysis_id),
("Controller","ec9e7ec3-5e8d-4c1f-bec4-ed946dd4b89f",1,1,"Treatment Delivery",NULL,"C.02",@analysis_id),
("ControlledProcess","7ce172ea-85ef-41c1-829e-ff1546de51ea",1,1,"Patient",NULL,"CP.01",@analysis_id);


INSERT INTO connections (id, style, source_id, target_id, code, analysis_id) VALUES
("13ce5d58-986f-4352-bdd8-9c7953cd7214",1,"5248db64-90d3-4b97-b93c-18d2076bfb1a","ec9e7ec3-5e8d-4c1f-bec4-ed946dd4b89f","Cn.01",@analysis_id),
("1cabd649-d624-49e4-ae01-1b678debb376",1,"ec9e7ec3-5e8d-4c1f-bec4-ed946dd4b89f","7ce172ea-85ef-41c1-829e-ff1546de51ea","Cn.02",@analysis_id),
("db0724e3-794e-4712-9513-1ffb51d43c27",1,"ec9e7ec3-5e8d-4c1f-bec4-ed946dd4b89f","5248db64-90d3-4b97-b93c-18d2076bfb1a","Cn.03",@analysis_id),
("759072b9-5a79-448b-a453-52a952d6b211",1,"7ce172ea-85ef-41c1-829e-ff1546de51ea","ec9e7ec3-5e8d-4c1f-bec4-ed946dd4b89f","Cn.04",@analysis_id),
("b681bb2a-a41d-4a44-b479-4a7ea2aeeac4",1,"7ce172ea-85ef-41c1-829e-ff1546de51ea","5248db64-90d3-4b97-b93c-18d2076bfb1a","Cn.05",@analysis_id);


INSERT INTO connection_actions (id, connection_action_type, name, code, connection_id) VALUES
("3ac46352-2384-4eca-bab3-c17a67a17334",0,"Therapeutic Requirements","CA.01","13ce5d58-986f-4352-bdd8-9c7953cd7214"),
("8be4fcce-8ab3-40a4-8cd0-56b853a499fd",0,"1. Treatment Specifications (fraction definition, target positioning information, steering file)","CA.02","13ce5d58-986f-4352-bdd8-9c7953cd7214"),
("f72fc728-72f8-46fa-9dce-b315c99acf99",0,"2. Capability Upgrade Requests","CA.03","13ce5d58-986f-4352-bdd8-9c7953cd7214"),
("0a5e7dc7-d246-47aa-b330-f0cc01088045",0,"Patient Preparation","CA.04","1cabd649-d624-49e4-ae01-1b678debb376"),
("73df6b59-0a3a-4dd3-8e69-7b05e69ac352",0,"Beam Creation and Delivery","CA.05","1cabd649-d624-49e4-ae01-1b678debb376"),
("9cd60862-02e4-4c3a-b8c5-185947619f03",1,"QA results","FB.01","db0724e3-794e-4712-9513-1ffb51d43c27"),
("d4209151-5812-4fa4-8b5d-25df7cf21128",1,"Patient physionomy change","FB.02","db0724e3-794e-4712-9513-1ffb51d43c27"),
("e5c4b200-9ba5-4f59-93bd-be66eebcab6d",1,"Patient well-being","FB.03","759072b9-5a79-448b-a453-52a952d6b211"),
("7adc4f23-0a6d-40de-8892-5e81f2b8019f",1,"Patient physiognomy changes","FB.04","759072b9-5a79-448b-a453-52a952d6b211"),
("7998608f-d5e8-42fe-9b37-982676a48ea6",1,"(delayed) Patient health outcome","FB.05","b681bb2a-a41d-4a44-b479-4a7ea2aeeac4");


INSERT INTO images (id, name, analysis_id, data) VALUES
(uuid(),'B3.png',@analysis_id, 0x89504E470D0A1A0A0000000D494844520000021F000002100802000000AE699B53000000017352474200AECE1CE90000000467414D410000B18F0BFC61050000000970485973000012740000127401DE661F780000EBA749444154785EECBD05781C4782B0BDDFE177F7ED7FB47B0BB7BBB7900D6C9CC4B1132766665B64C9626666666666666666666618C188351A6626FFDDA349E2C44E62259633B6EABD7D72EE9AAAAEEA1E4DBD5DD83F7B0200000000C0CB06D805000000002F1F601700000000BC7C805D00000000F0F2017601000000C0CB07D805000000002F1F601700000000BC7C805D00000000F0F2017601000000C0CB07D805000000002F1F601700000000BC7C805D00000000F0F20176397204020183C1D8D8D8580500003F3548249248240A8542F1EF13706400BB1C39905A060707434343232323E30100C04F4A505050434303994C16FF3E014706B0CB91B3BFBF6F6C6CFCFEFBEF2B2828980000809F94F7DE7B4F5B5B7B6A6A4AFCFB041C19C02E47CE815D828383575656B80000E027C5D7D7D7C3C363727252FCFB041C19C02E47CE815DC2C3C3373636C4410000E027223030D0D3D313D8E51500EC72E400BB00009203B0CB2B03D8E5C801760100240760975706B0CB9103EC0200480EC02EAF0C60972307D80500901C805D5E19C02E470EB00B00203900BBBC32805D8E1C60170040720076796500BB1C39C02E0080E400ECF2CA00763972805D0000C901D8E59501EC72E400BB00009203B0CB2B03D8E5C801760100240760975706B0CB9103EC0200480EC02EAF0C60972307D80500901C805D5E19C02E470EB00B00203900BBBC32805D8E1C60170040720076796500BB1C39C02E0080E400ECF2CA00763972805D0000C901D8E59501EC72E400BB00009203B0CB2B03D8E5C801760100240760975706B0CB9103EC0200480EC02EAF0C60972307D80500901C805D5E19C02E470EB00B00203900BBBC32805D8E1C60170040720076796500BB1C396FAA5D046C12796F76B8FFDB1899DB2512D90271EC978490CFE172D94CEE4B3EEDF70165CBE6B2D9CF662BE4D169D8D5C981FE01F155F70F0C0E0D8FCFCCADEE62197C9E40281447FC1E041CC22E627CB0A3B9B963A07F6A1BB3303CBE80C65339DF759D022E8F85458C8D2EEC9244F75928E071B94C069406CA954FDD442E2D2C215114BE383AE00060975706B0CB91F3A6DA8547985F68F433503D40F9B1AC8CF4036969D9C7CAE21023FFBAE9593C4F1CFB6520E4D1B0C899D9B9B9393C571C74E4407680B2DD454E4FCECD219FCD964F43AE76471B48DD975150525251812E5B4D5D53CBC0DCDA3D2ABD7E6C6E974AE308BE4F30D0E77CDA726D96A7BECADD1B7795AD4C03AABBBC94F5BC9A8756481C719CE7C1A3D2D13D213A1A5E15D393182E9F45C0ACCD8D0F4CED739FF0044F5888DCE440AFC0E48645A6383AE00060975706B0CB91F3E6DA656EBEC1574F598492CC95B77FF7DB7FFDCD6FFF7A4556E920C8C0EF65DB854F1ACA75D65453B70E997D6555265CF59306831CD435B4EC72E79EC9964F9C1ACDD7FED3DFFFE3AFCEDEBF23A7A8ACA4F858F6C1EDF327DFF9E5BFFFCB3FFD553AA473688BCAF99E060CD4ECA04F07DEBE7FE2FDD337745C920AB38A9BEBD5DE3BAB56D03883638BE33C0F1E89B2556DFCE9C76A49BD3D3B2CDA72458197DAD9EB9E03F4272CC113FA44B0ABBE9ABE5BCE184D1C1D7000B0CB2B03D8E5C87953ED2214F0786C1A992402BF52672F75FFD4BDBB36F548C2411099C6E272BFF7C1FD30F0310D914632B7A5CD5FAD5D78987A0B7D292939AB6FB38BCE5BFFFAEBBB5953C31B38F8BA8944021AB9D49BE975E1E7BFF9F5159BFCA1B9EFE99C82EC42EC323B7BFD8AA159EC289AC164B2D86C120E4F62B2BFFBF60905023E8B82C791181C0E9F479E484B36BBFED70B62BB08B9342A9944A6BEF24E448907D8E59501EC72E41C8B517D3EA6CB435EF68CB4944B37FEA9EA8CBDD7DF539B1B1B97D394E369A4A6611E54D3B78CA3517756064A923CCC7454959434CD9C636A7A10680A4F54910A797C366EB1392DC6DDCC405D49494943C7D227AC60609D21605366EBE34C1E7CFCC7DFFCF9A3CB6661513508DC7C56624A455D5571719297ADBEA686BEBD4B52E712767FA6393DC6C5484753CFD82D3EA77F0F7AFC17958847DF1EEF2B0E7337D5565556D334F38AA99959C630E06C7964ECFA60865F58C5705741BC8FB391A6BAA691955F7AC9089A2DE45366F2628DCF9CFCDFDFFFE56369F3F0BC866D0EEFA93A5F6417DDBFFEBFDF4A97221789E2861AE45D0E797DA3D9E9F6EF7FFFB95156E124FC818043A16CF494863958E9AAAA6A185878A5147421B06C3687BADA1AEBA477F2B7BFFFF5C9D3B74CFDD3CA3B96D7E7D33C82D286E7B6A9CCFDC1FEFAFCF8E4B2C1D6547F4B4D4D15755DEBC0C4BAB12522F7099FC1224CE5F9FBA47523A6279BAB8315EE7CF0AB7FFFF55965BBE0DC19DC36A2A12A272DA76A60930D9747C8DE1DAF8C0BB137D05153D33472F24EAA1DD86371F870AB8AB3D7DD515D909A5ED6539FE863AAAEAAACAE6F1B9AD632B34A7A99ED4EC901D8E59501EC72E41C67BB30E6D2121CEF7F74F2EAFDBB771FCA48293854B48F0E771604D8ABC9DD5734B275F570773455977AA86A9390D7BB4115F0D9A48D95621BB57B0F55F42CAC9D5D5D6C0DB515EE5DBCA26458B8B1859A694EB592FBF42FBF7FFB939B76F1C975F3FB2D5A0F6FDEB8765B41CBD0CCD2CAC840F9CEC727AFAB5818691B5B9A5B599969C9C9DCB87A4539A001CDA3F1F8F4D5867C3F0335B9478A46F6AE1E2E8E268FA51EA8DB25B50E6C32041CD4DA50DAE3B7DFBB2225AF64606E616D65AA292B7DE3FA0D35FFAA5D367AB634D9F2DC277FFED33B9F2AD82794B5ED71BFD72E10423E9D47E8F639F7DBF7AE7984D6AC515998EDB19208BD07571F6819DBBAB8385B1BA93D56D2B0F5C81B4553D63B53BD4D3EFDDDFFFEEECCE752F61179351D53638D4A7FF94431B7610A4B5ECC4C757B78F293DB0A6A7AA6B60EB6163A0A372EDF90B5F5CA1BC7B24994AD4AFD932714E3BB9A06DA1A2255A53EFEED7FFCF6928E476CC9027EB3DFDF595B51DB396394CA66E2163A833594EF3E54D432B5B2B7B731565795917AA81F01958BC41130E712226DEF9FFEECAEA286BE999D839D8596DC950B37145C83CB665E6ABFA6A400ECF2CA007639728EB35DE8131101DAEFFDFBEF4FDFB08ECBAF282B6D5B9A6E8CF6D1BC77ED86966366EBC8FCD2D26447B1AFC29DAB729ABE650338066D6FA2DDEDE63559A7D082F6819985F9C98ECA28ABC7EFFCEEBFD4DB27B7F6D64752EC1F5DFCF4D263CBF2A985B52D7CEDBD536FFDFA2FB70C1D92EBBAFADB1B335CE57FFD77FFF1E72B2A1E6905ADFDBDF549A1C637FFFA878B16C30C340D3D9A68A876E7EE2DEDA0ACB6F1F9A599C98E2C9F47A7AE3E720CA898C73377105DE117FFFE1FFFEBB4AE636255CBC0707F7D62B0E1CD77FE7056B78BBCB3B73C9CAC247BFEFC1525BF8AE9F55DBAE0E98960DF669727428E80B35124F387131F1B79E44E6CAD753586A89EF9CB79D590F2FAE1D9D9E9C1E674273385DB9FC978956F1236E67BD3E44F7CF289B29A67F5F80A726D69A0FCCADFFFEA7242D9C83E692626CCE0FDFFF8C327771C336BFA26C686DB8B3CA56F7F76F58E71DA38194F5ECF95FECFFFEF724053DDDC3AA2CEC7E5D1C7BFFB503F73601E4160E37AEC0CEE5FBE6718DD83D9DD1D88507DFB179F2BB98514750E4E4E8EB6E7273B299DFBDF93B251E3B36826753CD05DF5DDFF7AEB82B47B6EC3E0E4C4486B9ED3AD4BA76E3E722898617C75A56F0CC02EAF0C609723E7D8DBE5D45F2E68862FB2E06E18217D2E4E55F9F3CF2E2AFA160D4C1C3052EBA17AE9E3F3CAEED19304067E6DA4283EAD6A6C727E656D65716EAABF21C5CBFCA3DFFE9F8BC5431B1426A63EDC50FAA6143CEE2260E1C9F5F73F7EEB3DE980B23614E78980895F6849F9EC9FFEFD7DE7ECFE4D22FF899036DF936373EE77EFDEA9276FA3076395CE7DF6F96365FFAA2FB21DAE75BF72E1E40D35AFB269E23664974BFFF4AFEFD876F6ADD3F8901A18CB03F94ED77FFFD7F379E82D0A0B5D67A6F7F0A1ECB78EBB3CD72E5C0177B752FE7F3FFA50C735AB6FAA35315CEA9DFF7C5B27A17DB87F0CCE7EB42D25C4FCEEFBEF5ED56B239259B876E3CF6FDCB4B6CB5C623CE152D6879EB64BA8C1277F39A711B5C416B5998494216FDB4797AF28FA3462705FD8A5B97183491E4F4D32BDFAD617E32EF48103BB44B5AF8E4F24DDFD8F7FFED0AA6A6E912CEA7FE49376478BFDCFFED77F5E4DAC9BC3E0C620BB9CFEDB2DD3C41536747EE87FE41E07FD3B97EEEA4776109FFA2EDF14805D5E19C02E47CEB1B7CBA58F6F3A34919EC075231FDD6277FBCE9FFFFCD629294D832FD091BDF8D1BBA7149CBDDB31022E93B6BF32D35556901211ECE56463ACFEE8EAA9B7FFFDD73F3B5F30F87CBB5C344F6A99A543A7E69096BB8BAFFDCB7F5D49AB9DC4C253AD582B0345AE577EF7F68D5AF2E65A91F58D0FFFF497D3A7A5B5C499C2D99EFAF0DDCF945C333A509B905DAEFCCBCF2FA52E4E6145938E399BA365BE327FF9EB67197B9B3FCC2E02369FB59471E70FEF7F62E953D03750E46FF3FE7FFCEBFFDC50D6D5D33BC85E5749EAC667EF9FBCFA306793C4C07EA75D2E7F74D5A681F4840F9BE1097326CC45E5C67545AFDAFD17B14B44D354679BC387FFF01FCAE9E3DB1871017994B59E06DDFFFDFFDEB2CA1EDADC1E85EC72F9ACB4472BF9E0D3278C091F33E96B0FF4C35B9EFE2EDF14805D5E19C02E47CE31B74BA0EEB54FEFB875524576E1EDD65BDEBAF1F60727AE6ADB3A7F859393AB7F5A6DD3229EB637DEE97CE67FFFEDFFFEF2AFA7CF4BA91B3AFA79395A999FFAF5CFCEE50F6C909FB5CBA9BF5EB34D6B5F6241597D6197AB997593A289BC4FD96503916D7EFDC4DB1F5EBAA66327CE1206CA3624BD6E6809BF05D9E5EABFFEDBB5ECE5699CA802FEB176110A79541EAED1F283DFBE733724A66966ACD0D7ECFD5FFDFC3D250B7B474771EE301E41F1A9833826E7BBDA2E6186573FBEEED04AF9D22EE12EAA375FDC2E8D93ED4DD61FFCC37F6B658FEF60B9A25308B994B5DE16A33FFFFCCF6659077651BB7A41D6BB8B0A7F08C198F03593BE0EEC02F89100BB1C39C02E5FD945481EF19395FBFCF643EBA2A97DFC01B89D89B6CAD2D286A1898DD5D5AED007BFFAB7F74DF34B07109B283406BB35539FE406DB25EFC7D8656BB7D547EAD3CFEE5AD8162F88B2C589B2ADAC28A96C1C5EDEA7C13D632FD52E020E691D9925FDE1AFFFE7A6774503128FAC8BF4BDF6EEAF2E04776FECEF6245254021A6FA1B0B722A5BD6196CEED1D925AA1D31341279F19FFFF1AC4FDBF23A43F4DD08199899DAA4ABFFF1FF3E8DA89EDEC78C01BB008E0460972307D8E52BBB3CE1623A7C6D64CE7F72DB3CB81549E6F1055CDC5C91BD91AC82BE4F7EDBFACA528BF7B97FFCBFEF5A3574AE5138023619D959E1A7F8F12F7EF5B34FD37A902406AE39D2E8C1852BAA96F5EB18CC3EB1EEDE0BDA659BB8D5E62D2375FEDA5DABCCD6751A8FCFE1E2460B6DA565E41DFC8BC6F719F0A8FEB7DB858D6DB2D4BF77F99A7A48C30681C21142C0714488ECA2F397FFFB9F9782EBCABBC7262727C647FABB1BF2D37CF51E9EF8C5FF5CB28D6C59DA6170A98B35C5CE377EFFFB2B0659134B3826974BD9EECF883297BFF3C82907C966F2F03FDE2E94C9F414D3F3BFFB502F7709BD47E791FAC4A3FADDFB9B1B1D3E37FEE33F3ED74F281CDB25B239D4EDE19618DD0BFFF3DBCFBDFAC676E994716017C09100EC72E400BB3C6517211737DE9C64AB2775E3CA7D35230B1B1B0BFDC737CEDD90B7F62D1C5E25E1F767CB03EEBDF3F6678F1E1BD8D839D8DB5B9B1969483F3CFFD79FFDD9B9720143A24C9779ABDEFDE8BD138FECAD223A90E5B73F7A41BB5099D8B182046B45A91B77EEAB9B58D8585AE8CB5C3F7B4DDE36A5786497CEFA6EBB706953711ECA173EFADBE7F28EC189D3F48365220788ECA2FDC7BFFFA7DF7E76E7E643D9478FE464651E3EBC7BEBE68D9B97A54DBC0AC616F6E95CA1904FDD4474C4BB285C3C73455EC3C0DCD2C2584BEEEEDD3B0AEA3EE513241E974FF8D17661B1361A2B7CA4DEFDD5BBD7D50C7D3AB6E69AACF54576E92531687B63D51E8A0F6FDC9151D631323737D55652B877E79AAA77F6040ECBE4D327805D004702B0CB91732CEC22A02ED7A624052526562DD39EAA91D85B6D4DB99141B13508D6815D449DFE1BC35DB9C12E463A1AF0BE5C9ABAE6DED11523B328265FC86793B757EAC2DDCD74B5B4F574F44DAC5C432292B36B72FD8DEDB387B6C9340E71A52B3FD9CD58CFD4D52A7A60672CDACF23B2AC7F691F1E89E731D0CB639116769103B3DB3438808B591BAB8E70F68C9E611258022197801CAACC09B233D25657515353D5D233F749AF1CDBD8670A9EF088E8E5B6484BEBC841F40E3C650C3A197E63A221C9DD2378808467F2F984A9CEDC50285B33B7E0C499AFD94540DFDE18C97135363681BE63312666560E2E41C939AD8BBB548E78A9BC90CF226DAEB4A6045819E8AB43D96B68193878C457B62F53F9428150485F2A08898E2E2D1FD8E73CE13371C8C908538788EE890D3263A7B3353FD23FAA629129BE819C9DB6AA8CE8A8B4BA19328D891B4EB4B58E685A98C37305B48DA5AEAC00333D1D5DA380CE2DC464495E7C445C7EC72A4B28E03259DBBDE5D12E0E469A9A6A6A1A5A2696EEF1393D5B240E1F321667ABA92633322CA97E1996B4288BAD86A2C4A8F8BCB685A7BFCB370560975706B0CB91732CEC7258045C0E938CDDD9DCDC2350D9BC83A7F2038442019F49C0ECEDA170642AEBE94F0EE0F3384C268D46E74095F2331F7E1F503DCB20A177B6B6F708CC8319BE2F0A9FC361326834E6C10EC43F10A1E0099F4144EFECEC61F014F8542F19019FCF6152C834164FF0EC8D83AE8145C66150A87D1C85798C374E0676796500BB1C39C02E0080E400ECF2CA00763972805D0000C901D8E59501EC72E400BB00009203B0CB2B03D8E5C801760100240760975706B0CB9103EC0200480EC02EAF0C60972307D80500901C805D5E19C02E470EB00B00203900BBBC32805D8E1C60170040720076796500BB1C39C02E0080E400ECF2CA00763972805D0000C901D8E59501EC72E400BB00009203B0CB2B03D8E5C801760100240760975706B0CB9103EC0200480EC02EAF0C60972307D80500901C805D5E19C02E470EB00B00203900BBBC32805D8E1C60170040720076796500BB1C39C02E0080E400ECF2CA00763972805D0000C901D8E59501EC72E400BB00009203B0CB2B03D8E5C801760100240760975706B0CB9103EC0200480EC02EAF0C60972307D80500901C805D5E19C02E470EB00B00203900BBBC32805D8E1C60170040720076796500BB1C39905D0C0D0D0D0C0C2A2A2AC65E8C919191DEDEDEEEEE6EF13100007849686969595A5A02BBBC02805D8E1C3C1E1F1414242727676F6F0FFDE345809EAD4C4D4D2127898F0112809F9F9FB7B777404080F818F09DF8FBFB437FC65043417C2C313C78F0C0CDCD6D656545FCFB041C19C02E470E8BC59A9E9E8E8E8E7EF15F9AB5B5F5CD9B37AF5EBD2A3E0648003636362A2A2A76767640302F82838383BCBC3CF4440569461C2419040707777474D0E974F1EF13706400BB48220B0B0BBEBEBED01396F818F05323140A5B5B5BCDCCCC2A2B2BB95CAE3814F02D40B76B7474545D5DBDAAAA8A4AA58A4301C70C60174904D845D2808C929A9AFACE3BEF989B9B438D517128E05BE07038D5D5D5BFFBDDEF0C0C0C502894381470CC00769144805D248DD5D5555B5BDB7FF9977F3975EA140E87E3F3F9E20F00CF637D7D1DFA03FEC77FFCC73FFDE94F8B8B8BE0761D4F805D2411601749A3BEBEFECE9D3B3FFBD9CF7EFDEB5FB7B6B682DE9EEFA6B3B3535A5A1ABA5DFFF00FFF505E5E4E2412C51F008E13C02E9208B08B44C1E3F1C2C2C2FEF77FFF17AA2E7FFEF39F3B3A3AEEEDED893F033C0397CB4D4F4F3FB85D10363636CBCBCBE2CF00C70960174904D845A240A1500606067FFFF77F0FD595FFF88FFFF8C9279FCCCDCD090402F1C780AF03A9D7D9D9F9EFFEEEEF0EEC72E6CC999E9E1E70BB8E21C02E9208B08B44D1D4D474F3E6CD83BA1202D20C1402A6B47E1B1D1D1DB2B2B2E29BF5B39FFDD33FFD535E5E1E8D46137F0C383600BB4822C02E12859F9FDF5B6FBD25AE2C45787979ADAFAF8B3F067C9D98989877DF7D577CA7443838382C2D2D893F061C1B805D2411601709412814420FDDF2F2F2FFFCCFFF2CAE29455CBF7EBDBFBF5F1C09F014140AC5D8D8186AAF88EF94886BD7AE3534348863008E0DC02E9208B08B8400D9A5AFAFEFF3CF3F1757935FF05FFFF55F85858560E1CBB340B7EB6072DDD3FCE217BF888D8D65B3D9E24880E301B08B2402EC2221407681DA28D017A1A3A373FBF6EDF7DE7B0F7A0CD7D2D2D2D5D56D6D6D056309CF32343404FDE942B7EBE1C3877FF9CB5FA0DBA5AEAEAEA7A7575959096ED77103D845120176911020BBA05028E8EB989E9E4E4A4A5252520A0F0F1F1F1F870EF7F6F640DBE559D068F4E2E222747FF2F3F3EFDDBB07DDAE818101E8707B7B1BDCAEE306B08B2402EC22811CEC33565151C1E3F1C441806F67747454555515BA5D60E5E9B105D8451201769140805D0E05B00B00D8451201769140805D0E05B00B00D8451201769140805D0E05B00B00D8451201769140805D0E05B00B00D8451201769140805D0E05B00B00D8451201769140805D0E05B00B00D8451201769140805D0E05B00B00D84512595C5C0C0A0AF2F1F1111F03240060974301EC0200769144B85C2E4584F818200100BB1C0A6017C0EB6C17019FCB61D2A13FDEA7A131994C0E8FC564F39F0885E2883F21023EFFA030826F2F8C80C7E13069E2F24317C0E1F1BF23F60B22CA98C1E60B7EFCA90022805D0E05B00BE035B68B80B1B5D0571AEBE5E6E6E268ADAB636C656FE7ECE613539495D93098165380E4D0B93FD9EBF00474E4D4F0ECE4ECCEFEDACC48666CFE1A87C2F9B6C2F00853F535318E660E5E7E303E9E2E0E1EE1F9D5439B14BE38C60F804F5ADB1AC9F22940A2A9DF9AF14B02B29780BED63334BB32BFCF7E835F4008EC7228805D00AFB35D58BB2BA3F599914181DEF62A7FFEE5E74A66269E21D199959911C9799A52168384ADDD7D1C89C1E4F0454FEF42019FC324A2D1582295C9E509A1631E9FCB643099142C8ECAE272A18F19141216BD0F45E00A0542A190CFE670D80CA85141C061494C3889E844022E934EC663B1440A1B8EF544C863B3381C0E4F94043A259DC5E3D191E5F1A1E971D943CB4BD3A3D9F185480E15529D80C3A410F0380291067BEF8B360567A72E3854F7FAA75A7ED1B1B131B1D1613E963ACA868EE16583781E544A219F49C6C1A5A6B379A2BA5B085D098F8EC7E148540674751C3697C7E74157027D0C9540C8E7B0A1FF6312D7B64773FC8B90683295C96651C9640A85065D039496CF24E230580295C9820FA19B003571382C32168BA7D0A0FB005D31898025D0B95F5D2F1482C7E288D42FAE17CE8149A7538838F85EF1857C3AB2C42928BD2C7F82C0E2432D4A161DBFBF8F21427715BA696F0CC02E8702D805F0FA8FBB08394CDC62D19D13E6F943FD68E867CFDAED2ACE54B8F828A9A1ACBCACACB4B67D7C6D8BCC6253509BE3EDF5D5959595D575EDA3739B7832691BB5D05C56535F965FDC36BF31373D36D25E5F5B55515E5E55D134BE4166D3F7C746075A6BEA1B9BEA6AAAEB5A3A663124269745DC408C7535D5545555D7D7B70DCD63984CC6CEF4F0F4ECC20E85CF6793311B6D35C33B98F97A0F2355136DA792CEB1A5D59ED6010C97414723277B3B1BAAAA2AAA6A5BFA4636A036C541ED0DD9252CCED558AB1405C904AABCF994F11C6B1D2BDBA09C550A93B831D35957575D59059560601EB14F63B348C4B5E1F6BA9ADABAC6E6E6DA86EEF131C42E697FB9BD7E1CC5E072045CC2DCE8FCD4EC226A0FBFD65335B08F5BEBEAEA6A282BADA8EB1C99DCC1933727BAEBABE1F3D5B6F5CF6C6CA3B7F697DA2A1A3ADA1A2BCB8A4AEBDA3ABB7ABB5AEB2ACBCAEA5AE64934369F4D442E8E7442D75B595DDFD83EB28065B358A8E9FEBEF6FA86E686EA8AB2AA8A96F12DCC52ADF32D255357B7AAD9E59D9DF5D156A8C010356DE38BDB44E69BD29C01763914C02E8037D22E79F1D7FFF0C76B6A86F6763AB7CFC9DBC5A50DAC6D8D94466BDEBAAEE3E2ECA0FBF891A15B72D3C0587573D8D5DF9DB872575EDD2EBF2EDCD9D25E4FDBC0C1C9D144F9ECDFE463C7D12BEDB6E61AD7CFDCD731B2B57334903BAF9DD7BF89463485F99A692BA89BDAD99A693D7C6452B8BC8AACF536F3098C6E5CE37088CB83650F3E326F982808D37D74F9E655D5A0D0B0B46C959B7A7D94CDD9FC0043754D0D43533303135D1DCDA47902872F6A554176098DB6D378143FB2BA815C5B5D5E18CA0F3032B4F34A6B585D5BEB8CD4BC7443DBC6C5D64041D5C0C3AF60786D75B023F0D125192B67375B4385F317E4ECED125B16BA531F7CE6D8B947A3F2699361B6E13E81319D1D13796AEFE9F78CE63E927E70E9D36B32DA3E4909F55D7D319A576F695B3ADA1B29CAEBBBC4A79417B6C6DEFEC32929150B0763E933D7EEDCBCA96E6A62A865F0F8C649F3DE652C71BD29C8D3445B49D3CCD6DA445B46D1B404B9B9D3ECA9FEF8F60569750323135DA50BA794927BAB7D553FB978534133BABCB4BA2049FDE2151D5757074D1905D7D8F2B11DCE1BD27E01763914C02E8037D22E05E94A57646B7018068FD2EB64EF1EE9139DD39EEB71FD5EE4289682A760A712F49DFCC2BD32B31B6255DE53AC4552D81CFADA68EFD8F8CC168949D819AE08BB78C2A87E7DBCC1DACADECF297D86C42561969A9C3E3C1BD9D1E4A7A5E1E99758BE4A24ED4D2FD4599FBE1ADFD69FE76CFAB45D4E9A376DCE8EC5BB394678C7F7CEF755E7C176C1F705DFD3F2C9CF1AC2735998DD9591E29271349B2FEA3882EC12E8F3E00FFFFADF7F7AFBAF7FF8E5FFFDFB9FFFE98294535ECDF43E66A1B9C9E3F6C75EE3B3DB78326EAAD0DDC1D3C63EBC24D7F18A6C2C828E6573D18D4EEEAE5EDF671739699DF0C8CA152A17B7D255E071E596C7100A8923E36692FC5C7C8D0D1C8B1355DF56A85B25B128133E16469ECE310328C2C27C8BFF994B71C36BA349BAAA9EC169556B44D2EEF87495CD071713BA27CA1DD44DDC828AC7A94CEC6C7B9EF427FACDC88680C7B6913929C3AB33B5C9CE57AF19640FCEA0706BD3F31B5BFB4460976309B00BE08DB44B69AEC643937E1A81C5A78F7838794479F947D784CBFEEF1FAF2BEBE8EAE8E96A3E9656774E8ACFCD6A4AD1F9CC7A689FC1E531D77B327C9CB41FCBAB68A82AABCABFFBB6660D72ACC1CE3D2239B8769B2D60923686332EFECDB93C47EBEECDBBE7AF3CD0D0D5D3D1D4527B7C4723B96324DFF12BBB0C943EF8D8AC796B6E3CC1DD29D227A16FA1BF265FE5865E1FAAD6FC92616C5529822914F0B81C2685C2120D934017206ABBD8AACBC50E2256E6A66B3D54AFDC37082C6DDBA2A0472B72E4FFF4CB4B2A4A1A70A9951EA95B7AF984E4A46A9FD7ABDE67937942DA54544464B47BD2D376A18E87D9847DCD2EF2CA8E1929ADBB6CCEF6744394C21FFE7049514B5D7417E4D59D5C5CDD8AD3743EB118DCA172E83341B6B6517E6933642A62B123F4DCC5E8E1A52637D9EB772E5E9582AF5743534DE98E466ACF6CB983BE5B506CC3328B4D58E82E7FFCA94E13641745BBA8DCD4310275777624DFDB5A4BF6CEF9B3D71E3944D54C6C30DE90AE3160974301EC027813EDD25D96A7256339CC20B2058C314F67CF689FD0B496548BCF3FB7CCEA1CEC1EE8A94DF48FCDAA2CAE2D6C4DD33BE7308661F2184B493E0E1E8E3E59F55D6DF505B13627DFD682EC526F63E716EC96BB48E192B04B8DCE27CF87B7D5BAAAC81B9B388754F70D7435341504597A374CCE57BA1BB9FA86552D32A8FB330DE1E74F18376EC276718C84DA2E5FD805DBE57B5BDBAF206794C065EF6FCD75A5C4356F3078A2E95C5F8DBB70853C2E65B527DED8D0C0C52777606EBCBEDAFADC5B3A39A5CD3D03BDB55951D1C9A9E98555794E5765A3176858160FD7E1E5E3EDEF98D4B6D09D2675CAB4718B4262EFB6781AB939F93D65170555D79CF40E148787417464587FFAA976465B7DD7406F5D725C6C465C54444DA6DE67B6A37B342E6336D8CE212E20639E4A5B5EEA0C3B0FD965B53F4A5DD6D8C23DBCA66FA0B3AE213FD8CCAB6966B9C6D5D02B34BE798DCD212EF6542A9D39B08B6D544ECAC8CEEED2487D46667D5F4F6B635184AEA2634C51D5C61BF2367560974301EC027873ED32F2955DFC92DA163B33DD34746C43535352227D1DDD22F35ABB062BDBD3F4CF3B8E437661AEA4791819EB1A7BC7666724053A1A7CF6B65C3E62B0DAD24C177A5AF78C888F89F17750D68A6A5B5EEDCEF20D70B4B5F58F4D4C8C0C71B171C89E5DDD992CF0B4B4363077898C8FF6B6D5F9F4A441E3E6C2427190A59986415874646A16DC33464674467A3B3AD97B45C4C68586FA795A84F5EC30795C71DBE5E9517D017DB52ED94ECFD03238BEB66BBCCC4D51C5D62F363529DAC7C33332A1B87B66AEAFC6534BDB313C3A2931DCFAAEB4A68375CAE0D644B9EBCD1BC6FE7151F1614E0AF7F4EC02629FB28B9A6B6E7A278A2360E2977BAADCD5D56C43A29253A2FD9CBCC273B28A72DBB2F43EB71B7B8E5D2E450F6F6EF4677AFA3AD93B04C626264484B8D9D9E72CAE6F35791A7DC32E1B9DA97A2626A6C6715595CD75051E160E1119191911F6CA6AAE0955ED28EEC117F5BA03EC7228805D006F805D781C2A6A24CAB36008B90AAF10E11211E34319F185EB6C3A57C0DEA8AEA86EAB1FD8A1A116C68A43DDBD824303BDBD82D24B7B163777A6177BB383CA36291C3E8F32DF9E171715101012131F17191113E81AD1B3BBD0686D69A4725BCDD9373038342432AE651B43E73076065BF3E3437CFD028282FC7C638AA6F0783A69B53D2733CCDBD527242C2434CADF2F7B168FC2CEB7E5C68404A5266634F4A64666AFB2C8E4B5FE92C4F8D000BF80E088988CC209224BBC6692479C6EEEA8CCCB182341A58743F8949596ECDCB4DCDC9E55ECF64865985B404868808F67506279DDF81E9586D99F2C89F4F4090909F6B3BC2DA5E3649D3E47DB5FE84F7675F10AF00F0E0FF7F34B2A6DEC585ADC1C4A73CF5E5E1F4C4AAB1CEC5D2241EAE2D1F751E3505AEFE090401FAFA0F8E2CE81D909C4407640E90689C563EF34969675D4F7EDB258FBA8A5E6A09076249141D9EE6FCA8D0BF5F585AED7DF3FBE688644242DD4E4D63475CE61B83C3A6A7922C53F6B8E801C2FCA8A0C0CC9AE6F181E1DCE0F76F50E0D0F0BF40DC9AA195C7963D6C000BB1C0A6017C0EB6F97174628E00BD8141289C1E21C2C1CF93A020E0B5EDBC2607FB18691D6EFE81218EF5BB44C61D0694F5791021E9B49A792A94C515B431CC46230E874C653EB3B847C2E97C7FD7A567C0E148946671C629927BC82854D2551E82CD697A98482273C0695CA220CF80486043B66ACC0D1A05251497436977BB0BCE7DB80D20AD8341299CEE4BC682904F01A182AE5E9EB7D16E872393CE88A05D0BF783C062421060B3E7A7300763914C02E80636497C3421F0B0E89CF896BDC91D87103C6745C62726250C9BAF818709400BB1C0A601700B0CBB722E4B1586C0E9B2BB91B7541AD1A0816E747EC18037861805D0E05B00B00D805007821805D0E05B00B00D805007821805D0E05B00B00D805007821805D0E05B00B00D805007821805D0E05B00B00D805007821805D0E05B00B00D805007821805D0E05B00B00D805007821805D0E05B00B00D805007821805D0E05B00B00D805007821805D0E05B00B00D805007821805D0E05B00B00D805007821805D0E05B00B00D805007821805D0E05B00B00D805007821805D0E05B00B00D805007821805D0E05B00BE075B78B80CFE7B2186CBEF0D9F75A4101F07BBE98B46FC0E4F0F892FA562BB8CC5C2A0E8B42EDE32934D18B917F38428190C762B2797CBEF08980C3A410302814864287EE96F8AD982F8C80C7E5B2D91CFE77BC3DECCD07D8E55000BB005E6BBB0838C4B5A5BECAC8C4BE5D06F79B5531FC1246CA4A4B415E6C70808FBB878B9D8DA3774060605054491F02453E64FD20E47304D4A5BEAEA52D3495F3E36B58218FCBC021DA9A97D024CA97E51670798CDD89D2D8B8F090A0A0A0C0809088E4D2FA791254D21F96A18045A0CF6524D72CACEC135163359509817E51B1B9B559A1656B7BE4EF7F278C502810D0D6C60697563630A8B9E191AA92C61DEE61B5F42601EC7228805D00AFAD5D046CD2D6CC6059888789CAC9DBC9D34436EB3976212FD567678479BB98C829DCF8E0779FE93A7B7A7A06E7752D6C63995C3683CEA492490C9E00AA4739340A9140A4D09907EFEA851ED185F08B8409783C814267F1047C3681B1986C6B95DB34BC4564B2B91C168B45A7E0F1443A8FC7E7C16F122653A92CD17B8FA1B402369D442090A87436FC2260A896869A101C1E9B4E2692C8541A9B2FE0D3293B23693ABAB90388751A5400384F019B40592972525435B3F5F009090974B73237B134086ADFE50AE1378471A1FCC82412054A0E453F48C16150C8442289CAFCEA1DC6501B854A22122914268FCFC4D1C62383F2A76691AB7DB1B60ECA32AA5E6159E5B1CE994B5B04361F7E5B330DBA440289CE814B099D94CFA15348783C9E4485EF8A80CB58CDF3F7CC296A98591AEEECCE4D2B5DE7C07681AE8E4C80B2A0C2370B6A33420D4416D4B4819242C53BB80950A890CFA291F004229506DD3E71E15E6F805D0E05B00BE0B5B50B0F8F68CB8AB696BB79FBFEDF6E3ECF2E5F21A02F145544EA5EB21FA142752614C0C3AF2F4CF73635B5B7B4368DEC9030ABB3435D6D4D8D8D2DDD83336BBB548E804BDB5F1C19EA6A69ACAFAB6BEA1E9841EEE3906B256A17AED807E78F4C4D4C2D0E7676F775B7D75557D40F8C4D8E0DF7B43435B4B40F2F6DD3387C26667DB2B7BBA5A1B1A9AD7B7471154D6531487BFDCD83C3035DAD8D0DF5CD1D234BC8FD9DDDA134ED774FD9A5340EED9259A2DA974FDBC4F4D85EB8E49ED934B34164D0090B63CDD9CE76E9B30CCECE58D7C8607747475B6B737BD7C8FC3A09AAE539A4ADD989BEB6E6C6C6A6CEA1B1C53D321752207E6B7E64A0BDA9B1BEB9AD7F7A611BC7DCEBEF99DEDB98EFC8B1D13252370F691E59430EB54E604974066917313FD40195A8A1A5BB7F7687C4A2A357A7C67BDB9AA14B6E6CEF1C59C630C8C85A8B47D2D68E516D23938BC8C9B139027475E8F5E9819ED646E866750CCE2CEC92D91CFAFE70FBC8705F577B73637D53DBC0DC1A91C567E190137D3D2D8D0D8D2D9DC3F3CB6806D454FAD6EFE73501D8E55000BB005E5FBB103610ABB3FD75ED1541D7EF26CF920E6317DA409293CEA5773FB928A5AFE9523E906DA828ADA2A167A4A7AAACA1E712DABD4D274D676ADF52D73535B1D2579592935172CD9F1C6972F8EC9DB76E28BA14C4599B3ADFF8F89CB4B29EB1FAE53F9DB8FB404EC3D840E9FEBDC76AD62123DBA4F94CEBBB3754F54C8DB4E555B4AD6D52FA91C889EA9BBFB970EDBEBC9E81CABDEBB21A56CEA5FD7379A6177FF99BEB3A2125631B045165256463C9F3C91A9FDFD0B20B4DA91D9858DE46132934169BC723B46A9EBE7FE99AB48E8991AEBAA6929E7DDD168D8EACF750D450D554D3D7D5D5D494D78D68DAA351560BBC54E554D47474B494B534F575A25AB62BEF5E32AFCA4F0CF27874E1C299DB1A4EAE79690AEFE9774F22175B234C4D5514E4B4F44C75952FCB47F66FCDE4D82AEB6BE9E85A98E829C95DBB6A94BBBA5EE77BFFC2C96BF78C13C2DD02924C341C065094F9141B9907AA5A46863A8AAAAABADA21AD480CB24EEE9DDBD76FCB68EBA9CADC9195D7B5A95B656E9559DFBCA301DF0439350307FBFC1526D41A7CCDF502EC7228805D00AFAD5D84023E9FCFC14F0E57FF30BBD81AEA07356E63F6D7BA832F9F732BE8EC5945EDCE94E444BACAEA15227173B5A55D73481416B3D293E0E1A1A5E3DEBF411DB6B92B135BD431D71FE714606A64DDB283DF9D6FD17E4FDAAFBA72660FD91499EC6FAE1AD334E677E1AA6B7DD3E4266A67AC32D2D759DF217378B4FAE66F1593FBBA9144F4604C5C90A346703F71ADC5F1F4D5E8B6D9952F7AC68442A84142DE1F2B49F6D055BA76F2C4BB273EBE6FE155BE44E1115A343E330A2D2A9DC393B73A5BB3DD6FC8C6CF8DF93D92768B2DEA5F44ED225A3333EDE41FA64C0F06DE50F22A2E1CDA23E3914B13BD05D9D52BE5772F9AD7368F8DD7F839F939F8E78DF6CD152AFC4DBF7BB437DAC6C8DB3FBE7D8544C46CCCF764E5F4AF4ED656F74ECC6DA0711B9365B1BE5277CDFA899B43DEDA3A11314523A3A589A9266A56CD3343361FCB053636CC61A9A495DEDC08A7C73A91E3884AA97734631AEA1004EC78666EB8C543E746CA84D7AD73BA1E492D838BF3F34B4B130B18E8DB0176395600BB005EEB51FD277CD2F4484DF00FB04BB2A7AFBD7DC62495444456EAFDE58FB7E554358CCDCD8DB534B44C759D8B1098E9224F23335D6D1D63332DA9FB2A72EA8E7D5BAC29C707F2C9957D4BC3495ED18E8E41D33436717DD0EC43D5D4BEF64D3AAE2F313BCC5CDEBFAC41E57FDEB9A1A2A46B626E6EA8ADA265641798D9375A7DFB6DF3AAF9693C8F399F9A1EE9AAEED747DEEA723B7323B117B10E3DD5C308792C2A19393E85DC5947AEAECC4F8E74966606396A3F32CD40A22B34EEF817B4F5EC7304D4F9E19AE8FBE7AD3BEBD4CE7C72FBAE8CA6A1B9B989AE868EB69E4ED240BDFEC71A896D0D48A650C0613369D8CDF9FDCABB97CDEB5AA7661B82DC435C434A6646968A1EBF6FD03D5863A36B1A159A374F1108F85C160D8BA69297EA221CEDF5B5B40C4C74141F2B5FBEAEDF4BDE9D08D033884B2A9F98AA4C4E3351B5A81FAF937E4B27677410C5110AC8CB75E9316A72166D0B65D2A76C0B07FAD15CD672717982CD43A75E2E69AE2EC6C3495F51EEC143397DDFB06A04E56068E775864C266F6C6C100884E7CC4F043C03B00BE098DA25C527D0C929778E4EA16CB53A7DF4376D9FA4D4AAD696AAF4B4F868AFF072C4A0BFF26397B0A4C2AAA6CA646713530535FB5E915D1E2555407649F689737189986770481BC3162735B3863AB799F8FEA49C708BC7C1553D567FFB58333226BFAEB5B93C2B363A3232B37E62A2FACEDF6CEB9766897CD6627A46B4BB86D82ED7137A10900B0E0AC9212291E536FAFE0D8348125320E4D19063A511E6D7648216F6CB542ED925D5366E30B9D8E19E42EF1B7743C67B6C6E5CD6B6F54F2F6B69A92D484909F6F1A999ED773DA71454533147E6B151C899FEFC84BCB9B2BB179E6797E1563F1343FFC0B4A17D2E878A5A194E8FAA6BF5D3D671F50EC92A6FA8CA0E7135BF764DB75B6417FDD8A4F2F149D82E6A968D53DDFAEF2A44757520E97C2E6AB224D64B41C56710512EFBA953D9F01096C75E2DA948B27B60D7C1DC6EC9CFAEAEA9AAAC2A8870B77534B3CF9A65FE447681BE703E938CD943A1896406079E11F134021E87C361738E66DE0174C1421E7476AEE4CE803F42805D006F925D048CF5EE9EF68EC6118CF86331DF6217E7BC79069B455C6E7157B1740D0A4BC9CE4C08090B8D0E2FE9DF1970BB7F45CF233C3DB7382BD25A535751D5A47983BD12A17C43D721BC32D3D92EDAD53572E159BB58A925F66F543B68E9BB06C46565A74787054586A5374F23A69EB1CB00757730E6C6297DCFB4DA79143CE918AAE768BBA8EE20630D133B8F90C884E4A4B8503F67270BCBF01614A646F5D4636D0B9BC88C8C84C0407727D3D841F44E6398B9B98B57445C66666A7468A04F74C11C66BBD5CBCEC6CD232C25333D2A2238C8CE3777A1FCF976199F69C9F4757571F48BCCC8CC880F753470296D74939736B2F188CD2ACE4BF43237B87D55A10EB7B39062A9626CE6969516189464A26EDBBDBE596E6562E9E91B93919D191DECEE66E394D4B1B1562377E6EB766963AC978738FA452765E7A607B8DA3A183B172EB25EBD5D045C1A7A77BC362B2A3C3A3A3A2A321CBA5985CD132B44780EB8A82C7CCA52735D4E4A5A71D732FDE5D7FF42A140C8586A2E6FEB1F5BDAD842AE4E4CAE33A0A09FC4B13F01C02E80D7DB2E02FAC6EA58954F40EB169DCB110A28B325A5F905690D5BE28FC508583BFDC375899EB9AB509B00AE455888B6B2CAFC829E6D280D97415B2A4FF2F7F472777371F6F08BCCAB5DD867A0BAD3DCECBC7CFCFD824243BC5D0323A2E347303C625FB293956B68597664725D6161DD0E9B47C7AC64D8C7752DCFE138D4A596EEDAEC849E5D367EB22ACCD9DBCBCBD5C9D1233825AB631587D918F5B7CE99D8DDA209383B1D1D0D457115AB6CD2FA40B8B19D7374F9C81A967B504C0E8FB6DE9FE1E96C616A6C626A6A6A6EE31699D4B646E3E25B34CF282AA968D8B9B97AF8054617B6EDB0787CDA5A5342748097AB8B8B9B87BF6F7CC31C850317223528D8DBC3150A0A4FCBEB431047023C33C66736B626AA8AAA0BAB07365777FB236C92173670848DDE82AC706F2717771FDF00CF94DEF59DFEBC104F5F4F2FDFA0B0105FCF407FEF807E121E335218E2E6EE97991893D7941697B742E592A66B62BCFDBD3DDDDDDC7CC352B37BB62874CC44B873FED0CA3285CFDD1F186EC909CE9BE79166AB425D7DBDBD3D3DDC7CC2D333DB3668AFBC674CC0C1EF4CD565B8E8A96A18DB7AFA797BD85919E919D80645D5CC13784FE0B12E3E6132CDD6EAEE993B5A2E09D3D4AFCF6A8387F5786C1687432753186C2E5F00B57298340A8944A673C54B77A1BF1D169D462611290C0E240DA190CF6173793CD10C773EBC8E174A86AF75D2F688482A69A82DCAF409AEDE614131057C36830A9DE8CD99ABFD5C805D00AFB75D5E1A02368342A1D098EC83458650EDC16751C9141A54B13C550108796C36970BD52EE2E3E7037D2AE0D0C8142A83F11D6B16A12CA0D3B1B85CDE33BD351C2A9980C313A90CF8219B2FE013DA746E7AE4343521C90C0693F35479041C3A9D42A5D0D84F8D32F339742A8D46673C5DEE6F41C06542152699064785CB00D57A140A95C67CBAD45095C9812EF96BD5209F4DA7D0E8CCA756D93C0B743E1E8B4AA250E8DF75138E102167BFBF35CDE1CE1DE7B24D36052E2A9FB65A9BE363A1A01CD48A17400EE01307536C6D1D156F9B3A5BAA464F910522E588E1B348989DF1DE91D1AEA6B6D1E59DBDBDEDE5F9919ECEB6F68E81A9C51D0A1DD20E7673756AA0A7BDB5B56B780C81227358D8C519E4360AC312085844CADE4CFF3C81B95FEDA4ED1E1A1A9D1CE66C784F3DB4174960927796A7467ADADBDBBBFA2710481C3C1DFD1B7F006F06C02E0060170907B64BB7B95C604957EF3E98AAF4E2F0082399B9DE1A377C679890470FC2F8B89992289FC78FCC07E165B3D4214F0BEBB080989482343F45B9E041AA90FD55BF156BAFBF2CF1CAEFDEFAE8F38BB70DA38B93835C0CD5EF3F7CACABAB2F7BF5924DFDF0C6E64082959D869CB4A6AEA1C6A34F6EF876EC6C55992BFA2514566F73B9A8FEC93C95770DFB371165905D7C6D2D3C4DEE9D79E7EC23B79CD9F55A27596975355D6D356945557D9DE445C6EB3F9BEEB900BB00805D241CD1AA7702964C67B1BEA7CD04781A0EAA2D29CD4E453A6D93FBA55D84F4F5DAC458F5FB0A0D04069738E0F1C83A2C376F02B9D09016A22467D64522B2BE6CBDC07649933E7D3D7D616A7D773ECFDCD9C3C7297774756371BEBFC0EC73A984B6C670336D2B7DDBA0EAA1E9C5C5A1E6BE7512AAFE5BEC121E97919B18E2A46492B1B84B9A0B54B8A5671F52D63E3E3E3D3BD53B897A0356023D17601700B00BE08D84871FCACCF150BF1930CBF8AAED42982F8BF6579435EAC6D1314DEEB73FB974F9D63D152D35E91B574E9D7ADFA87191C0FA621339C82E95598FAF697551F619B4D970255D999B97942DEC1D6C6D2D8CE46FAA44B44F7536E465F95B1A6AA9282AA8ABDBA6F6406D1753B15D387BFD93B95FDAC5233239BF2823D65BD3BA18C5E290676BE37CDC4C34551515958DBC83CA16295FEB917B7300760100BB40BF6C3E8B4466B2D85C0197CD201330583CE3D0BB088B110A847C368BF343931F20E473E1B18E6F99C62AE4F3B90CE23E0A4765D09850BCE74513F0F83CCED7868C045C1E173AEBF34FF92622606D753426D9DE53086BD965D3185BC37515E53911BE4ED69ACAAE05ABE8BD7A1305255B07BFA49CA2E2A2DC84681FCB6B9F19E4CCE3B0EC835BC4DA1BA8CE51BE6D3C48C73019CB49DAA6BADACA1E599535E5E505896EC66EC52353ADF535F545B945A539C9C19E5652321E3D0BD9FA721ED1B9A548167DADBD3BFCE15F0DFB379EB68B8655D11E8389EAAE2CAC2C2B2C28CC0876B3B3D7334F9D613C7923BF166017C071B78B90CFE111265A9B271637D0FB88C19E92E4B8ACCAA6651A837B083F08D9D8ADB5F5250496C922D056AA8B3A367608E25AEA87C0D91EE9E8EF1B44E09E1D6711F298D8B5859A8488B88CF2C1E1CAAADED10924F199683C226275A6B372609FC3A76D4F8CAEA30904D4D4EC447FD3387CCA37F141F9390858BB2B7D05414606D64149A99911B66AB272773EFBFCB6FC5D83A49EB5B93AE3CF55839B5A9729F0CDE393F6676A436E9FD6CC9C99C5B044931020BBD4E428DF31196260585CC26052B4AFABA557527E5971497AA8AD6346CFD25C4B6E7C4A6454525149614AA8CDDD07EE3DAB0D817A0EF64EF631F94529BEFE4637DF36FAC22E2925557931DE8F1E5967B5AD2C5784FB44C4A7169614C504B939681AA7CC30815D006F26C7DB2E42018F81DDAC75778D6A6A9F5C1AC9F1F190BF76DF213E771C4760B099343A930D3DEE0BE0D9A554329144657CD92811C24BDCE9143285C1E509049CFDEEF2ACFCE8E4C13DC236AEDFC72E616C6E87CE13F0E019AB948389A7F014312880C7E370584C3A150A84CEF4B5FEF683BD94A1F80C7C67888D8F7740F9125B14C8A153C9143A8B0BF94EC8A3EC8D5624497F704EDB2DACB626C83FABB47A789B05B575383C0E834A864A08CF88E5ECF60C34247BE42ED068883247FBC2CE89B9D99AC6EA9CF0CA4DF894F06431E8274F63B0E0E96FF0B20C3E941E5EB30F4F361305BE110838E4ADF5CE64773D0D43133363034D1D1D1515031BDB90DC86C9B15C33E3D4BE9555781E32049F85599E4932344B189BD9A58B64CDC12F0CB505B9C52DB2481C8180B13E52111FEA60616EEBE06869619D34B484C6213B3353FC1DCC6D1C5D5D5D2D5DB307F6A87BE37949BEF6A6C6568ECEB64E1E2E4671F3989DDE8C889CCAA6A1C9BECA5C67233D97B4B1DD99A260277727477B073B67EF88C8EA652AE81903BCA11C6BBB08F90CFAFE58AAA25C5CE7FC2C72A2C6DFDA52D920A863717F6F616A7161A47760727973138D41ADCD8EF777B5B5750DCE6EA0C8F05EFA4C126A6B6962A8ABB373687E0585DF1A8CF3B6B651B12C19DB26B0F00BB36B4432954A42AF2F4F0DF5F7F4F54367C1D1593C1E656B6573657E76667CB8A7B7677C758FC2FD72EDB850C065D330BBCB1383DD7D6323790EFA2E6EFE650B7428A3DDF5D9C1BEAE9EC1C9A5B57D1209BF3E5D1963F9F925ABCAE9790C7A7565736767771FB3B7343DB7BA38D6DBD13930BDB64D60B01858FC3E726E6D8FB25E6977FE9A737C650F62796B77737997C6E331A9988DA5F1FEDEDE81E199D54D2C95C9A6B3710B3388B5C5C9C181BEFE61E80CC437680201AC752E0D8FC593E90C3687814522A7FB3B3720E11FF60AA1670C068D4C2432785F3E15F0D90C3A8544A030BF6C11428F020CE889423497FC6B408F23D0C3060BFAC2A1C4F05C6D32F4D8219EFFFE6602EC0238DE7661EEA227626E5F0D6E9ED95AE9490F51B978E66F9F4B9B3A97245FFFDBA9931F9EB9A2E013E7EEEBE32C73E5A696B983C983D3271EF9968E2CEC4E76A4B9A85DBE2CAD6BA471E5FD3B4E59010E3A2A57CE7E70C32120B76DBD42FABC7973674F798283A6E23DE9C79A6AEA0FAE9EB36999DE47F778A8185CFBF4E243397905D9DBA73E572ED9DC201D2CA47C22A0AD2DB6843C3E79F6B1A1A1D2BDCFFFF6DE431DAFD2A98D899174FD33271F6A1BE9CA5DBFA7E793915D5F5BE92E77E6D7BF3FA3E693DF5F64A5E7111C129E98EA75F3AF9F5CBEABA4AB71EBF4C70A2EE99DE393C5D52956B76C6B972ACC6FFFE90F17E49CA2632C02233DB422C6B0A89142ED4F6ECA69A96BC83E78A8A6E59A3F809CDB28BA7DE2938B97A4D5951E5CB82E6DA01B398C7F63FA6A60BB7C038168EDE361ED224AF305DF0C82FEFD4CC8D710878AF8F6586F12C02E80636D171E610159A5794AB96A609548A7209AC3DC5C75AC627B0697F36FBE7F3F3CA37E7C656769A4AFA7BEA273667D6367A935FCFE65DBB4FA92E2E894005BEDE881D5EDCDED99DAEC82EEAEAA602F67775DC7BAA5CDB9EDF2879F9BD6643AAAD87A860554CE6E6C2DCC74669B7D7637AA7FAED85AD1CEDED3AF79696DAAB923F2E1698B9EC56DBAA8205CE24C7DADAFF2ADA0BEA9B5ED8DD1445B4D4B3BAFD4BAE682100559DBDA99F1C5E599A64067C760B7C89ABE860C97CB373D7B37D7F75ABC0CDD8282C3E2538215AF1866CD6CAE6F4F17EACBB9C61697B4E756255BDC71E9C1A3DADCAEDEF1CB69E9E988488C7253F5AE5EE8F0B87CD5ABB8676E656B7534DF37C4D5CE2CBD75A5F8FE7B0FE20A3BE757176AE27DBC4D2DD2A699A27201003F146017C071B68B90839E5ACC943E69DC31BA41E5F2F67A1383432CDC72E616778AEE9ED1AF6E5F20B2D9A8858E8258470B2B7B27376F4FDDD327B462CB9222DC23DD6D2C5B0802A140C825A1F608D8B9CC8880504B9F6E346179B7FCE159D38A08859B762169E97374A180415CEB4F3EFFAE4DDD68BA99BA6F48621682C5C54D238A953ED06A5DD838F8E1B1F67A8A728D1F2AD4E2092CBE80D41DEBE813E0175D501CAEF6EEDFEE5B7938B97BBADB69ABEAB87927D50F745704DD968A5CA263F19D7EC6EE905D123262B564BCFBA8028E80DC672FEF1E9B9FDD9C53956C79D77D80421D0FBC231B5B3B343E149F1AEDA6E2923F51AAF6B64CD9D03A992DE4938613D2822CE5DCCA964AA54FE937F4AE9039F4C9E2C8606BA3E85186A85C00C00F05D80570ACEDC2C5CE20F21F7DA4DB328CA43C6D97DDE2FBE72D9BBB116426AAA32AD9D758CF232E2BBBA038DDE6EC473AB1E529F15E511ED6C6157B5C0157409B6FAD1D9CEC880EF40FB5F4EEDA17DBA52A4EF38EB57F62C22889CFA7E210AD01A73F746B99C8B6D40E8E4C2D407278F8999572D50F35BFB40B073D58526425753F6707CBE0F1B08D6136EE5E3EB1C565B146A73E510CCBCF28282E4CF1F3F24B4C2EEB19EBF9A65D12B312751582471942AE903AE8A8E011F70DBBC8C4D688EDA2EA5E34556DF0DECDF4EE150243C0C1744625789B2B06D42C97C97E66D13188A4F29833A551A1B6C63FA55D844278108ACD62C0B0586CCEC1D403F1A7DF86E86D3FF08CEB97DADB049545B479185F70C89E428140002784D2BDC99D5FDF09B00BE058F78CF1292B5B6DB6E7A432BB96700CCED7EC72C1B2A50741A66F946504D828A80616B7B77736E5B9DD38A916519157935B10E9A4E39C5AD1DCD898E76DE59A575B131FEAEDACA19750DD33B001F78CD595443B787B7A3A4616D6345494A606683CB02C9E5DAD71D0F916BBF0E9EB7D3DC9E63266F1F9354D75F9EE5A728636DE59ED037599E62ABAE1A5158D4D5599C1E18925253DF30B7D2F6E97410A7D3E51EE868D5F5A71B17B78849B9A7FEBDA78B2EE4393D0F4F2AA86AADC60274F8F8090BAFEF56FDA256A084F22CED6D40E6CEE13D9A212BE3284021E0B3350545A909D9993975F0051545CD1D4BD42A53DB37D3E8480855E5FD9DEDE25107791CB5DCDFD681EFB45262408054F044CF4E2DC361A4F7E6600FE2BA0D6200BD95EDDB7B4853BDC1ECA023A15B7DA58D2BB49621EBCD6FA1802EC0238DEA3FA1C2C0151AC77C3AA787803C5C04E57E6E547A6342237B0ED76C65123535B340E65B1AF38C25947C7CCD9DDD5D1D1C1E0B17556673B6275AE2D2BD44247DFCACE5C5BD7B3707C6A65A421D5C742D7D93DA975B3CBC1207C68627EA42523C0C3C2C8D0DCD2CACCDA2177618B429C4E0DCC2BAE69D9E5F2C8ABDB5DDE1A7E23EB28711B41C8C6EDCFD6C418A918585A9B991AA9ABBB466475AE62912B6DD1E62A5A1636E67A5AC6EE89B59D48F4EE4C57AEB563F12693489EC80A4DCDCD2BA86CA80C74CB5B64097942C65C825B5A594BC370634F55946DDA0283B3DF1BA86562E81A15EF9E5090E25BB84C26214712CD2DCCAC2DCC0C4D6CFD42F2FB57D1C8FD4E67FDC8F1B95D068FBDDA515C101B5A3CBDB7BA96217DCBA67170917850C2578580CFC68F3B9EBE72EDE66529550D0D3515799987F76464FD7AE631740EA41E7842370D9E2B0ECFBE12B0771A52638A0BAA2797463B9A835CA3E659F09E9C422816D4F06132612141F280E782F3F97052E641A08027606F34F87B15370FCC93BF7C3728DC68E2F1F85C361C8DC1E609785401B15AE7A66D76E3F806053A1F1B9E140E9781C3831A27F089455B297345DB2273990C783EB7A8A9C5C5EDAFB43A6A840D6C11297C219FCB6231E8742687276A844127E0F1F95C0E9BCD6440815FB6CCE0661214C260B19F8AC783E2B19850238E0365C8673345A7E1C12D35DEC176AA079707C77C11ADBE42805D00C7DA2E4F845C1671ADD9ECA15FF5F83886FDFC5E0C0197C3A411712406FFE97509023E874523E0492CFE41E50455215C2E9BF5B575710228218D4CA63EBDADF177015751342299C1E642D58B1878310A838CC35319EC173DCDD3C095946823F9AF2FE9874E49A6D0BF7D0778A1804364220B7CD327115BAFB86A38B0CB398DB09AF2051A543C3E1981A877FADB1F0DCA677750643C6A756E72A8BF7F687A7197C4E0B2D07D3E46DA2E76A1ED735B18FCD6C60E9DCFE3B119C41DE4DCD8E8C8C4CCEA3E01DE1D9F4FDD46EEED6E2CCF4F4D8C4E4CADA249506D8D6AF6BEF7D025A2A0638B7CB0F015160565737367676D617A6662726271074726F00855DAD7CD13F26B3BC7C6C62617D630142687815F43409933B842E8ABA11271DB1BFB340611BD36353A38383ABBBA89A3B12025308948C4368505F9808846CECF8C8E0C4F2D6FE1E92C9E9047DBD945ED22571617264686265776C86C48137C0E9D845A5D9A1A191A9959DC21D0D87C019FBABFBDB7834420E62646466710283C691F3135343489D8461189441C7A6B13438787FEE0455028341E4BE1886EA0A400EC0238E67681EB73C67C928B6751C3D016F5B9752DFC4C2B841F55BF78C614F15528C417C730071F8B101D8BA28803BE87AFE27F954274F0543E87044A234A09230E82F9BE534276A13336C796D0B41756E3CBE219BB5010CBCD6E27FE6C54313952E46B64A6AEAC62646CA4F1F8E24593C2E5B5BA60A53B672E5D560D0E0A48CE3352B61B261376DBE24C94B5543534B55575B474B56347480272A7E94DD5BB371EAAA82BC949CB49A959D5AD6CD43B297EF8CE2569EBA8FAE97DD1B47021974E69D7792C7DFDF2235D6D1D755D2D6DE580160CBE4AEDE4C9F3171E2AA83D7E24F35846C3BF7619D16674CE20BDBF779BC9C574D7E7866BE8440F5559DC7FA8636C66A4FE50CEC025BE04B1B53553F2E8538BC685999A7013537525790D6D7D2DA51B8F839A7759A82E6B13ADBB17EFAB282B2BA8C8DE3B6BDEBC42A6EDB605B9E8AB3D7AACA9A7AD2EFF40D3B50383C5B47B6BAADCBF22FB58F191F2A31B1F5C505557D135D17D70E99689476C7A7E6E9C9D8A733586CF16B0D7B34DE0EED0B157DCCAFC1E805D00C7DB2E703DCB87FBEE9777B044FAABAE482517C83E7C3E1B7AD016F07F88D37E0CE29EB16BB71FDE52D43736D2D3569193BEF350CABF777E73B6B3AAB6A9A57F6261A2AF24C6F1CA659B9EDDC9765F133D77C7F0A6EEAABC6CCD87C63D7B93C92ABA4ED151A57D13139DD5E9A1E6F21625287C95FA595DB7D884F6D999F6B42C7FADEBEE83A4AD16BFFB52EED1C55D3BB483EF1DB64BF363294D2F9FAC9E99C5E196BC289B473AF9F31572A7A45D63CBDA66A63AD2420275B55CFB37B72AB4640D528BFB90C8AE94CC203B9DF0CAFE808B9FA907C654F4F4B436F60E8E4EEC6C6E4CE6DF7957AFBCD653DFC0C32FB676686969BAA320C3FCA15CCAF264B996A6A18B6D74CBC46C577341C0ADF38E1DC89138636DCF90B4929125C444637DB2D505B9B491C50A4B392D1BB7A4DAB19EC66C7F854F1EFAB6CE8ECFB6441B18078425E55564259B29E954A148D4F92C13BDD08CBA3E3468BB00248BE36E17A85681FE27E0C11DE9CFEF1903BC520EEC72E681B6AD45605A4E6E6E6E5E41617953F72A85465EEDCA8E0A737771F3F175B336D3F9F494760B1A311E656F13159C3E38D75192A3F9C0A873BDD9ECE4CD475AAAD6DE81815ECE5666DA8AA6696BD80AF5AB0E29B50D5B6CD646435BBAD179B36E3A6932464135BAA075922AFED645765156752FCCEBDF67F349C8AEE228A9AB2EBDA552678D52EA27B7D8CCCDC6F4745365D36E0C6DBBC255D13426BF38353A24D8C93F7312B9DB15E5EE60676566646C62ED9954D5BABC06DBE51DDD920C858746B1B1552B54019FB93D381A7DF743CBFEBE7C0D3DE784F0EA75067B7BA937EBD1C7BA0D0BD5665290215A666902011DB9DC1D79FE7DCBC689225325DB90A42604756FBE35CBF4FCE3DC1D1691B951696F1E169E5635D2DE9E6C714DBF747628D4D82024BD6E16F5C5F6CE1202B00B00D8E52520DA40ECEBA3AAF0F8F03782BE0301D454E072E05190C3D610023E8FFF8D57477E89502014B0A9043C89C63AAA77EC8AF6286373E16E3671C88FE5C02E6755FCF2B307B671041299C6100DE00B391B2511CECEF676BE914989113E4EFA9F9CD46C462F8D45D95BC3769915DB65A3DDE693DB4AA6C6DEF119194931A1012EF641D5BBB86A8D5B1ED94D6D7B5CCE56534796E905D303BBA8443D631725C79CECEE3D2617B7DC9617F0E0B6DF50A9CC659BEC96D93D2E6BBB3933CB42C5A497C466EF36BBA8387B1A2A98FABA06542FE0D07BFD05D9F9B929B1A1FEB61A06F641FEA5C32B0776C95597D28B882A5D24F279B48DBEBEA09B1F3B0D0F14681979A7C734EEB039BB88FEDCC7A7B41B161B6C65B402531BC6C9023E05B1D81AF0D9474EAD53C5E6EA6E51E91DEB0CD4427BAEE565B5720C87CCDEAA76B48888C86CDC585DEC48D2BCAC11EEFC40C9BFA66E062F6172017601BC1E761172C97BFBA89D0D023C7BF4A5FC88845C0A018D5A43E2D95F1B4DF961F0F0F3630BF34BAB443A83845A98DFA773F91CCCC4E42C626E8BF6423B49F1C9FB9B2B433D7338DE93434EFCE191910BCB13E373C467F2110AB874DCEE4059496169C3F8C636E93B26DE1E1E2187BABF83DADAC6D248B4AD9EC6D17D9CE8F5C92F836F8EBB7C097326D04CDBD6CE37B7A9AFBD363DD0EAC249C5AADDC5A9345753276BCF82B2CCF44CB8670C3D5F64616E1F18945EDBD65E5B919B1A145C304D25D66B3D6317F24286BAAC936F62C52C4AB44FB2B867ECFE636B9BD092A6D6F2BCB840736DD7D6B50AC56B36392DB3A82FEDD24765F3B99866674B8D2B17347CFDAAD7C9F8754491A7574A754D7B77638AAD93B3975D4A3742D43356D1166B6FE1E2119851D1DED154941066A46454BE3557A567F2B45D4EEB36ACCDE4BA187BF88627547574D6E7668798DD31AE9A5DADB6D3748FCEE87CAE5D9AF7A9B8C5F62CC5D397CF5CB72D9F98C68BAE4192007601BC0E761172F0638515A539F1FD788E682C5AC08367733259F0CC50F8F8608E27075E79C7E5430FECF0E4530693CDE343C1071D5E4201D4BE80D3B079A2E16C1E61AABBA62434B2679F2380372B867381FBC6E0E9A55C363CF7940FCFC611E50E9F8ECD8467B2C229E110283F2E87059DED207FFA4256684E667EF9C2F2DA70B19D5D0D02C7204D46C7A415A7B7ED72A0D3F2A133C239C3910F06D4E1E2F2384C064BB4A5B190BD3ED252EA639F31CB1472E0A57BF03454367435E2E968502278262E14007F0A3556E04C45657BC25CAFCB2A898ECC5C6689EE01148D0DC58397F1F19924645F91DC9F2F3E3270281C9D42B1A0360E5C66284BD165C0232BF0AC56382BA8EDF15562280FB88450E9E0CB838B2CBA603840349D174ECDC14C57E694A4E6B4AF2276DBECD583466677693C5129E159BFE2AD97455940370FCA84CD12057E51EAEF42C0E7901622D55DB33A5BD7184FDB8587EFCD743333D5D135B4B2B536D233D35230A8DE595DEFCE7033D2D1F574724D2E7335F79FA291F15315811696FADA1A9A1ABA06563669E3043E75C0D330BEA66F08C3E5A2FA86ABFD3503C6190C745F90B6A186857F41EF9A68DB9B03BBDCBB73EBE203754D4D6D634B77DF8A793AB9D3CD20AC666005CB65EFF757550739FA4D30387C217FBFD253595EDB36BE628BC3A3A3D003E1A64AEA0646467A9AFA762139550B1BBB8BF546525E5D6BC8A192201F2B03754D1D4323131DD7A20922173FECE79F5891DF87E670D1EB93B5764ADEBDFB94DDA9C20477733D0D4D3D03235D63DFCC590A853010E316975739B2C3C4AE0DD706693BB7E2B9540EAA33322827A7AA1FCF63A3A767E3AEFFE933B782D16D82C4C905D805F03AD845C8252CE43978395A181523304C3E54575351CBF3E3C3A3D32B48340DAA9FF93C1A7A0F8B599B4520F7F6080C3605BBBF323D34BEBC8745ED62A9342654797218A4FDADF9B18131C40E91CEE472288892D4007B29EDFC290C54ED8956620B58543209B3BBBDBF393F323ABF49603079507D083D4A5389A8B5F9D191B1652C9171B0213F8B8AD95C9D1E1D9E5CDDA772D87C3E8B802312F1E8ADFEAE0CCB8F2E45B62EE048642C9E4026C28FB90C3A1E3AE3C0F8E22E860C1585CFA15329983D0C1EB5323E3889D8C350200BC2BBEFA2F7094C1E8F81DE2312D15BCBF373B34BCB282AFCA67778D93705B5323337BFBCBC8122E03038265488837A5AC0A610C9783C0172176D7F0F4F46AFCFCFCD2C2036B1642A7A73B0D0E1A38F9DCA46A6309028D854EC16726E7C641ABE67F0920F169144446FAE6FAC2E2C6E52A8A85D3C717F0D31373BBFB283A69029E8D5C9A1F11534156A8709045C1605BDBB3C393C3832B1862733792CE25499B7ADBD9E73CEFC3E0D6AC560217740DF0213CA7E7576626C6E03CB80176308580422098FDAD9DC589C1E9DD9C0B3442AFD7EC17C3B7C369D4226916807EF6039007E7D00A4C8AF75FD0938743299442633BFB3E9288474FAD55CED839E316597C29C36248946A33DFF053DB021E1052C5BA53EB6A19169BD3B07D53A74553C3A090777423EBBF1B1804D878B2D9A3DF05D572F6033691412F90566974065809AA63B935349B277024627B6192FD4447EB500BB005E03BBF0F1A3E5DEF20F2F5FB86C935231B7BE96A5A9A2666C6C696DACF248D3C42DA47B8DB05EA273F1FAED6B77A40C626223A3B3030DEECBEADBDBEB2BDCFEECBC664659D7F2666F6E92F5E3FB1A962ED62A0F153D33DB873BCB02ED652FBE7BCECCB77283023D8F43D93067CAA39DE52F3D78A465EEEEA875F7A15356DFEAF6FE445BBAA7C923056D2B1B2B852B722EE56D0B1BB335B1D1566ACAC6560EE62A97A5826AE7D67AA2DC12A223C24A721374CFFDE20F32E6499393F5AE3E91199105EDC3B511A60FA434EC5CCC95EF28DAA6160CAC2EB6E4A6285EB8FE4855DFDA54F1DA35DDB08A86F999BEAA2C1BDD8861DC5EABD175353919453D7D8DC78F5435AD7C7B3102D666BD2B1460A46BA0A32D7BF3819281EB081D5E8307C3582989CBF2F38E1C98DBAD56B97A574646C3445FF5A1BC86B591676643A4CEC5FFFAE5450DAFCCFED1A69C201F43E547BAA676A62A57A53C4BA6509B83E161F60FCE5EBD2BAB67EC5092AF7AE1AE9C9CB69ED62339F947D7A4F48DF5F5AD8CA5CFDD76CBEF5F5EEACB4A71D793553377B43753B9F0B97EC6505B634AB0C6F58B671E1A06C4F557E9DE76EA1D472287B2BD5C0D5415754DAC8CD5AF3FF2AB5926EC0EFA7BDB3CBA2EABA1A9ADADFFF8CEE7A60D13BB54F68FB18BA8E107ABF5A99388EA7B18F131CC17F1BE7B9E86389D38256C97562D2DCFD2A2FE7D369CF4B969857C261ED368AFFFE0EA63F7BCB2198278B4038A0C3F05C03BBF3C9BEEE9523FF7A4629E7775CF4740DD1E2C4BD4B97FE1BA49EA140E23912F4C007601BC0E6D170E7626DBD6D5DA442F6F6613B3BB501C55D03CD03F3ED695E5E86A6BAE11DBBFB792F3E02FD75D124AEB86FA4B22FC7DCDED225A27E767879B03AFDFD04ACE2C28AA4CF433D20B2CEA19991CEBC8B192B38AAFCCAF4E4BF0B6BAAF9E39B2077774C03F4EC6786E80B3C623BBD4DE99C599DE22AB07E6C98D39897ED1DE0E26B12DE3B353F30359F6B2DA91E59509BE0E8EAA1AD6A9B55D035DA5D9F5B3BBDB5DBE6621FE21D1ED6DED29261F5C08A99FC1ECB45BDBFB445ADB0565FB1A3E0EA81F9B5F9A1D2A0AD0330D482A29CA8E8F53BA2193D03D3233DB1DA7A4ED929252DBD15E18AF2DEBDD8BD9AE953FA1EA9E98DC3C3A541516E36524E7DFC3980FD556F28C2F6A1F9AECAB8970B0555430E9FB725714FA625650BCBD8D4FD7C456F1BDBFDD0B4EAAEC1FEDCF0D7373373008A96FCDB63AF1917D51DFE0486698BB87AD6B46F3C4F4F4607DB6E115DDC4BE96227B576B834756399DE3FDA313F9D26FDF764FA96EE9AF887536537F641AD5363C33526C775D3EBAB6AFABBBA9BDAAB4BC777266B8A1DCEEF475FBEAEAEEB67C0F4B2B6DFB94AE8EC562D953466DDD6D097E8EEECE7E796D93D3139D65E906D7345327FACA2DACA0589EE5FDA31D9D25BE174EDBD72DEC3FFB264D0901EE01C5CFCDADA1F749DFD178100A796CF6FEE4705F3FD436C6D07FA26A5DC863E0B6D6467B3B07975074F8B572E2704902D805F05A8CEA73B62BBDA3823CEC5B302CCAEE62A16F5060807F4864A8B3B2B69E9EAC6FFBEE6ADEC3131A397DAB28CA5C7944A0834968174920E031892DFA2A96D9D94941F12E6A672FE97945464545877B69DFD30C282B6ECCCF4B0850356F407FF96640C6785E78B8AD55FA241DEE89DA4CBFAFE293EBA9A7EBEFEAEAD9079D8EF384BB9EAB70C335BD342D3F3BD3DBCAD2CEDECED6C1D623A36365BDCDC734242022696868A2C6F3F3BB79F35806A1CFCEC1274C5FCD2EC652D3A0090F3FD1F2766AAD34BC826343E31352F515CDFBA82C9E90D2656EEC9C1457D4F4955D143EB1CAEAEADCE530574AAB122D6F9955925A94AE6AE6D78DED3305F4F58694140B35D3E7DAA554EAB44E6D3782C4A14F96448558E9F9354CB4077E763E62686BA1CFC7D525C0217E02BA0C2E657B23E1E21D87EAC2644B0F2F1F8BC4791A9740DE287D74522BBB67798FB65C1FEDE7A4EB568B65F26873890F1F44547636B75755C4FB79F8858685F8851AFEEDA44E51E5E0684D986F805D60F5F2EC46A9EC69E3B6F6223313DB509FAC59B240C0C62E22622E5CB26BA9CB32B6F30C75CB59A673D07BB3050FDFD1289FD9C54AAA5D5E14B899028F7D7D4FC3E888815C080F69BDE45D3B5F26C02E80D7C92E764DDBA4BDD11CC347962E9EDEA13111CECA3ADADAD2DE6DBB6B05D2A7CD4A47D6B1B4C5EAE80027E380060C4FC0A5ED576A3C36CDCC4A0A4E70513B7749CF3B2E2121312EC8D6D025A5B5A5AB285F6497FDAFD925CCC6226D9CC6E7B389AB09F7D4FCF27D8D0DFC5D5DDC3B097CC82EEC950CB99B6E19E5F9CD6D2D790909D1811E36A61A7715035AC60A9C8CBFB2CB9DDC39B15DC20D35EC63AD34746B31F0803667BDD242C32B242E3C2125D358DD7902DE298BD66765EA921CFF955D766A15CFB914F7F763786C64454D8ACD6DB32A72A7F60D95D4CAE15D2A8FB45C131F6DA4FA3CBB4C6E97CB9CB5681F588377A22C8B09B3D5F7FDD22E8B03016ECE7EF63123783E9F43DE5C893E7FD7A9B638C5DA2728D82E6B95C5235036CB143E332F195CC330561B63833D8C7CDAC96C1E7D3145FA41445945724268A095B1B56F78785850A4DEDB1F6916540E4076F181ED8210DBA5A3C4CAD426D83B638AC0E7B330F37361E72E3BB635649B3805C6F8946CB0B858D44289ECBBEA126A17B8530B9E10FE9C5E2DC00F05D805F07AD865AF3120C2D35C3BA17970B4CAE2C34F9DB2EA1B8746BBB31C1C4DF4A55C1AB6560BA43F312F1BD9C0B2B153E5F151B6D6DE255D03FDEDE54E672FA927641495D6A4049819F8E7778F4C8E759786F9A4368C8DCE3494C67B2AA8C6B722484CBEC82F8CF15C3F475529F3B8D6C1D1C1A60C135987ECF6B29CB0783F07E3B09AFEB1C1F18E64AB4786F1D50DC5C505F9896915BD43439DA58177CED994F524DB18C17619199BAEF3BE78DEA3A87F6BBDC5D2CE27CAD639BC20D8E4B16759EFF8E46857B697BE65487A45797EFA8BDBE58E550B1B9969A5EE18995ED1D4D398EB6B6E242DF7BC9EB1EFB2CBCA6A75929F979D536275FFF07067458AEE75E3F4E1F65267BFE060FB6C915DB620BB58940E22B1CFDAA538C3CDC6CAC6D021A67D7CA2AFBEC6F9D4A76AD9E57D638D519E9E06D65135755345B21F1BB5F5746586B878387BA7D70E0CF5371726EADE32C8991DACB476F9A65DB677F696108855C4EEC16BD32402010343D81CEB982632E0C96E809703B00BE0B5B00B9F329D9BE2A27C57CD21A079A8D6F2869CAA9EB69E81898192BC969DAE67EDFA7AB5FE43CF86A91D3C8F47DBE8694AB056BA734F465EFEF1FD774F2825E6B6ADA246CBB35D54EF48AB1A683CBC25EF9AD2BEB8859DEBCAF1D2B8ADA81E3A8E61F1E02937905D7C4CAEBF7BE6969CB28E86DC43BDB8DAE95D3C6979B028D841595A4E435753EAAE7668EB1012B5D6911267A3FC405EC3404FEDDE63DFB2A9958E28F7E4F8B48285B5B5BE44EDCFCFCB3836779539FAC464C5940F4E77A4BA2BDD93D13654937DA8ED5D543BB5BDDA5E5AEA661D32C782EC421FF5710F2DC8A9EDEEAFC9B1378C1EC1A1DACC1E85D68D8DE178ECADA6D6023FADC031017B6F28D1DC4859EEA18CBCCCD54BD20F1E5B0D7E35AABF5A969813E0173334BFD76820E7D53FBE49E3B1161B3253FC9C623AE7FA1364E4D3267777E8E4D5E684704B152979355D4DC57BDA714D08ECEE48747C525240F9069B47A2EE3698C878D54F6CE1991B5D594911AE31FD14368FB15AA0AF93D6D856921EE8AD2FFF50DDD8C2585B5FF7E115F5ACDAA1C5F192606F559947FA8EB5E586775DFB26D677E6ABC3FDCD546514547534D51E1AA6746F51D0C3C1A1099931753B6C2E1EB3526778DDBA717167A9CEC5DD3DD02D674554FE9F8883DE2D0E3CFB9AC717B2773A8672B54F5B8D6CE0694CD19470511B066AC9C033B3396CB6E80D2FD0211CC28767597339A2C9E15FC683E7628B62C1E3FAA261793810DE07F9AB68C70D6017C06B6117F8D7CB653118341A83C787FE45C1ED6389142A93CDE5F2A05F2FFC3B86176940FF9FBC3ED2D355DB3A4D60B119C48D0C2955CFE2E2211C3C60CBA63348985D1401AE3FE0A85015C16232A86426BCBA03FEF54376090BB3318B1FC112D0588A78790A1C8FC3A2538818348EC6661DACF680923229641C660F4362C0AB43E0D343F50AF419BCB4854E2133B810074170FDC4A213D1281C85C1608B6A1AA882E2894F0EAF2339A892E0B527A20FE10B82CB07FD133A2D8745E5A23AF20A066691581A133D551417A6A31BBC0015E4A0C2822E193E1B9C4220BE07A284E2953ED07D119518CE142A33958043E3692CCE17C580A28916A11C642B4E7C9056142A4A0E0570985422018BC1525950ADCAE11E5C16FC7E2F2A8D092FA31125854BCB205308380C81CE86E2C0E73AB838D1B9BE281F6FBFBDB4BA25A7715B54FE9F08A1E0098FB8BD383D87D8DE23B2590776B1EC9B9F9B9C995FDFC51DEC3C06159FC5DC5F9C1D1B9B5ED9C750B950D9B96C06014B6292361667E657F78864D18C31A180C3A36D2F4C4CAFECE1D038328DCAE0C2F2E270F02BF39333CBBB44F126CCC70C6017C06B611788830AEAA002842B32B8867BF69150C8DA1F2ECE71559752D034365495BEAFE1533E3E8783B7C085121D54E5F0190EE28ACE747046F8983151141DED649F39C3F8DA7A45515228C3AF8589830E14711024023E7CFA9C3070C83792BF38423E8B4F99CCB252D1D5D4D6D05056513331F3AF5AA0C3598863BC30A2327FE3D25E10F80ABE9914FE277446F8F8CBB3C1977E10EFA9C0AF23646396D63637D670AFF8A5645F21E0E089880A6FA547465676663A2A462ED151B9F9ED71377FF5CE3D25235B736D99C726A1D1D54BFB5BE3C3C9C6F7956D9CDD9C4C14E58CFDB38A2797E6FAB274AE3C54D636B7B1D478F4C8D433A56516B3B9D69762252D6FEAE86CAEA3287357C72DA666667B61B6CC5D414AD7D6C9DE505DCF25AEBA7D8379DC0C03EC02785DECF28208D8842DE4544F4B730B4473C728629F42FBEA6529DF098FB4BDBA3A37BB4996A8956942BE9047DA18EFE96D6F85AEA8AD67747C190B555487F7948420E4B3692C36EBA75BA1C167A2A6A752346E9BA415360F0E7694E41754E566A53626CAFEE14A7041CBE0406B9C9D918B7B58D5E4DADC58516C5CEDD0D0686F4DB08A9E5D904F49CF5073DC83F71E0654F5740D36259B6AB9FAC7A73535B684E94AB995B70E8D0DD68799CAEB5ABB27D4765424E8C81B263737F5F4B5E4B8DA394704E6CD3CBB59CF9B0DB00BE00DB30B8CE8219DC362BF317380A08B80DA5D1CB81B108C3AFF58B86444778BD5B96BC92B0B588E804B44EFEE2E0F947566A89FD0ED5C23B279B4C1387B776F9FACFE95D9E19C00CFD098D8C4E458C77BB2FA9EF6A96D83ADA9729F9935EEB3287CCA689071404090576A4E81A98C721D9EC0E20B48BD71362E3E5E21D9C5D17A1F9D52F44F8C4A4C490C36D735F0F048ECDB13BD45E6F800EC027803EDF23A7130EE72F86E2E18019745A752E9F0700E3C6AF2E5E093F8E3A71070D92C916EC5C7C719D82ECD9667AF252FC3766163379757269A73DAB2B53FB11ED92273F88CD144070F5FAF84FA81FA340B156D7B4F8F80B000D36BF7355DED525A87DA33152E3BF7E0D974016D32D4342828C8332DB7D042E671390AC7E4F1F0EDD1568EDE9E215945915AEF9F78E018E217121EEA6B6BED1811573A8979DD17FA1C12601700B0CB8F016E557029FB182285C4FC21CD0A3E118140EE6E615987ABF7218340D9AE8F0F75B6758E4C8E2E6E2C4C2F13687B93C3887D12E3395BADF0A9A8D5D595E52D9CA4EDD2FE13C067ED4D4D25ABDCB4C8AFEC999C1E2C498E4E0EF2F0AACCD4F9C47AF42BBBB887E494279B5D79E8DDB938B130DB9BA0A16DE0661BDF30D0F60DBB8485D43474C4E83F70AEE8189E1C6F0E317EA46DEE1A5FDD561AAB216F5A3832383D37DE92969A5951DCB5493F666E07760100BB1C12782C1B9E56C513CDD3120AB998AEE894EAEE46045534FDEA60B45F34E5E0A0261705C25B2F8BC3E06378F45B34D24F1D74758B28486FDB6589C244C3FF5F0D9E8B628A93C29F7E192CE009F9982EFB1B72F7EF3FF60C720849B6D3F5EE9ECF7B78D6065EB3C2836388CEF4C5A9F88499E2A4BCC4B4AA7516D44C1217ECB822E492C8C8FAE0C757E51415A5EF3ED074884DAAAC1A2A36BFEE3AB14381EC3291E115181692D9DA5F9DAA73E953695D6D2D354DB5BBD7143C5C62AAFBBA0AB41FFA0E1060BBCCC43A444727A6CF6C6D8F1678CB5DB87EEBCE9D07B74F7DF4C8C4B360627769AEC255E6F36BF2CA8F6E5F7DA0E79357B34C3D66C32EC02E006097C322E452319BC8C5F9F9551485CB1772F1632172C67E89717DFBD0218F45C1AD4D4FCEADEF5398E2CDAA041C0E15BD363D3E87C491185CC113218FC56010D104C2F6C2D21E11B7B9BD4FC051182C26838427D2899B0B530B1B582A4DF43616219FC9246D2F4CCC20B1642C8E42A7B30E82857C16073B1C2377D72134AB6A711785C5ED2017F757F364BEB00B9F49C2EFACCCCE2C6F5278F02654420173BDBA2823C6366A8404EC02AB97CDA0E0D15B1BDB7B680C99C164B3B96C1A897E20631E8BCE6030581C2E8B4142EF6E20B750783C9144826E3F93CDE5B0A8643A744BE1784C1A834127EE2E2E751666F66EEEE188F895020F0B2F8FD006249BC763514978D4F6FAFA0E0A83A7B1D8BC6377D7815D00C02E874140592C090E77B3B5747474B2B7D1B0489B586D8B543F7DF1AE8A5E625D43576399AFBE8A999B97ABA99E594856EBDC36717BB93BC75F4FC3D4DDCFD54CD33CA8B46E726BADBB2C5BEFBE9C92869AAE6F7181A57D5C797EDB505F7DB289B4AA9E999DAB839EA292436CD5E82A7665A639D15143DBC6DBDBCE504D41C632BAB86F1D9EC72BE03170BB0DDEDAA7DEBB216F115C5E5E585EE46D1532B090F7F073C82E2BEB0BF52551AEC606562E6ECE26AAC6919D1B9063047444674E9C8769701BE1D5BF2A5F0281EE8050D42A84D7E588C3BE096410019F0BEFD00FD9441CF64DA0A78BC5B93A7F2D3935136B4B0335054DA794EC9E6DF8BD34B080A01C0EDAACE2D8C70A601700B0CB61E06ED43A695AEA5BB8A614575657A627572FEC2FD739DD54B6F2F52E2C2FCD0A3552B68FAD6E6F6FAB48B2D1748A29CCAA2CAE8AB290B74EAAEAE86EAB8C71D2B38FC8A9AD29888F90397FCBA7B8B2A17FB24243DB2D39B2B4B53E3750EE73A580CA8ECEEE8A60253997B8E2E286E2F2507315AFA28EC1818E6277A5EB1A1EF10D4B2CA810420197465DAEF6BE75D5D42BB16CB4B32C3B4E47CAA6754E6497DEC1DA042F7F0707AFACBAD6A6F2D260B54756A5EDF358068F385F9E1463641838CB92CC2D755F53046C12716BBCADB2B2BAA6BAAAB2B66D7C7583702C174F3E03B00B00D8E530F030239981612E768EDE0181C151E1F155D304CA54A482757441726D6151A8EEA7678D23B272B2723222CD1FE97B27FAFAFA44EB5D3DAD1F99959393931966ADA8E991909F9D9190A0256FD44561F284D42E13538F14D82EF9D11A0F5C3BC87CB680D46B2FEF1E9316121D916AAF67D24A1008050242B397865558F2815DE027E6279CE5742585F0FC9661D47C5B41FC5776E9AC8930D7D49153B58E854A919816A47EFB714CD5C81699CFDC6C4C49B75233ECA68269CD3F8CF5F5F5E6E66604022110BD6DEE2B448D1C0E0B7E831AB8B55F02EC020076390C02EAE6707D755A88AF93B9BEB28AA2A265CA02A63F44DE2AAA20A93AB72040E9C4878FACBDFD7CFC7C5CCCF46C230AE283BDC3943F7D57D6D6DBCFCFCFC7C9DCC026B4A0AE343B39D540CD691CDEC5F24BBB341425EAC8078D32845C2175C8F9B1675C6A705444AA9D9E6933960F555DB8266F0DABF017B14B4765B089B2C2B5BB2A0E50293CBD1DF4B56CB2DBE650143E6BAB2935C35ACDA00BD8E507D2DADA6A66660655973CDE319B5CFC8300760100BB1C06CE664776665959E3C0D2C278634EA8D425BDD6EDB6304573DFD8D0B2B292547F7525BFEAB9F5B5F5F9EECCF0ACEAF6DA9AECE2604319CFC6B9F54DE4425B6E4C5A454B5F47495AAA81788FE46FB74B5662696E6998995260EBDCEAEA62879FEA2D4DB7D8FAEFB74B4F4F7190A38FB37774E7D2DAF2F46C43A86F62CFE43A892DA020AA52128CF5BCA799A067EC8701EC7228805D00C02E87414899CFB5B356BA7BF9D67D1919996B72BE8D3B3464BD8DCE83ABB72DC2C38B4B72AD6F7F74F69EDCFD739F5E33F02E1C5CC26D2EB4C4D9DD3EFDF9FDC7F7CE9FBCA61B95D1B5385393996EACE53629B24BB7B985775A74595B6349B2BE62C898C82EC36ECADE0905850BC8C5B644C7BB9F9C3A7FE5CACDABEFBDF3C839BE11F1945D325595220B5B4750F3ED4589FA72F66DF305B217ECCB865637E62B33DDD4EF9CBB7C47FAFEB90FAE9A17CD2FE0387C36B23B27DE43CFBB992004A3FA3F0C60974301EC020076390C4201878AC7ECACAD20104BAB9BDB68229D27E03270FBDB9B5B281C9E42A3627736D796161797D7B6449B118BB60DC6ED6EAC2DCD2FAE2037F78954268743A7527158021B9ED62A60E2F0442A99CE64D028580CD4C280C358040C9142C1AC4F4E7755E47723B67677B7A7128D945DC333FBB63907C5805753523118328DC9E67198505A349EC9A1A1F7F07416970B6580DFDB42AE201697563651582A87C317B2376A8AD3A3ACC206B03C78918EE82C80C301EC7228805D00C02E8706DE6B19AAC3B97C78DEA92840B43A129E780AFF0B7EF98768E5842832FC293CB1950D6F537F882E2921677F6CA0D8575FC3C8CECDC5524751D335AF62640F9EEAFA22885653424514BF19974F98AB4ACF49482F9A25F18EFD7A971F0CB0CBA100760100BB482802267A77A1A73A3FBF107E176649C328728B285EA079680494EDE9A999F185ED63B70DFCCB04D8E55000BB00805D2418511384CD64727EE48A3CD106975C309AFFE300763914C02E0049B5CB417F92F8D58AE2B0E703C784071FE84C51EFD38FAC41E1B34155FAD7B2853BBEA020784715F8558B071CEC6CFC02B989AE8427DABDF820B62807F87C4F65F1B2F8A284DF73E283CE3D314FED6C06F80E805D0E05B00B4002ED02557D4C0619B3B7B5BEBABCB2BE85C251E157D03FAFF28362B25950CCCDE5B9B181A1D1E9F9D55D3499C9F9318611705874C2C6CA1E95F3E5CA3821974125EF6CEC31042CF2F60E9A48A0D22844FCDE0E8EC1874A4AA230399CEFD8450A6A37B028A8E5351C1D1E5D170530E964F43A12C33C823D42F8F4BD3D340E4B3E18FD7F2E5096022616B9BEBCB8B0B884402C2FAFACAE6D6EEF60280CF8BDCEE248478650C0869E0398F41FF525FD3400BB1C0A60178004DA45C0DCEC6C8836BCFDD9857BD2B7CF9CBA6F933D308E79EEDEF17CC6D6705782D1AD93272FDD93B97FF5D4A98BCAA6D14D53A41F31BAC0D95E19CA963E63DBBA41FAE225956CF47873B991BCF5307DB942DBC8272FADA9ABB130D5D6286E8C4842B505C6342D4CEDB1BEB5AEE413F717EBAC4F5C8C195CDF100DCAF389E303E57EB7EE464E90382F7D1C84D667E7E09F1859B5293E7E0E5096CCB9E0BB0F2E7EFCEEE98B57AF5EB974EE938FDF79EB03A5A4C605CCD16FE4CB274D145634B554CC525FBB212060974301EC02903CBBF0F133C5D15156E63ECDF36B6B4B938586EA1669D9AD1BF467EA6F3E79A6333BD048D13CAA7D6E61751DB93ADB9964656FEFE55CB0C2100AA02602616B69711EB1BE4FA4404FCA7C2E8F4526D098C4EDE5B5F53D3489F9C57EC35C367E6365617E691D8DA37205905D0633EF9D34AF9F999B426CECE2280C3E9F4DC6EDCF4F2D9279FB35EA7A9E3929ADAB28D4F6D2DC2A16BB32E07E592DA2AE72721B4BA6519950DD2C84CEC8A110A0060DD4DE129592B8BF5063FECEE791035FDA65ACBFD4FBEAF5D071220D43A2D38928A89586DCC250440582107208E84DE4FAE6DE3E994E2551D902019B42A253F67776F7F7D0140E9FC3A5A1D71766E610507B437C15022E9381595B5ADEDB6C32B5F08E0FAB80EC22E071E8A4CD8505C416FACB0D9B6160BBCC06DCD1760A0FAC9A5C5E5D5D454C4DF5645B9EBFE651393E4DE43DE1B318C4BD75C4126287CAE41EEC7922E4314884BDF5A5551495492652D91C0E8B41A353A94CA8CD2614F0D9243C1415DE02E0CBB4BBD067A2B4422E938CDE5D5D5A80B794866E366921CBD22320C4AF7587CCE17019988D85D9A5752C81CE95FC0DEA815D0E05B00B40F2EC226411908B4BE313080A0FAAD5B0B53A8A4649C90DEBCFD8854F9BCBCB0CB094B5285FA28976BA15F2E9DB53331353A32BFBF89DC95A5F7357BF90A000777B5B9F88ECF6D9EDC5F51657357D6B27BFB0202F478FB0ECBCEE0D020EB95CE967E3E817181CE8696BED155B5433BBB8D41B7BED371F2B99B97BF9B838BA862796F54E4C0E7785B8462F30D72A4476691AEE6FAD89F14F1F9DAB09B9FFBB53F2766EF181C12979F1A58B143E8B435DAE70F7AE1C5DD93C983EFC6D76B9E63FBED71FEEE8686FEDEEE3E7E3EB1BE0155E394DE63031BD0521DEBE9E5E5EDEEE8E9676568E299334F260A8B5B79581B19577747A567D5BAEAFA5A37F7864A0ABA9A55F5EE9C0267E6F66B23CD8C2D23328D8D749F3B34B1A0181654BC4B5A19638473397A0E00057078FC4A2AEC53DF1E68AD07F21BBDC330CCCCD18879A6742011B4798CF33F8E033E7B2D1C9DDD589BAF448174737FFA040172BB78CA1D95D3201D15A971EE4E8EC171EEEE366AD6D1CD13B3E3BD454549A91D9B9CDE17168E8517FCB8CDEA585BD95F1DAF44857286D2094D63563787617B3D65D5810E1E1E21B10ECEF66E8903F38D799ED705F5A4A5E3938B7BCAB3EDEDECE27343CC0C5C22DAEA67E062FE1AF0606763914C02E00891CD587C798053C3699BAD2986CA9641E56D7BC407AA6EAE162BB2262DD4D15C2E718508A8330A8C9221008B8643C7220DBCD23A9B8B6BA22D5474BCDC23E3C6FB8773AEBFE6F3FB709CCAAAE2A89F5B573F10829EC5D5E98C8F2F44A2C2BAFADC87457D6B3F2702D1E98ED8DBBFEDBCF4CC2F20A2A0AE25DCC5D7CC383528BF2946FE8F5D316CB44766968AFCA8CD17FECD589E8CD56FBEB15D3C898D2E4602F2F1BC79C512C86BC98A62FE554D0B7B277F092C86FB58BEFF856A5D615295DCBE0A4D2F2C2787F4F5353D7D6CDF97C73333B3FFFA4A2B2C2183F73AD6B972DDB48B84AE5D38ADA16D6E105F50D156D4D195E3EA9154DCD1549E68F1F3BFA24D7F5B617259AAA1A449656D795255B5FBDAB131890D33A51176FA964E49D5959519E1962A1EB12535CBD72F076C403BBDC9257D650B4F20D0EF2F3717776717334300A2E9FD8400C64A706DAEBDB47E7949594A5B86829B9E476F555A70606DBDBBAA4563454A5C7E99F38A35FDAD45D9DEA1FECE094BFC8E6B1491B0D72A71D4AFA1B9AD25302EC0D1C4469935D34155DF2BA7A8A43EC9D34D48C43D20B0B33FCBCF28697C6AB7D1F6BE91A1BC5E59616F8DDFFF4B17342616E7A5854764BCB14F6396FD59424805D0E05B00B4032ED22E052D1DBE3B57921B6C666218583C8DDE70C50F060BB789829467C651721974A22E0D1FB7B988D91E2E884C28AEA9ADAA2483D05334BF7B08EEED97CC5B7B5DAA676E91CEE4E478447A09D5BD2C8E254714C526155456D4D49A89A8EA9A3716CEBF440FADD0F8CAA5608041E67AFCE3BCCDF41C93E25FB19BB18A8040FEC6F4FBA7FA69AD8D38A581BC80C0AB4750A6B1F5FCC567F685FDFB74C14D795B05D6A2DDF3D13D6875C1755EF3CFC485FB1E7E5EBFE135B95DAF72CE34A87912C1E79AEB62150FE9C776FA5CE19FDA4D6262453405FEA2F8B52BF6905DB45E573B3F89ADA752687B0B2DC5F1C9B5C5C5D575F5BE4A572DFC835302E333BCE4ADAB4689FCFE2F3B10D16566E7141F16935712667CE5BA556D755D75565382A9A7825C4F5E14495E2815D6ECA484BDF5137B3345251B8F9F95F3F7AE4508E58235256F2AC5D8C5465DD73AB6B2B6B4A634D6E3E0A2ECE72B572F272896DC3F379D45D54C1BDBB56952D5FB3CB7ABDDC69FB92EEBC08336723353951DA6A28ED0DB990CA86ECC4B0703B0BA7B0C4D4CCECE4A4AAF15DCC4CBA994F587460D3C44267B28992854F6452725A726A4977FF0256C257E300BB1C0A60178004DA45C8A3ED6F0C97677A19CBAAFA154F63B0F078C6B308E8F3B99941D6B256B54806DC332614F2193B83DDAD2D954D834BE3859E2A8FD435750C2CAD34AE5D5631740D69EF992F523D693BBCB0CFE4F2D103B19E2176F6412DDD35EE2A4AAA9A5A869616EA97EEA8581946B74C0F653DF8CCA56D8344E671B1ED0191418E0A66F159DF6E179584EED6350A7630233BC854CA36254DFD8675FDFA3291277E10E793B188668F931FB9352E2D91E195F2ECBDEEF60CBB730F62E777AAF4E53C32AA2777397C1AA2A1354AF18C7D6B91D269E3B4B6D64D9680B13A5C956870CF1AB68BDA35D7EC9676149BB13DDC9BE5A8A2A0AAA96B6C65AD72E1AC9A9D5F6472668C91944D2D4EC0E20BC8BDCE0EBEC921D17115C1F26FFDF5AE8EA5B5A5B595A9B6BA69407EF1E841D7D3815D0E7AC6486CF2EA7C7D98DEB57BE639E3F318FC6C9289A5F4F9D33206502A6B4B230D65B3E8EA7C574B174FD7A43EB2804F47131A5464EC6ADA7A6A52FD02ED1D72E6981C160151F2E063DBA28E0C5F3D7338AD219CD6024E1BD3323E30D2D99CE9EF6AAAF6E8F6ED6B774D9387D77A934CBDC3A2823AB7701BC30D49FEEE264AB2776FDD51F38BAB993BB09FC402EC7228805D001238EEC2C68EE424DB2B5D500A6B5A27ECE389242A93C5E171D94C268D46E7C21A398828A0CCB4A6FB684B19458DA0D0443299B43B916D6D6B6E6FEC9BD6916FF8F6E5C4BE550C8E80A872D3B7B6700968E99ACE91FDEDADACF6F93D2C7A38DFC7CDC3CE39B63C55FBE49DA809D40681B0526AE360656F10D134D59B74EBCF3249C3EB48DCDE588A83BF97AB6968DEB33D63077699F23AAB14D958BB4066E2869A339C2E7F247DFD924DFD2699F465FD236451B6464AA5DF7A14DADCB2B04F20E3B7FA73B2DC55CF9BB7EE636AF4AFAA7827378CA0B06B9D7959360A0A798BC361F7D43DF3F2FA3631C8D68A68AB6BE72D4476B9EE96D3DA81A2EDB6A6A698CA3CC858C192A8848524F3C746CE8129C525293E8AAAFE23583411BF98A1A6631D16905ADC96E323231DD4BD4FC1933173158985D56D6DC88381A0A7ED42E63F11B0B10BF3E98A1F9E364DEE5C18AFF00CF474364B9B4293B1A4DDC12CFFF8E6919E3C7F177F27DFF4392C6177613AF4CC65D3B2A6DEE62C3F6F3B8BE86E141ABDD61E70F684695E4F79A65BA0A78B79FA349496B83B98E91FD732D257595C5E55DA328BC5A296BAD36FBEA55D385C1269EC1514E259DE33DD57E89F38B2892313362ABDF52C3D828A67A146A80403EC7228805D0092671726A22ED4F0C66FFEFD5FFFE7ED131F7D7CF2E4C79FC98764B48C0D96C547981A3A8FD0BF5CFA2214B0496BDD0DE13A374F9EBC7047EACEE54FCEDED4B08A6B1ADD5C59EE08937FFF63194D3D0D0D0DE51B9F3E3070742C6D9E4CBBF69FBFFFECE27D45B97BB71E190546D44EAE4CD6263CFAF053195D4D4D0D4DC5ABE71F98EB79950CF7C45CFFCD896BB7E51FCBDEBC296BE29850DFD5569DFF3CBB0CE230DB0572D7CEDF500AAF6FDB40211A62DD6F9C7EDFA60F49627F31FF0B2AA590CFC4E207428CAE9F3E77EEE2F94B67CF9EBD7A43C33F7F01CF21D61A9E3F7BFEF4D57BD20F6515D4946C3286F04C3AAA33D546F9F1DD1B37EEDFB97CE9FED98B076D9703BBB0284BF595BE721F7D2AA767ACABA1267FE5E45DCB809C8EB9FECE7883EB9FDD7EACF248EAC6898F1F070497CEEE4DD6649ADF3D73FDB1EAE35B576EEBBB6775CD910F26B17DC32E70938F8E1A4C95FDDB5D9BBCE28EF6FA2427FDFB376E3F5252BAF9D90DF3FCE679D4DE6C45B697CEFDABF71E2B49DD3DF3DF7F512F6C1C5D1ACFF3B2933A77E6CE634559E9071F9DD0CE1BEA438CB5243AEA1DA4BDF5F975F382D679E45445B09FEEC36B0F95345565CF5E34CB1CDB9C6BF27254BF7549C5D22925D1FEC6D97BCA3AAA32D7EE6A0746D72C91247BDE18B0CBA1007601489E5DF80CFCF6CACCD0E0C030F4F709333EB7852250C998DDED65049202F78189633E11F2D954D21E627AB8BFA7B3A3B3BB77607C690D456270584CD2CED268FFE0D0C8F8D4DCECF4D4FCEAC6EAF2C04C9EFC5B8F73CA9A7A0687C7A696B6F7880C369DB0BF383A38303432313D33373D3D8F5CD9C252C97B73C3E33393A32350FA4904729F442513B088B9150A9F815B5ED9C2EC134878F4DE2A6287CAE5B0718B5323A333EB181C83B8DA9A1BA3A660D34524B2BE5888294228E0F1E97B6B33C383DD1DEDED1D9D7DA353CB3B904784A43A937B86BEE1B9F5032323E3730BEB181A9B49182B2EAD6D69EA199D182CCB8C707F703F789CC94521E63631241247C06712F19BB323FD0383A3533373F3D393F3C86D0C9941A5A096A747060747C62727472796B677700C2E9D88599B1E1D1E1C18181C9A585A479319E2BE3AE8BF7CFAF6FCEA0E064D13050905022E1DBB343EB786C692C9C4FD75C4E40874FBFB8746A75631440697CB2460361726478607BA5BFB622E5C322B6F1EDFA7633756A786FAA14893B3B313132B182A8545277D3D2D89C1A2E3B737E6C78707870686C7C66690D01532485BC8F989F199C5E5BD3DE4F40854C0A1E1918945E8EB607ED19928A100BB1C0AE8970BEC72CC91C851FD4301D946C06333E80C9668DF98AF02B96C268BFBC5DE305CF4E85CB1C649F3C1F91D1293CBE389231E2466B2B9F06E28A2101190C004903ABE8AF72D401F42E9793CEACA487DB2B7A5B5A9435A3F812F5EE9F235A01038232693C5E2F0E01E2A01F309B9C1F2914B46D5C8065483C3AB45A05331A953A9A15E9EEE5EFE01DE0E7676CEE6910358FE93A7AB5D78AF17D195C1DBB788C3E050F87AD9D0557C5560E8D2E02CE117F27EF7557C0378E31A2E9B052F76F93207211F0A63127789B5520F1CAA5B27F15F44637344435EE268CF4B2BE4F3781CF8167FB1150EBC118E68231D083E9705777B7ECF6D960C805D0E05B00BE0F5B7CB8BC1A7EDA0674A636BB73054AE68F8E16522606C4EB517A7266465B5ADD3044F5EA8AA14709FB01075052D638BBB5F6C0A00D5BB3C2E76B8212F35392E2E362E2125B7BA05012F9F9790AA57C0A1B29672739A1657F7247B84E46800763914C02E80E362972346B4E326E7252D3887F70F6041AD8297AF41C08F00D8E55000BB00805D00801702D8E55000BB00805D00801702D8E55000BB00805D00801702D8E55000BB00805D00801702D8E55000BB00805D00801702D8E55000BB00805D00801702D8E55000BB00805D00801702D8E55000BB00805D00801702D8E55000BB00805D00801702D8E55000BB00805D00801702D8E55000BB00805D00801702D8E55000BB00805D00801702D8E55000BB00805D00801702D8E55000BB00805D24112693B9BBBBBBBDBD2D3E064800C02E8702D80500EC22892C2C2CF8FAFABAB9B9898F011200B0CBA100760100BB4822C02E1208B0CBA100760100BB4822C02E1208B0CBA100760100BB4822C02E1208B0CBA100760100BB4822C02E1208B0CBA100760100BB4822C02E1208B0CBA100760100BB4822C02E1208B0CBA100760100BB4822C02E1208B0CBA100760100BB4822C02E1208B0CBA100760100BB480A509D8546A3939292A2A2A29C9C9CEEDEBD7BF3E64DE8DF10B5B5B5582C561C0FF01301EC7228805D00C02E92029FCF87EC222525F5D1471FBDF5D65BFFFDDFFFFDCB5FFEF2C489131F7CF0414C4CCCCECE8E381EE02702D8E55000BB00805D2405A15008FD0E151414FEFDDFFFFD674FF14FFFF44FA5A5A54422511C0FF01301EC7228805D00C02E12048BC54A4E4EFEF39FFF2C16CBCF7EF60FFFF00F7FFCE31F110804D4B2114702FC4400BB1C0A601700B08B0401290412C9993367FECFFFF93F0776F9B77FFB376D6D6D341A2D8E01F8E900763914C02E00601709422010408251565686A4726097DFFDEE77A5A5A5E0F7290900BB1C0A601700B08B042114111515F5B7BFFD0D52CBDFFDDDDF7DF8E18750C30554679200B0CBA100760100BB481CC3C3C3B76FDF86ECF28B5FFC42535313AACB20E5883F03FC7400BB1C0A601700B08BC44122918C8D8D7FFEF39FBFFFFEFBA9A9A9E250C04F0DB0CBA100760100BB4822313131274E9CB871E3C6DCDC9C3808F05303EC7228805D00C02E9248575797969696BEBE3E97CB1507017E6A805D0E05B00B00D8E5C8110A856C369B7218D6D6D6525353434343C5C70009A0BABADAC0C0202F2F8F40208883BE0F3299CC60308EA78D805D00C02E470E8944CACCCCFCF0C30FDF7DF7DD8F5E8C0F3EF8E0ADB7DEFAF39FFF2C3E064800D0D7F18B5FFCE28F7FFC23F4ED8883BE13E81BFFC31FFE003577C6C7C7C57F0AC709601700B0CB918346A36D6D6D757474D2D2D21A00AF2D75757550F305FA6F7D7DBD38E83B8162BAB8B86869693536368AFF148E13C02E00609723677F7FDFC8C8C8DFDF7F616181013836D068B4F2F2724343C39A9A1AF19FC27102D80500EC72E440763136360E0F0FDFD8D81007018E010281006AB5989A9AD6D6D68A838E13C02E0060972307D8E57802EC02EC72CC01763972805D8E27C02EC02EC71C60972307D8E57802EC02EC72CC01763972805D8E27C02EC02EC71C60972307D8E57802EC02EC72CC01763972805D8E27C02EC02EC71C60972307D8E57802EC02EC72CC01763972805D8E27C02EC02EC71C60972307D8E57872CCED323535656666D6D0D040A3D1C441806306B0CB9103EC723C39E676E1F3F92C168B07DEAC7A8C01763972805D8E27AFB75DF84C1A958A27B2C48710421E970DC1E58B8F9F4228E0F3B84C3A9B2778092611F2B95C0E8BC1E23EE15331182A83C915883F01BC6600BB1C39C02EC793D7D92E3CE24C63574B7DF5C2534326ACE5B6D28ADCDCCE4D8E38E04B845CEC1EA2CDD72E7B064367FC6815705183632D693E05CB4FF89881CCB4B689E5CD1F7F52C04F01B0CB9103EC723C797DED22A02F7764C5272516B76EB3A16689904BC5A3D184FDAE38CF404787EC5916DC56E1330958D43E9644879A1642F6D6CA60DA9D53B66D1B240A8FC7A21270FB28148648E5406D193E9B4E6771B83C4810701387C314A510F0A158180C064FA471448D21A8CD23E43188041C0135915B996476CB6DEC8980BA54E411925ADF388B6383DEB5D71060972307D8E578F27ADA05AAC505F485AC88A0F8B0EC712C9B41C72CF456169595965614859A695A99D8664D932924E44053794969717171496DDBF02212BDB60CDBC5A60DB9333FDAD55E5B56525C5850585A543BB441A7233BABBAA7D7D6883C011B8B468ED7D44E61C9DBD3DDF5756570FACA86EEBE253C9BCFA16F0E75D55794959417273A7A39A85F739F804AC3DD2AF4738A4A2A19DDE100BDBC7E00BB1C39C02EC793D7D62EEC8D3C63B7F0E4A85E3C8BB8B2D2E02D73E5B1A5BBA7A3C9A36B6765952DD386D626FBA2D4EFCB9AD8BBBBDBE8A81A394626B68ECC0DA4DDF9D8A615319EEF6D6E6F696DE7E9E660A876FBA266CA1AAEC34BDA28203F6F0C47DBEDEBCE73BDAD993B3D94E8A0A966606AE7606F6A6E64A2EB5BBB42DA1F8DD1D0D63135B573B437B87FF7CEDD4B22BB3CE1AC14599B85C51674E28EE3DBA35F77805D8E1C6097E3C96B6917A1F0899034E0A2E219999EB342232DB436DA5DBD10BFB64AE0F0F6EB629C5D2C6C226B3B8B5DCF5E706D47CC6EA177C79283DCBD8D1CD2BA7B4476991F69681C189F5D47E3B6666B92FDEF5ED6EDA122077D4D8C43C2F386E67A0A0A5DD555F226873C3E91722DCCED5943EDCD76E446DA3D548C9FECB43D7727AC66649ECA234DE416F8EBDC38B0CB13EA88AF8E4F5842DA12537408789D00763972805D8E27AFAB5D0498566B15AFC8CCD2751A66BCBE48ED825C3D618BCA13D227F282C37C1C834A1AE2E47FF3DBF30F15E494545414E56455ED5C22B23B0EECB238561A6665A2F0E0BE8CA2EC7D69D9CFCE697553F7B0131966A601218101F1F16E5A4E454BCBAD1A7FFCF4D2CD2B528A2A2A4A8FE595D5F4AC9307CA1F7FAC92D63ABBC516B2D7EB1A339DA43C0EEC429F09D3F1088B8B9D067679FD00763972805D8E27AF71DBC555C523223D0701B75D1AECAE9D8B442CE3D95C4C639CAB9BB54D446D4781DDE95306D95DAD2353131D39E92959897975C37D69773EB2A8AFB1D7D0F3F68BADEA19EBABCF08B1BB744EA393BA4723CF675A7B583FBCAAE7ACE7D1B441D89E743F7DCB2832B2B47762B2A7A9343BDA2FB271A9DBF1C2EDA08AE11912973C955F14A87F53DC76A10CFBE9F8862566209E9A1B0D784D00763972805D8E27AFEFB80B32CBD82D3429BA07CBC42396AA3D5595CDDD8323427C4D1FDFD7D4B549E9478C36F96AA89B7AF8474404BADABA06A565758CCC0EA4DD3969D1D0E2A7A3A86D68E11596181BE260A075FD9C54256E8BCAA5CE6586983EB8AE60E3D1846273C884FE3067334B5BB7C0E0601F6F772FA788BA65C24E778491B58DB38B5F4890B3A696AAC2F503BB70D74AEDCCC3620BDA3160DCE5F503D8E5C80176399EBCB6761150A793420363437226716C3A0D3551171F14131B17131713169659583BBA4BC5E3E76BD3C3236263A3C3C362D22B7A46B750988DE19488AAA5CDB1BAEC84C498D8F8D48CF4E484B4A4D8E4090A81C5E7635B139C2CF54DA2EA513CA1802760AC0F94A4A4C445474644C424E5E4776FD0785CDA5A6B595A7C6C54746C5C4464526652D30E541AEE4E79A0434862D1C0260BCC197BFD00763972805D8E27AFA75D6004F4F9FA44C827A57DFB1C916FF82C9A68CDCA97353C3C3CC3A6532870E837D6EEF3394C3A0D8E0E874309846CCCC26473ACB7676450EAC0FE572D10019749A3D3188C83E52E07F0D94C268BC986D7C63C110A9E0818C82A77EFB89AAA312C58EFF23A02EC72E47CB75D845C3A9584DD473D977D34064F620BF82F617F8DAF013D3FF20402BEE055FE64E18A4694ADE0D96C857C169D82C77C7517A07B86C6E088641A8B2DBAF8EF2FA890CF63D309180C91C9E30A045C3A994C20C1CBF9C41FFF04BCBE7679F28447182BA92D2FC8182689037E20D0F7C6C7F704B96A2BE8F9E6942FD19EB38BCCB721E43EE16DD7FB0755F7CDAFD1C05AFDD712609723E7BBEDC2D96AAA4A7232D07C2EBA46B67EC90B2CF2CBAE24854C0C964A27B35FE58F16760413B347A5339ECD964F186FCF0FB2D1115FB6A6A6B68E81B98D574C46C3D8129EFB4276E1E2F7179B422D6CE386D1BB74E6766B767678424CE5DA4F38D3E875B60B74C7F91C0E97C97C19A31D020E8BCDE5881A2487009E5FC0A1D1E155FEDFFFED032412609723E77BECB25E531461A6242323232D2575FFC699FFF9C5AF7E79E2D4D99B0FA4A120051503A7C81926D47C11C7FED108F94C01A12B545DCE3EBDA963EF991DA38E0A219F812174DAABC83A64B4CEA19EC996BB5D196F7BF7DD3FFCE59D2B0F64A4A5A15BF1E0CE95B31FBEF3CE1F4F9C95B20DEDC6B0BF6FA35D216B73B92BFCF66FFEA450B23A47A02CA43938AA1868858E53C49FFF04BCE67681794E33F307203ACFF77D81CF00DB459C10D8E53505D8E5C8F96EBB0818FBBB6B3363232323C3FD7DEDC55E9FFEFBEFDFD3B60A2DEB1C828246C7A717D6287C2EFFA5FDBE843C2A6F274BE3E4878A81A5F5DBAFCC2E022E656B27F3F20727D4832B26779EB5CB5649A4E9B513A76EA9A47743970DDD8BA1C1BEAE86BC383B25E9931F9C96F6AEDEE350E136CCB722646D2CB5079CFF97FFBA9FBF3C83675136E6E64627C757485CF1E73F012FD32E42BE80C766D00E6030D8DC17FA93E073B95CCE7337357E61A08BE0B1186CDEE17B51E1BDC8B86C0687FF5552010F0A61C27D9D2FEDEF1920C900BB1C39DF6D97AF1072D8A4C5BC5BBFFCEBE76E91D52BD42F9A2BD0031C7BA7BBADA5BBB3B9AEB93435363623BB1941E00AB8D4ADF99EAAC2E4C8B090B0F0C4BC92CE451483CB15FD92051C120E39DA519216171618E017181C9992DB3032B34DE1F2E8F4FDE1BA48D5D3BFF9D587D246B619DDFD538BDB0B6D451583CB331D35B90931E1E1D169E50DC3CBFB845D447B7E7A744868787C66EDF0D43655D445029D9C4FDB1CEDAECC4C8A0C0D098B49CC6FE85C223078F0332E0F3F3335D8D9D8DC3B3752971F1F1A1C141A9552DA34B1BE47E7F1E8FB7B43E9112ABFFDD57F7F226BEC9FD533BF42FE5A9527B2CB8DD35754EC86E8E22028332E053559926C71E7BDDF7E269FBFB94986776217B070BBF3DD7539F111C18181610999D583733B2406545F7DCD2E4CC27C7F7F5347EBE80601B3D09C9BD3308B46D30FC6A4053C3A163B5D975FD485C050997C3E0BBF8EE8ABCC4D080F0E0C0A8BCFA9EC5FD924B0A0AA9BCF4063179BF34AFB27BA4AF35362E3326B6AEA3B475AAA8A1A17701CFEC1B9845CC21E020AABEFDA66B1F9DF6C5FBE44BB081828CC74B6878D8BB7B7AF7F80BF9FAF4F40445A76CB1291FFE49BB53EEC21F26A57FBE23606B3D53FD4DB54D4B30F29F61BB19E8790CF2293175BDA16F158F1BD82BE6D0A09359EE85F3CBB47A61F4E52421E697D6728C3BF6C0345226D8D0F2D22D6B6F7E657860A23AAB6A89C676ED68B02954B405F1F18595C5FC6BED28E5DC00F00D8E5C8F9B17611F0A97D4EA6DA1A0AB20AEA0AF7EEC8E8680774EE12D77AF3035C8CB5549555D53534D4D53554346D024B2757700C2E8FB63759571060AEA1A4AAA9A5A9AEAA2CFFF0F6032573B7F4B6193C81B4DE186374F9ADFFFCF9EFCFDC91F72C28AEA9EECFD13B7F4DCBDECEDCD4505BFDF183BBF7E41EE9D80725477A5B1B19682ACADEBA7C4BDEDC23AB67990E8F9533D6DBF2FC4C8CE06CA15CA1AC75B5EC624BA7B078069FB99891E4A5FD4046C7C1CED4405B4D45E1E19DEBF795ACE3727A368878E45ABDBBE1C57FFBF7FFF7A7CFEFEA7A15758F60BFD6A1FF5CBB400898EB13655E727FF89F5F68B44EECD1D82C34A22B37CEC5504551594D032E80928AA1534C75C72296C97CDA2E1444AE9797BE956954EFE66A4B84D4A70ABECD3DAB64782344219BBC3ED0EC217D5935B90D81C5EFCFF41586B81BA93E5656D3D4D4D050555431F4882C1F99C3B03998C9D9429D3317D50CD5E5641FDCBAAFEDEBED1F99EBA375433EA019C5A2C2D5AF90831E6C4973D554B14B5E62428A1517FA0B5EA25DF8A485956ADD3FFFE1819E8593BBB7B7A78BA5898EBEB659441D8A07B504F82C2A9980C3112854164FC06771C9B3B9E666D9AD63330B2D5DAD5519ADBB1CB89B49C0A111080412056A8808447D4E3C168BC363D348242299C2E0F0043C2606319BA4699A3B35BECB38784C79C245EFCD17DD7BDFB87A7275034724D118B07821E0F3B169441C814483DFEA220A11426720E370583C099E8B21E0EC0D4D653E7EDF62646E63BE2ED83733B7AA7BBCBA3DD3E0BCFDF00E16832550E82CDEB30D300197412713F1040AED60AC51C8E3B039504B4D009D9ECF879B515CFA5AA973605675C934910D87F22029E2B1381283C3119D4EC8E77218242C0647668A866CE0A9245C3674AD4C0A0E4BA0B1793CE82C54128944657CE150E8D65088040299065DF64108E0A500EC72E4FC78BB901A956E7EFCEBFF7CFBF23D5DC7C0F8AC8492F1BD91709DCF4F5C7868E29854D5DAD3DE94EB6F7BE7AFBF3B6B9FD2B7BE4F5EEB4971D4BD76E9AA694245F7F0D04047758C81CC991367E41DA2E7482CC2C270A1D9C5DFFFCF594DD7C0DA9999A18AE6E0D37FFF0FFFF9C76B669E29E59565719EEA573FF8E57FFCE6F41D79D78CC2BAFAC2108D07A73FBCA8E295BDC6601157C6C36E7FFAFE3929B3D094EACE9EB6926C5F9DDB6FFFF9AC43E3E02685341EE8AEFAF6CF7FFDC15935EFE4EAB696BAEC40B54F4FBE7F57C9BD62914CC0CF571798FEF97F7E7B59DB3DB56E6673EFEB6FECF836BB3C1190D7BB323C3FFEEF9F9D4EEC5CC3E3962B628C1F5C3E73F7B167767DDFD0505B7E88D6B9CF2EAA99C4B42FE2914FD9853C15AEAD7D45EA8E53E7EEEE5883C66FFEFFF6EE02B08DC35EFCF8F8BDF77F6FF0F6686FDDF60A2BA64DDA264DC3CCA63868666666666666666666B6CCCC6CCBB62CCB62CEFF642B69BA2669DC45CEADF97DB66EF559D29DEEA4FBDEE974E7774E9887564D6E30B95CC6FA747D84E1913F7EA453DD398F1D2FB4D7173BFBE52525ABB8B2968E969A5407957387CE3EB4F52A9BD95A6A6E0F38F6D39FFCBFB74E48A95938B847971614649504487CFC87E3DA556B0B44647789B1DE1AE2A372EDC875A73A3C0759D3F1A7F9B1575B97A9129D8FCE84374EE028C878982B3D193E6642A206ED848DF9C19ED6DACAD2A2C2C2B2AA96FEB1D5F5EDD1149DE3A70D7C32AAFABA46C687BAC6F10C067173A2B3A5A6ACA4A4ACA2A1BB7F7A7D8742202F345535B635D65694151595D6F70CCCAEAC8F55264BBF77CA2439B37F1D5973F3468CD46528E5C65FEFFA2567E71617155534B68F2C6D33184CF2DA54777D6D79716969557DD7E8E4DA0E95B4B9D8D7D450555A5C585054D1DC35B6BC3EDFD61777EF13DD0E4C57AE9BC41D2D038FC4A2D8A208E9CF65E34BCA79B7AA6C1D9D5A7BB29784FC1F87B13537D9D3545B5E5A5C5255DDD23FB5C5A0535706BB872766D6C9C85E267E7DB1A50A333F9A6F7AF9A1AE8363C9F8E2161E3FDFD756535E52545452D5DA378BDDC46FAC4D7637579515151697D5B4F5CF6EE2C9F8959991E6CABAD6C6AAE2DCECE286AE8ECEB6969AD2E2D2EADA9E851D168BBE353DD45E57555A52525ED7DC33B1B8B3BBE1B03751E0EF037511B8575297CB9FBF77C620346386866C9BD1F1D318B3BFBEFF9EA869744D3F168F6C866DAD0C4F96E97EFEDB3FDF0BA96F9A1C682F88090A8C2B982652C824E2CE367EA1C44DEEF2E91BCA868D040E6B87351F76F7A34FEEB8F08EBB3016CAAB3C8EFFD36F3E51295F9AD9613FE2E0FB62CC350F7FF8D7EB4103B44774640B75B3DC43E1CA59614DEBB615DC4481C93B3F7F572C28AE6E7277B49B2B839525DAEFFFFA2DF9F0A6E9B90E571BA9C3EF5F56F11EA6EEBE3DB9F83A43C52B676EA8F8D56DB39984B9F9D02FDFFF48CAEDB9C75D9E5917CA724BAADF89DFFFF423D7D2F1E5DE6879E9B3E7AE2A87D42FF1468F58C7F8AA5F397E51C139B26FEC597569D922ADE02BA4BF7AFB8456642D668BC5DCEC6A8C56FBEC7F8E69D7AD2FE0069334AE5D3C2D21E5D7B6FB78C83FD8DE207191533725AC32FB669ADA03BEFEC94FDF92C91A1EC2EFEE693156C7AB03953EF89FF70C1ABB96C84CE65A4798BEFAB59B571C3A09C88CFACE0AE915EFBB146B7DF8B57751C7E4E2E6E6E6EA705DBC87E91D09ABF6A5FE0869296955651D432D09E13B7765D55330B345C642EFBE7349D23E3454CFD5C746D6BB0BBBD496AA7246584A535D4B5EF2A192865D72FD78DF4CEA950FBEBC745D525355F2DACD3BEA8A4ED9989608A3E3FFFEF6552D87929189BD8F2E91BA0C445FFBFD9F4E5D9756529312BD76475A27A8626165BD274AEBF22569756417EA8EA492A97954DDC87065E0ED937734CC8C0D15C42EDE56308928EB6FDEAD4B6B63B693E6C52FCF5F57B1F5B68BF7B8F85FEF9C135536D090387356DCD229B51FB7F7811B17D99FA2CC16D8992A4ADD9152D3D6507870FDAE46D6FCC27CBEB9929D4F64ED1C83BED95F9321F6A55A76A691E8675F5FBC231B545CD15A5DEE2979E2BC8C9EA9D683ABE286415959A5E949D612E76F2898DA1A485CBCA4E8915FDEDF9A176E75E5A3D33724540D95CF7F76F4C66521395515C907F71E5CBDE7D982DB9AC8D253B82B25A3ACA12A27252B6FEC5A8B653E6B69821F00EA2270AFA82E67645D32BB88C89E3E9DB4D29D74FE9FFFF4DF5F9CBB25A5AC89ACBEB4B4D49594A52EFCF99F7E75C828A77084C06290F02B130375B9C9E13EAE96DA8AA25F7DF0D66FFF784DD9A0EE997539FBAFBFBB1E3686DF6020EF70F278B2ADD9F9131FCB55E0B88F90AD382EB1D94FE5E679610DB386F1A50EAFB3BFFCF97F7D29222CADB63B5A4D75850792E7FFF0AB5F7E6E9ADFDBDBE8622375F6B88875397E6FE38F4BC63868895CB8A5E25389FBC17521CE37C43B7DF19F3F3D12583D315E647CFDC63BEFFCF54B5185BD678D4C81B2F0D177FFF0DE4D7D8BA2AE67D6659B4DE6E2AB4C8EBD7D513726A97773A33B255EFDE47F1FB5AB5BA711B185B6B78FBFF77F870F8B287DF378A29F7CF0D68797D57CF3FB1ADA03CEFCE4A767FD3A1797F7CEE5E332B6C7ABF255DEFF97F78DD37B9737D72AC30DEE5DBBAEECD049DCFD7ED3EE043FE515D7254FF6FFFEFDE393672F5FBB71EDE289CF8F9E12BA6D993B46C00D1767368F2E2CE036E71B02836D95AFDBB76E6FB53A5E16F6CB6DE96C0908F3B391712C1CA973FCEAA85576EBF8ECFAD2409AA3B78DA1467CCD64BAD0076289E5BD2BDBEB8DF16E2EBA9A41CD933D2DC65F088574B52E52597BCF875797C46BFF7B23BC717C86B08189B0F53635B42E6C68753C7FCAAABA766811BBDC9DED6167A966188BE929486B9CDE20E0D7878B6DD52C4DEC7CAAEBF7F65D86663AA3D4D5DC7C12AB30059561329F3CCC1FDB2412B1E52E1A964EDE79A37BD70FE3B21F517B83E4641D02D2AB9748246C6F5F9EE96727BCEBBA93F4149FAA8BF809F59AB95247311DEF84A8F689DEA228E7BB92AEFDDB9B24F27A5F615543AE87B5BDB99C41EC24914AA56C75BBA82838FB44C74707BBCA0819E72FE1491BD5E657446C220A5B96E7BAB2239CEE4906F7B4395F3C679358593F8D5D1DCECF08B6B82997B5C07AF4C26F908097057511B85753972F2FA978E40E5090951695B8D4167EFC9FFEF897F3D7EEABE919ED313434D0565150364FEEEC999EECCDF33213F9FAF323A7AF884BCB6B99583BE88A9DFAECC873EB72FED7FF2E9A38BDBD7B62096522C5CEFCE2C94F146AB691951A327A528BBFEAAD0B485DEA46E69B1D8EFDE2677FBE20F1404DFFF168F5F5B55515946C52BAE6A75A90BA9C3F25665FFBF85BC0941E476DD18B427F4F5D184B03859E127FF9DFDFDC2BED9E9FC8D7BD72F9BD4F3E392BA3C31F3D3201BA1AAAAA06DEA9591DFDCFAC0B81CB7AC4DE6C34FBFADC7503FBC4F2CA6427CDF35F7F6DDFB94665D15732CC44BE7CFF83AF4E4AE9F21F8DF778EA6A6AC6EEF1E51D23485DCEFEF417D7227A96B0FC09E632F163E3396A1FFEFA53AD4C4C6D96B5F103B19B2A116DDBCF3EDEFD8AEB52A8F6D74FF5FD13F2CB6AEBEA1B5BDB7B472797B728D4CDF10C2B53757959793575D99BF724EE5FB26A21EC74BB5E150B2EEEEC690F8EF0B791B649C3643CF8E3FF5EB823ADACAEA5A926F3404EC7CE26A162320BD911A86C9D263029BD19BE9E861A7E8DD3035DE6474523FBBB561E9F1ACFFB642CF5C6074A39FDCB9B4CCA588253A0A5BE414A49BEC49FDEBE24F550515D4B4B45EEA19CA6A94B6C43559C81A49CAC9CA2A6B6F485B3521A561E55485D78C75D46167A63B5B4BC0353EB064AEA6255BE36685BE31D1C6CF5D5B174F5CA1ADA3B2309594CC41A8BBB9A9E51E523142E87B630DB1176E67DF58296584D797E5D36FA6BD2EE9CD4A85BAA72BD6310901AD731D49219AC774B3D679343E51D7C2210373A92BC5DB4E55CEB09BCAF31B3B13926B2E61E01018161FEAA929EED241A8BDCE6282419905E3B4CDC1C2E8AF7BC7FD7A7AD40EE83BF5E13B92FA5A6A5A5262727AF2E6B9A3DCD80BABC1A5017817B35C75D8E5E51F3CCE3BD15B90CF25A5FCEADDFFCE56359B3E0FC869E3E446F4F4757537E7440687ACBF4486B5C90CEF5D32785D483724A6B1A5B3AFB063AE2CDEF9F3E765549BF76FB5975B9F09BDFDF4E9E256CF13EFED9ABCBA9438AB50464FD880C785297C6E9154CF08D7FFDD9C7F2C121052DFCD1B63736E547F88764B5CEE0563B5C6DA42F9CBEED50FFF86FB1537A9CB4452FFD1D75E19067ABF21C453FFCE3A1EBB173B3786C93ADB0C89717AFAA865574F346CF9B828EF2AC84B8C482A68EA9677F3246E0ED45B137EBCC252E8AC8696BE819CA5D3DF5D0BE7D9BCAE270B6AA5CEE9F3A7A46522EA87AF7F17A798F5799921C9F9C5BD73F35DDD41170EE67BFBC11D5BBBCFEF87BCD5CC6D6D65896F127FF7E562FD454FAA6C45D6595889EADE77C99EA151F7729D6FAF0A47F79EFC23A9144A632182C0E9743A2ACB7F9DCBF6DED1F93505459186E62AD2579D1A269B72EA241451D98365E5D64EC73064AF43E7C4FD62D2EB7B8A62A3FDA2F243822ACA4712A5BFC2B9DBA8E59228BDA9FE9E765ACC9AF8B4844DFB7EAB27B54BF7068758B459D48720EB23630CAACACD63BFC895C707866794D556E7C60809F8B6D4CAABD90904D54466169559E9FF27D0D2D2BB78AA7EBA289D4A5B6BFB43E5EEDB459F73A95C526B7FBEB5ABA3D5D177287A7849C53705E2B8ECD268C8F55D81D3E6C5FD995AA2F6BE6115A3E41D959ECC8F3B9F4955A2DAF2EFAFEA9B19D133DF9E156A23241530C128B431A2D28AD48B1D2B33292354B5F4276BD38D4D1000D593BCFB0A8C8A82075193F0C85CEA674388BC88666D58F917123C509DE0FEEFB74D6181F3DAC68171C5150535D98101FE66F1BD8B8C6E2EDB583BF1FD445E05E715D1EB11984F961EFF39F7F7459DE35A76196406733A81BA3BDE99672F7B403AB4731658E96F7BEF8F8A266E82895B70947DF182FB651B9F8DE5F2F2BEA546E2175612F463DF8E8AFD78CA39207B6B6274B2A5FAE2EE62D6BF8994AAF33BFFBF0B2897BDEC01C81C9666CAF8F54A65948DDD58EAB9DD8C476B9BDB02EF38B91C7DE7FF796696CEDE016EFFA2EFC1BEDDAADCBC5CF8E0B2BE50CCDCC4C23FF9D1C1FEC692A48725591B8F4E57B57CD52A6690406753EC748EDC685B30F9C927BD6286C0E97BD335717E4A467601D52D0BC30F59CBAF0B0366B7D252FDD3AF1EE47E76E9E91086A25B079DF26A24D1558890B9F1712B3C9EF5EE56DFEB289538DE126C6062E7ED93D0BF3CDDFAD0BEFB473DC68BDC127474EDEFCF4CF8745949DC330CFD97379E57579FAA8FE1E3689BCD6EC7EFDB49A9D5F40625AA2B78EB6A2D405BDCA4DE248E49DF3EA667E717126EE3E36B2EEF5F3C35996F7652D3CC222E323035D9CBD82538A7A3033DFA94BF3DCC890CFB9B3F2CE01D553F33BBB4FEB715D8ABEA98B9165D5C0649E99B482A55B485C5C94AFBBAB9F4F40485196C59963CA1E31A9C92951CEF2C2729A16B6F9D5BD7B75591CCB359537D430F588F0CC8846EA8279565DD88F98AB8D4166F616D6F681B10951BE5E961AF7ED1B4617DAA38C350C754C9D23A2821D8D554E9D50AB5D698E9053D336D08FAE28ABC84FB59097B70B8F4B4908B6D5778A480E0C090B3556D3768D4ACD480EB35356B749CCAC29CF8809D690F1EFF96E5D1E4A070C4D15DBCB1B58B8B887C5C584787A79787BE64F93398FBEFB6536F003405D04EE55D785CB61EC5046A3CDEE9CBE24A2A0691F129B9C10E367A377F3F0A7E7B483EA27463189C1BAD74E9CB826EB99909993939914EA61705FE8C81F3FBC20A590BEC06093399B4586A7FFFAD53569798FA2A2BCC412F797AB4BFB0E9DB0301A257BFBE41911454B879084E484105F6BC59B47BE38A79DD938B3B5D9FD82BA70D8A495CDC20727DE3D7C5DD6C0B3B8A367FD5B7F277DB72EE7DFFDCBC75FC9995859595A59599819EB6AC889DDBC78EEB4908671C2C0168BCB4642B950966027257CF986A8B64754725A5A52889DCCF98B971EEA049662D69EF99D317E5D1EB1711DDE12B70FFDFAB787C51E04F61138BB876DB9B4A5EA0017B91B97AE4A6AB84527A7A524855A285C3E79E99EB557FE0876F1597541D682541CBE4EEFC6877FFCB77F3F2BE59483D97EBC9CBEE315D685435E5AEB8D33B2AF1E5D257E733D472E93495AEA8AB27270747174F3F2F57672F008748AC46CD337BAC2CD6C6D7C1392FD530A33434BE648C4E5D12C17273B077B5B4B4B3BDF90CC9609ECC24687AF75DCF0D43A95CD986F2B2D4A8E2D9BD85A5B6FF430D5B3F42B1B1EDD7D353C626DE3175B3D8C63308B78129BB1DA94579E91923589A76031799EE60E0E8E3696E6F6DE71C9D53D3343A581867A76EE5E1E9E3E5E0EE6EE51A9292D7DB3F5FEC6F1534BF8CDE11C7F7F7B679FD090B2EA68BBD4190283CDA14D96C6A7E717B53F3EA31779561CD254556EB897A3B58DBDA3B3834B64C1148548C38F15850639991B593939DB3B7AD83B440F6DCF76C485B8D83AC694550F4F4C35C43A1A5B38B9D8595A07A4D60E8CCD0EF6168739985A39BB3B595AB8C7D78E4CADCFF6D457C48494CED2991CFA549E576865FBC8328DB8D4D3501C145EB946D91A2B88F57472B4B3B1B6B677F64D2C1CE75DD40CE2F24A405D04EEA5EBC26410674B352F89C985A4D42F201B50FCC11C36B1C542435AC325A1768A7F0894F3884B5DAC0D7152B879E18B239F1EFAECB32327BEBAAEE15C32B3B0CD60D396FA0BFD2CEF9EF8FCF0E163A74E1F3F7943C6C2DB565B5947C5C8287182C265729973C5760FEF9FFFE2F35BE646AE51D571AA672F18952E1309BCF50975BE343C504DE19E4327D208DE2450FA529D7555F55D0307A95C0E934B9DA909D296BB71F28BC39F1DFAECF09193576E6A216F5C2281C1A18EC6865AAB2A1A45743FFE708B3A1AE561A0AEE794D4B6CDE13289CCD9549BFB97CE21A3B50C8B1F267FAB2EAB9529EECA97BE7CDAD153976E4B1B07C4568DE1988F8F9973E9B8C192740739A1AF0E7FFA096F0A8E9CBAAF1D58DE846C80D357663B63144E5ED02D9D9FDC26EE9DEFA21DD8F7B8749C1D4CA887EE6D311D978841DEA81F3F1E76B432C255E9DA57473EDB7BBC93774DBD0B7BA7886CE646EF60AAF2D1E3DAB963EB5B4F9DF18FE4858B2B353CFEDE87674CECB3C7779E1B97575997E7439E079B4EDC2692A8D427E76AF0BE63C062D099BCD344F883783874E20E8144A6BEE0DCFDDD9356E834268BFD7D1BEFC8AF91C7DBDE2152A97B1739E672B82CEA0E7E9B4C633EE3A411EEEE65035EE65A63C8DE218544243E7DE609874925534864CA37074378E7B4200FC87B382E9BC3A46CE377A88CC7972FE0B2D8BC21441AF37B9FC5631C0685B8838C94F6FC59037E00A88BC0BD6C5D7E0036756763797E7A6666798BC23B458E3F78F70D49D85A9A1E9B5CDA787C02FFB7B16844C20E914CF941D7C76453B7369666A7671657F034DE1B9C3FF825B028BBA3453623F9037E080E834EDC589E1A1B9BC1E2A94F5D16FE87E29DC1875B9C1A1B9FC112297BA7E43D0BEF634664E58B64125BA07FF2C81DEBA42C24D6FC5F3EC381D40500F482BA089C00EBB277023382CDBB16CB5375E1AD0779E728F37EC35B29F2077F83F77B9E67FCEAFBF146CB1BEBEE83233FF207BF842763FD21A37D8CF7E490A78D6CBB3EE7C9EDD3EEBC406616EFF15E30695C2689849B19EAAA2EB43BFBE92109DB94F629CA8BCE8B401E14EA02DE6450178113605DC00162EF8CF5153BDFFEF28B437FF944C82ABB720C477DE11ED81B5E97B1B1316767E7C6C6460A85C21F04DE3050178183BAFC3870E81B2B2335897E7E7EC16995436B1B94EFF954FF0DAF4B5757979494546E6E2E91F8F8E01778C3405D040EEAF263C1FB4090778499F9527FD613EA027579C3415D040EEAF26682BA405DDE7050178183BABC99A02E5097371CD445E0A02E6F26A80BD4E50D07751138A8CB9B09EA027579C3415D040EEAF26682BA405DDE7050178183BABC99A02E5097371CD445E0A02E6F26A80BD4E50D07751138A8CB9B09EA027579C3415D040EEAF26682BA405DDE7050178183BABC99A02E5097371CD445E0A02E6F26A80BD4E50D07751138A8CB9B09EA027579C3415D040EEAF26682BA405DDE7050178183BABC99A02E5097371CD445E0A02E6F26A80BD4E50D07751138A8CB9B09EA027579C3415D040EEAF26682BA405DDE7050178183BABC99A02E5097371CD445E0A02E6F26A80BD4E50D07751138A8CB9B09EA027579C3415D040EEAF26682BA405DDE7050178143EAA2ADAD6D6D6DDDD0D030FDD2A676F17F00FF802627276362625455558B8B8BF92F853709D405405D046E6363C3D9D9F93FFEE33F7EF9CB5FFED3CBF9D5AF7EF58B5DFC9F010A200BE509FEA017426EF6B39FFD4C4848A8B6B696FF527893405D00D445E0984CE6FAFAFAE8E8E8D0D0D0F0CB292828407677D4D4D4F83F0314C8CCCC447640F3F3F3070707F9835E0859DC88F9F9791289C47F29BC49A02E00EA2270DCFD43D64D8E8E8E565656FC9F010A141515494848C4C6C632180CFEA097C67F29BC49A02E00EA82462323234E4E4EC89632FF67F0BAEDECEC040404BCFDF6DB323232542AF5CD0CC6BE405D00D4058DA02E68333434A4A1A1F18B5FFCE2934F3E999B9B633299FC5F80E780BA00A80B1A415D5005D953C9CCCC3C73E6CC4F7EF293DFFFFEF7393939040281FF3BF01C501700754123A80BAA207B2A0E0E0EFFF11FFF81D4E55FFFF55F555555171717E1C3B11783BA00A80B1A415D50656666464646E6A73FFD2952979FFDEC677FF9CB5F060707A12E2F06750150173482BAA04A7676F6DEC7627B7EF9CB5F666464E0F178FEAFC1B3405D00D4058DA02E2881ECA020CCCCCCDE7AEB2D7E5B76E9EBEB8F8E8EF26F049E05EA02A02E6804754109242DABABAB222222BFFAD5AFF861D975ECD8B19A9A1AE4B7FCDB81EF80BA00A80B1A415D5002E9475353D3B56BD7FEE77FFEE777BFFBDDBFFCCBBFFCF6B7BFFDEFFFFEEF77DF7D372B2B8B4AA5F26F07BE03EA02A02E6804754109A42ED5D5D5363636EAEAEA4242429F7CF2C9D5AB57555555911F4B4B4BE1D0CB0B405D00D4058DA02E28545555A5A5A585AC2E592C167F10783EA80B80BAA011D40585A02EFB02750150173482BAA010D4655FA02E00EA824650171482BAEC0BD405405DD008EA824250977D81BA00A80B1A415D5008EAB22F501700754123A80B0A415DF605EA02A02E6804754121A8CBBE405D00D4058DA02E280475D917A80B80BAA011D40585A02EFB02750150173482BAA010D4655FA02E00EA824650171482BAEC0BD405405DD008EA824250977D81BA00A80B1A415D5008EAB22F501700754123A80B0A415DF605EA02A02E6804754121A8CBBE405D00D4058DA02E280475D917A80B80BAA011D40585A02EFB02750150173482BAA010D4655FA02E00EA824650171482BAEC0BD405405DD008EA824250977D81BA00A80B1A415D5008EAB22F501700754123A80B0A415DF605EA02A02E6804754121A8CBBE405D00D4058DA02E280475D917A80B80BAA011D40585A02EFB02750150173482BAA010D4655FA02E00EA824650171482BAEC0BD405405DD008EA824250977D81BA00A80B1A415D5008EAB22F501700754123A80B0A415DF605EA02A02E6804754121A8CBBE405D00D4058DA02E280475D917A80B80BAA011D40585A02EFB02750150173482BAA010D4655FA02E00EA824650171482BAEC0BD405405DD008EA824250977D81BA00A80B1A415D5008EAB22F501700754123A80B0A415DF605EA02A02E6804754121A8CBBE405D00D4058DA02E280475D917A80B80BAA011D40585A02EFB02750150173482BAA010D4655FA02E00EA824650171482BAEC0BD405405DD008EA824250977D81BA00A80B1ACDCFCF272727C7C5C5F17F062880C1608282829A9B9BD96C367F10783EA80BF8B1D6858BE0209035019BF7FF1CE4676428FFB7CFB377AF97B9E5733D3DE2DD31EF8EF835E04F08EFFFF8437E64784BE96F97F1F72FB8839F2DBC5121E3DCFD9FDDFF7D32E2DD1F5E66625EF676680275013FE2BAB0A84402018FD826EC90293436F2C6FCBEF72687C56450C83464D3F407BF8B9111B3A944E2366FC478C20E894267BD9E3502B2D66592895426B252E20FF991419E169B46DA21ECCE6A644E93A9BC39FD7D4F96C36631C824E4A6075717369D46A751690C2632621A0BE90CFF178FB8BB1343A4B2906EF0073D1B723BE6EE44FF032D4BA80BF891D68543616C77F8DCB92076E3FA4DD1DB6222B76E09DD1153F5295A6210997FF306457E646FF7661434F5B44D8E7557E73819C70C521F3138FC5FBF00B2DA60E35A33929A7A47D729FC4765B368B821EFDB0F446F5EDA1DB1F02DA15BE2EAD6C5CB5812F3251EF2EFC7264E543734D5150DCC2D8F95193C706F5ED8DEF9517E90C3653CA20E46AA88DDBB7EE5BAC86D3151212121E12B0F1DD246B63669DF9DD3EC9DE1E2CAA6D6EA91A9F1AE420B95C06E3C83FC328B18D956C077176535B562965EE6F6CFC0258EA4062504F80495D4E6EB29B8F5EE60A98F1F88B1328DC9D57AE0D98E25935FB48C985B631D9556EA6E3D3BEB4FEE8B7A5017F063AD0B998EAB373B7E42DB2928BAB0A2B2A22437D6CB4D4DEC96CFF0348E866CD36FAF2FCECFCCCFAF11E86C369745188E52B508488A6D9B9A9E1C6DACEE5D673D62731EB129B8F5A585C5954D3CB233C3E520AB3312914A25E136569797563779F764E0091877159590E4B2F18DDD7D235E5DA8EBDD264745755CEC76475C961B13E5AA7EEA966FFDECFA3A11B93716B7B18125207B146C16716D71767E7993484252C645B64EE9440299BEB3BA38BF8CC593A8BB8F876CDD72E8F8B5B9A9E9D9D50D02B223C2653391DB6D93C91B4BCB38E4E62C16958C5F5D989E9E5AC491996CE441670A5CFC7CDCEDCB2656B19395B92D0B042A1D792E34027E6D716E7E7593C2E66DB5739954329542DCDEDE5859985FC5D138C850DEE4FF0341EA42E974BD755DCBCC2538BFA2B2B2B43035CC57F1C26D8FD6EE05328B4521E296E767666797F1486B38AC9D89343317BF10DFDAC985C5F19AE28E152A1B99EB6C2A1EB7BAB8B084C55191458CCC16DE6E0D9588C761971797B0783A3257983B03C1A6064121E97DAB94DD7D2364FF8149DC21D1E94C3697CD60D0284422B2EC11C85E0885860C65D3A93B1B2BB3B3B35864F1B0395C424FB0AD9F95A94D6A4182F805BDD6ED65CAE342D0E7479B62848FEA978F4D8ECEADAC6FEFEE3523B86C6414EBF3D3F32BB86D64A12293B9B93C5D5BD2BC4A2751915D342A717B736365697E751B796ABCE5C665923657569657573789543291C444EEFFFA9726D405FC88EBD26076F2867761E708097933B376C6ABCA2CCFBFADD6D23FD25A9E1E1719121216E21F1010EC9BD5BFBE8E49D53E734B4AC730B1A4B0BE2129B26C86CAD89E28CF8C0E0F0D0A090E0A8F4E2A6E9ADFE6500753FC8282FD824283FD7CBC8382E22B86D6A63161774E9D90D3F1AAEC9A27ED7E9168AF2E5F4BFB14E78FF246CC268C8D96587EF2B65A7E6F43527494AF83934740526241E72C263BD43B202C2C34D03F3CB9A4BD7F757D6DAA31C4C6C53F28222A22C83F3839A76E688980DB9CAC89F3F2098F880CF577F38EC82DEC98C7CE0FB707D9B879B83879C4963557959564440704858587047BBBB826768D4E614A3D64E41EDCBBEF9D55D5DF1EE6923EB44E589F6C284F8F0AF20F0A0909090C882F1A231076C6CB53E283BD029001817EBE4E3E393D1B54A43BBBF3EE1FC45E5D44EEBBC5977713788B98B2DCDB6EFDF9171AA5359DADF585295141C1616141417EDE2E2903738B983C6B917B12F24A21F9651D2DD17EB91344FAD6747D5172544820325BC2C3A333AB674934F2485E6454B04F604888BF9FAFBF6768E1300187495014BE2CAD609DD3384940163197456361ABE363AB3B47D6B6D7BADB8B63BD824AA6A80CDA5A4D5A7A733BA67FA0A53025D83720343CDCDF3BAC706012BBDA11F4DCBA8CD4055D79FB828E73404088BF6F50726EFDC80A99B0BDD09117E8111C161E1AE8179E5A5937BCB6B9308A890D489BA46087D376975B6848A0AF9F6F804FCEE80619375C9E98181E14101C12E2E7E5EB1794384123BECCAEB780415DC08F7CDF45CB312032BFACBC343F33C2DD5955FC76D0D828262DD8D5D5C92D303CC4D14647FAB8583066AE2D4EF3F44D092D8398A4D0A8603961DBE6CDE57A2F452D5D0B6B8F407F173333036383E80E22BE50EEC455292573677F4F7B5D75C587BA617DE3ED21E2A7BE96D1F6A8E89C7BBA2E4745B59C6CA378232ECA8C0875523B733BB8692043F7CE5D3121591DD7A8E0D0C40CEB07E21ACEDEA1A15EE66ABA167EFE054D3D0DA1D7FE745CDA2228342AC04147C3CC353AB36774A6394C5BD93A203A3EC24D4542D2C0C0A714D35E127BE59D2F258C8C1CC20B4A63C243BDACACBCC2A20303CCC48E5CF1C86DACC9769596B977F79E7B5C7655C28D8F558B47462AC2CCAD0D0D8D5C82C2835DEDD4A51FB8360E4D95D8C84ADF1353B5F0F6F571347A70F2B6376673E51FE753179EC7FB2E9A26CE81B965E56585B909811E0A971EF876B6B76623FF6AE7E0171EE1E56E78EF83F37ED5BD8DA916C2771FC82A0624246645DD396950BBB6D2106660AA6F6CE2E21FE86567A5A3AE18D4BDB452AC2F2CFE5042D7D6C7DBCD4257E69A4CE0D85A53B4BCD0254979ABEC8689BDBA9059AB9946F7CDA20A3A7A1AA3C334AE1CBFAC933C875F2AD757B14A898D098DF1325154B5F0080D8B70527928E79ED1DA5BE66BF3DCBAD4FA5DFCC39187667E81615ED61A6AA6AE3119EDDDFD39D677C434EC0222823D4D74B5AC9D23CB5A9BCBD2EF9F536DC08F9528CB494B8AA93A7AFB3A3A1A299C100BEA1A2DF4D4D5343677F10CF273D797BA7BFE82542D7103058B12EA027EC475A933FBF2FDCBD7856FCB2A2AC83E7CF840EA81866FC9127D7DACBCA4ACBAACBEABA7BD2025C0FCDC51832A2C1EE3FFC0D03F25A6ADBB3633544EC8BC7EA1C5FAE4D77A3EF1690DDD9D3571919EC6B7A4A367370BA54FC905E675CE50C93325D111AA0F751B57B77BADEF4985A556CD10F9DBFD7B753972EED2F58BE2BC114B3F7C70F7A1966DE93276A5D8EC8186BD5F7E3F6F5F22D1E8D809DD8CA6AA764C47B187A5B19D9E7D425D7D9CD0A78A3953DB382663B9D0CECBD54E2FA173BE273F2A13D922EEC3D486192BE8E99A47D7B49424887C7E3B776586C0A42EB6B5D495E79677F460EAEAB36DCF1E5249681AEE4AB5F4F270B6AE1899E949BEF1914A715FA98DA492A37F66CB169B4D9C9EAD7338F6856D697BBA919CBEBD67761F99861BA94F17FB52B96C6992F00F757C66AF2ED78F5FBF7855585A51514E52EAC1032129A7CCD1ADA589FADAAACAC2EACE9ECEF2E278AB2FFE4F296768BE3B5AD3DE27C8ABAEBFB726F6CE09DDDA853667E1EBFAF601B175DD5DF519E941FA2785237AA6F2B444D5DDA32A46289495B6BC04C9CBF20DC4798CBB86465048C6306F0789375EE623E65CA6BAB457624644A8AFD79D9377A51F6A168F565BDE344AA88CF3D2B3375091F42EEFC0B4615A528DAFDCF6C82E8F77B57A5C97F37AAD9B63632363FD98EE9EC1B1B18EF6DAC89B879573A7095B4CFA42AE95BBB3B58A6B748ED1998FF5F38A1B3B311D858106BA56965E71A5254FEAA2A8EFEF993D49A6CD8DD447891E96CDCF57BE211F165F3EBDC326CE37A486495E85BA0094F851EFBB9CB880EC40548DCCCE2FADADE3294CDE87E35CD268AAB79E84E895ABB7C4846F89DDFEEC886E0516DFEDFFC0C03FF9715D4CEAA68BE43F7CF7ECB9CB37C4EFDFBF77E7AE849A8A55D2F446A1EC55A384F28115266DA13C3E5E4B42AB61B72E92A1A955D3DFAECB57F76C6323AA91112F2FAF6F93985CDEA7E384722B056B9FC8EA19D2E260B9BFF81FFE70FC96B8D8BDFBF7EF8ADF91B5700A4DAD694A153FEBD8BC4C24B139DB2DEE7E9EB62A3E1583E56EF297CF5DB922744742E8EB130F144D23AB5B2B52EE9ED56CDC5A22B329B3E5A96EEAF7AE5CBE7A4BF8BEB4C8BBFF2717DD38D4B95B17ABF2617E5D30E95AF7F53CC24A46A85C0E7D65A53FE6CA472A394D49FAAAF65EC1E55374067EAC39FFC131C57FD0BA088B5A7AC7170E228B78651587CC691EF2645E94B582F8952B3744846FDF17FDCB5BF29943735DD19A76DE4FEAA25D3B53A675E6CB0B27CE5EE52DE2BB771FC83FD04BEC9DC9D77E681992D23CCFA0633B8AD2E5AFCAD4EFD6453D303863689BBFC64696347D2646CECCCF4542C3C349413E2C4CF1AC4992C5C53B9135ED853E1A3AD73E7BFFBCD87DC4BD3B62B7553C8A1A525C9EAECB429EF95D89531F7F70E8B2A4BE55746982D839A796151289CDDE6A70F1F1B07AA0E51529F6A7FFF84A44E8F6EE8B435CD6C02B2EA5E8495D5435ED6383CB97E98CA5B1E6C4FB8725B313852F69272535AC50B9346C674196AEA80CD405A0C38FBB2ED73DF3DB0609CCDDF32190D50EF20FA9D3E28AB2735C54CBD2C642734DA2C5C923DAE57F5B178BFAA54E97F3278CA3CA6AA6373767DB5A4B135D43EB705B85722F5B97E3525E85B943DF8CF85B75A1E0669A52AD4F9F31A89C1D5BC36F8C16E7A465C56757753446DFFAF061F2E8D606833C9962EEE660A5E6119FAE71E16CC8F0D0E2E6C668829D868E866964D53775218D84685A5BD95997CC6EAE8DCE34DA9FFA583EE6BB7519A8759795B1F54EAA5C63B2F0A31345069F7EED55D59565A6FEE3A8CB3D97D8928E2DDE9C66EF9E0F82C4A5CF5DC2C0CED7B37A7E73B9B7B7C8FAD05BB2DFA98B6EED12C65BFC86894F4AFEF8266EB1AFBF3AD6CAA77E7EA950EFA5EAC2A50EFA9BA9DF3B7AD5D2D839B1A1D8E6E4A10B9F9DF32AEC991BCDB5763237500EEFC5E2D7F1ABED092EFEC51DDD85DED64FD5656B6E034FD8C2E17078026EACAF2EECC6C7922913F84D06693CC1C4C5C1462F38A5D8EAEA21A3869EB9F5ADF5A1AAD4E4B4B4A2EABA279F8C7DBB2E9FCB14545989DC770ACBED5FA36D8C9686D95E3F27097501E8F0861CD5DF83FC0B633E555541524E42C5C8CA4A4F45F2FE9923522973DBC3599ACA12F71E5839997807C809DB376FE106D2CCF415159535B4B5D49455B5ACDCCA27E8DB858A7F5397C675E26C9CFAD51BF7D42333DA5669BC51FCED517DBEBDBA285AFB46D6CCD099A4E5BED650F53BB7E5B50CF5D564A435ED22935AFB061B822EFFF787372434B4755514E4756D82F36B3A6A6BDD440F5D5037B6B4343756163D775BD9D027BBAE3CE5EE39AD26A42EB49572677B0DC99B0FF56CEC4C0CD4258EBF7BCBBFAA0F53E9E9AA75FB92A2A9635A0CEFB8CBD86C57BE97B39EB2AC9296BEBEA692A4927EF2E8CC6285BDC68FA22EDF1CD5DF83ACFA194B79A6068AD262B206D636465A8A0FBE78EB662466B6BFD8CA54E98E90AEB57554D89D9386B5585C7F9EB3B58692BCB226B28C551475AD0A6636B1A546127F5B97A5A934CB8777EEC87846552F50F96379C421B486AB098B485ADA150F4DB5C5697DFCA7AF2CEB5AE788E4A5A6E2500B550969253D632305D17B06C8EB65BC21E0F9C75DEA032EFFE9E86D795D3D1D0519191DAB90A2D6E9C9A99A000D1111055D135D5549396D179FECCEA1F6F267D6E5C151E592F1EE0C6F23032539194515F9DBB7C4CE9C877D1780123FD2BA70996CDA6A5771E5E0C206FE9B135C907FE150173B1BCA0AF2F20A8BCB2BCACA2A4BF2EB26890CC2627B4369417143737DEF7063752F96C1A26207DAAA8A0B73B3B373F28BAADAFBD7481CC6427345E7E4D21685C3222D4D4EB6D5B7ADD198E4D9F6E2EC828A9EC105E2EE517D0E8745DDEC2C6A185A9CDF7EEACC1AA42E8C254C1366687C85C8E672E83B84B9CECABC9CFCDC9CACAC82CAF691A9B599D1E6A89B1F8AB9C4A4A5E5E6E697B5748FAF6EEFAC6387ABB352B30B8A4BCB2B2B4B0A2A9A3B06665696A66B4BDBD6E864E42962877A1B4A72B2F28BCA2A2A2AAB0A33CB0797719BABC8C0A2DC92EAC6B1F1CADC96450295B831DEDF5C51989B9B975F5458D2D8B746A35257FA5A7B07479676D86CFA3676BEAEB069894C40C1178DF681CB7EC4DAE8AFAEEB9F5CDA647C7B11AFF4B65717E5E614208BB8BCA2B230A37C7483B8B5DC830C2CA8AC6F181AAD2DEE5CA1B2C81BA33DF5E58539D9393979F9258DDD2B143A75A9B3BE7B741A4B62B3A91B0B338D150DAB4C0A69BEA7BAB0B0A4AD7B6A9BC91F0BB215819F6AADAA6BC2F4AD91489B3398BCD4E2A1CD4D0A8BC324AC4D743715230FCA5BB4452D534BF81DEC48CF10A6AB677A7EB2A6AC1D4B273F39BD964DDA5E1D2E4BCB292E2CCCCFCDCE2969EE1AC71299540A6EBABB343B3F2F0F7984FCEAAEBEB92DC2C6D24C5D69CB2A7D7BB1A5B577626489CC6693B7B153B5050D0B2B3DA56929A94919D905D971EE5646B76E19745171CF38E3E7A0415DC08FB42E2FC461D110543AEBA9B72097C362B191FF3EFDAEE4B018340A95467FF169905C3613B91F7BBF675123BDE1306964328DC1E44D076371BC35E9CE09E3EAF9CD753232883F215C0E9BCD20932874E446CF9C0A641A19342A99C69BC6C753C03B05FCBBCF8589DC6EF7392363FED1E3B0E8741A8DB23B5B1E7BF66C61D0A9540A8DF1C2DD36DE8B03F1AD7BBE007273DE251F4874DEC7A2FC612F802C0F3632110C06F3C908B85C2E87492521D3C578FA45FA1D5C0E83B3DD9D15E81F1C14159B141DEC626FA2E198B3C2FA2660AF0FD405BC89754123E6E6CA78A38F55D2208E4AFD87FA800ABC4EC80E1C63B939DEDDC3D6C2D4CCDCCADECB3BBD6F93FD080D672E415D00D405807F745C36834A43FE7330171B7A39501780C2BAEC7DF3E75BF8BF1100FE089EE00FFEC1F80FC3C31F2248FC313D3D2EFE80A7F17FF35DFCDF3F85FF8B5783FF98DFC2FFD573F16FC6C31FF28AF01F747F8FCABF0F0F7F08DA20D3C59F40B44D21D405A0B02E6C269D4ADA212076768814C6FE0F69EC0797CBE6503757E66617D6F084DD8BECFE7D907739937718E4A53FA4FFBB70590CDEF185A78F1AB01934326907997DBC994765F2BE85CDFFCD7771D94C069DCABB8A339342A2319139CDFFC5ABC1A65328C4C70B927768E8255681BC4B6C51C83416EB557FB8C3A653E974C63EBFB8C05F9A8C83599A3F04329758340A7DEFE01DAA405D00FAEAC2986F4AF535BE7F5B4251454559494E524AC339A3BC7FED851791FD4138B49DE5BEBA305375152D3D037D6D15256DCB80E8EAA91FF2BD5C0E69B9B7B5B3B67E9840A4E15ABD4D231A8697B70EE0F00975AC3C2D2322AC7C86C11FF088315B196C632C754F5251594549515E4A42CE283807B3807DD69788B8D4E9CEAA3C2F87F881E51657C3F0A6B1D5ED5736CDC85A8F3E9FE3E0A42373575A095990CA4A0A920FD59CB20779D7FBE4DFE61B1CF24C5F7B674DDD1481B48A6F73328BC00C2EEE5D59E7FBB077A61BAB3A3B7AA6BEE70AC694D1049FF4ECE29AD56FBEF6F5FDD8540EA93DD026AAA6670EF7525373E038CC47E4CE50C7E8A2FA11EC7E9ED90180BA00F4D5853692EB6E247341D428223925393121CC414342CB3DB1A60F59EB73586CFACEC6E2DCF206914CDFDB9CE4F2BE1DB4BDB63837B7BC49E20DE45D6C9841215118E4CDE5A5D52D32B2C14A21E137D6D636098CA7379E39B4D5DECE4C272505338FC8D48CDCBCACA440172303139BE0DC592A874126532978EC067E874C65236320EFAC2FCD2DE14874FEE63D97CDA093706B0BC858F1243A8B49996B8AF50FB0F52A98C35177C60B922A86177024647A91516FAD2D2DADE1A8BBE7FAB168343AB26741206CAC2EAE11687FFB95222E97C3669236D6961696B0780285C5E17F638CC6A0E03756D7D6F14464D8DEEDB8CC9DCDD5D5CD95FA30677713C3D881DD736D78684309FA0A4AF7E4CCC2939293E2E322039CB525D51C330A31BCEBBE7390C9469EC9FCD2C60E9D37ABC8FDE549810AF75CDAB163597115230B6B38323285BC712063E63048440A6F1F8C43271136D7965737F0BBD702E65DC7914AA36CE3B671EB583C698748DBFBF3245CF6DED7B4F6DA810CA08EF83D50555292B48B4A4A494E8A0B0BB3931096F5CB6A9BC5F32E2E4C21E35617E61696F1C8085994F9E284C0601B8FDAB9AD4DD2785652E5F4FC26F2401C268580C72E2FAEE1296CDE4E183262DEFCDBD9DA585D5DDB66F0163679BCC8D52E3828B176F59B1D4F2E8B8ACC6712018FC7AE2E6FF2BE3FC5E1123BEC943DBC4362FAB1BCFB1276EF4B275368F4C74F97C524F376949169216CAEAEACAC23B388CDA173A81325695503D3EBC4DDA9415E138B8BAB9B1416F29477C7843C0F026E75791947A1F1EECE62329147A491C824E2E6CAFC329E82EC0FEEDE10B92F198F5D7A7C5FE499F06E86ECA16FAC2CAEF1C6C4206D6E6037360914266F99D3767690B9CAFB96206FAED291B9FA74DC9097271EB7B6BA8C25D0580C0EA1CCE09E456852D5E02A760D8BDB79BC77C665519097C8F2D2CAEA2669F7858F0C40DE0C941DFCC6FA1AF2EC78B7E34D1A9749C6AFAF633736F0643A954CE1FD0919EE23368D88C3AEADEECE04FECD58946DECDACAEA1A8EF48CAD836781BA0054D6C5CB4657DA2C6791C85B112F54B84AC8D806E534AE6D6DCE7655A7C6C4252625C6C76554F60E2FED9071B3D3AD7909F14887E2A3C3A2B21A86C6B16B7323AD6961F1E9E9A989518121F1D96959797969F1B13109D139DD6B0C2E7F1DC4A5AEB6A6C419DEBDE6D43C4B623139C8BB0C375E979793905A38B64A1C4E8949880D0D8E48ABE96CE9C17496A6C4C627222BEBF8CCFABEF9AD1DE2CA4C6F4D5E42427272627C4470747E37A6BD20DA4441F296826B0966153F96135F3EB4B0B1B932DC53939B1C179F9898181B93593BBAB136555B579E1E9D909A92181B1D11115536B14478F2B7C5382C0A6EA3A7200D792A4909B19131A9C5CDDD4B9BF8D5BEB4A098B454E4F94545446714340CAF9049E4B5BE8AE498A4A4E494786775196D15BD6FD7C548CFD636A47293F75703382CD26299A5DC03338FA4D699CDA5394C596A6C1CF24CE2E2322B7A6617D73065FCBA8C66C4940D4FF6D455D437B58D62991C06717DB92626AB7B797602D35E9193121F9F9098929C56D2B2482193A71B0B73134342A3E292A2522B72620B86F074A49EC489C6F6B6D6FA09D2EE7420CF0AA98B94B173B06F2B6F8F8843DFA2F6DBDD3AAD195288995A18EAABCD4E8C4F4A4E8C8B0C89CAEF1A6D2B74335794BD2917568C99218C6524944FCD6D6CAF8FB73516A4C4C527242527C765B54C6C6E4FD71756A4C525A426233334223CB9747C7B6538C7535A4C56CE3CBC691AFF780DCC58ACA92A4A898A4F41665B72526A4AFDFC3A79ABD546DA54434D3B2021312E263222A5749C809DA82AAF6A6F1DDEA4736844EC544B524AFBDC787D495E4E4A6202F292CA2C2CE95D6550C70B532AFBA7D73656C7061AF290A59990941813935E3DBCB64E22AE8FB737E42644234F2425293E2C380B333735D5DA519B16199F9A96141F131A18553C38B94E2261C706EAF39278AF84A4BDFBAE4C353455A54525A4A426C6460606251616E7E464244787C56656540F2EE196FB73C2B307B0BCCBC39066DA306DF555A33BFCE7C6A1AC0ED455E5204B302E213135B1B06B65B5484B485647DF31283E0E7991C76537CF50D8F4EDD1D6D29CCCA4C4C4F898B884B4D4BA991D166DB634393F2D313125313E3A3A2629BF768EC260EECCB61622039167853C6262524AE11C52C9F9BEEADCECE484F8848494CCA2D29E552A9BBAD45E5494958C3C5C7C724E4ED5F0261309367F8A9E07EA025059170F53F96B0F1D324ACA4A8BF2A24D2545345DE26BFB67BA5A526CA5C5E44CBC02DDCCE464D45C430A30A303D5E57E9A0F75DD0243BC4CEF9CBC631619DBD85E93E672E3A30B92462EEEB6D297CEDE12BAAF6D6A6366ACAD7CE3BA45058E4DDA5B9DB3714339812EF7EFEAB7F3B6D776478C6CDAF3FE882E133FB1947AE9D0895BA232DA36D109BEBEEED60A52F216EE415E46B277945DB33B30A34D9589AE5A4A266E817E5E7A97BF16760A08F1725517BF79F6AE715CE9C45CCEBDAFB552EBBA1A727C3D0C9465F5ECBDBD1D0CEF5C97F7AAAE49D73552173B735BD7CCD6CA4E4BF8D0ADD0EAF14DFE09FDC8F6F6FA585F98B2AC8E93AB8F978D929094BA856D61EF3426FAEA1F3EBFA7626EE764A27C4742DD38207F747CB2C8FAF60D053367774713E99BE7EFDED77E4E5D904745B64409750EF715ECFD924B1AF2D26CE54565CD3D023CCDE4EEAAB9A4E7B5D41426062ADCB56918CF163BAA915699ED6761EEEC1A5BB54AC4CFB665C89CD4486BCF0DB7B6D3D55036B0757134379095528C1C9A9A2BB696BA77FD9CA8B4A183B1B9A7D12561F776EC32716B20CECACBC327A06D7B773AF6EA22A16D606E105BDFD9DDD5D9525597A0212CEE985C3734D29296E4A6AF68EC16E4EFA87FE56311C7F4406F23AD3BC267C4DD624A5A1672854E6997D5747794855A9BAAA8A85B397B3AEADFBBA118503F9069F84053ECC66D1D2B5B6B436DA113B74206BAAAC2EDC42F098B6ABA17F63DF96888D462ACAB207CEE81A1B59BAB9BA9FC65C9909AE9852A8BBB4A37AFDCD4B0B4B336D41139732B68A8BFD6D35CD7C925AA657E6765A62D59FB826C62438CC63D29452543736B132B4B2BA3B86ED25681DC45BDF8D2E6C6A2103F2345496D7B1F3F17A3FB3714DC4B6A7B5A4AA39C8CE595B41D3D7D6D94843F7EFB4E585D49A9BB8F89C8B19B1AA6F68E1E7A578E89FA64B60E634A827D0D79F7F5F67536BA7743DEBDB42CCDC84A57F4849896A9B5B9E5FDCF3EBB2EA76CE6EC60F0405AD958C3BF6E6220DFF4C445F7DA9919C2D648BA4B808BA35BE3D6DE53E31007F25CF5F4D5B4F46C1D5C6C8D2495025A2672942E5CBA2524A76B6D65A6A57CF7A67AE43475732CC5D3D4D4CCC2D9C3D9504FF1E169E9C471CA5685F21909F17BD2C6C8CC53517D28FE307E6A7BB531525F415BD7DCD2D1D64251F4E6D98BD2D5B8D9CE087B4D550D3D4B5B0733331D0D699394E1ED855C5D2145654D1D2B4B0B736B43BBCC110AB295F63D7981BA0054D6C555FDE6BBEF1CBB2E222A2274FDEC91A3D735ED539A9A4A22E3CDEE5E746E1C9B999D1DAFF6555476F48ECDEBEAEB292FA81E5B5A5A9AEA8A7A20A5E7E79E5E599EE6F7F0824EF1168B4A6A77BF2F691F98D5BCB9315997EE7AEB6EC014636BEFBC6ED61A26C3DFF6AE94E320EDF1472ABC93E0980C3A797D6C29FDEAA77793CAFA37880BB9512E66F7E5421A2767E6E6C6AAACAE2A7A64C45734F776D415364F2C2D4D4EB578DF3BAF19909211EDEDE6A2E75888DD222FE73C3CA1856CD37B1A1A585B0695ADB339B47572AFF5CDAB0E51EEF7D5CC1C0C42FB098CF58DD16491438A99DD73EB7BEB442E938A5B18CA4FA91A9C9D9A9FE9CF3231373555F2AB19C3245CFD935852FF0A96B1D3176AE56D61629959566E78F67CD8E4D82683B55E1E6667AD6DF0C2BA90DABDA5646C3DBD3CFCDCCD6E4B3A354C4ECD20F3CF5645C5DD332C2E39EE9BBAA4B70EB6C45B79B9BA39570C4E7726C91E57C8EE6BF090796066E79FD43D353D58DB98A277E442680326C3584AC3CA3D0343641267DBEBCDCF5DF3C1F44C34C558587B7AA7B6F3AFC6B557977B52578E1D3A2B2C7E5B54E4E6E5AF0F9F550A6BEB59DA5A1D6CEBACAD6E9A58589AEA6EF13E7B493325313DD0CFDD53DBAE6E0D3FB5962B745ABBACA2C8DB5CC74CCB3CA57D727AA2A7AE44E3B3DBFEE5DEB2772CEC7D82FB488C8D81F194DB9F29550E8E75A799187A7AC4D4E3F99F082190BA185AB859250CEFB0081B1355B6478E7B35F6A71A4A58DAFB86F4F3EE3B917EFF53B98AA1D1F614135D47D7A882DEE68E74D3B3D299831D3E6A523AC68E89C52D1D98FEDE868E71126EB72EF9E97ED66616061E856B6C2E83401D74B823621FEAAF6FE1E0AAEBDAB4C16630901DAEDB47D4E3EA797571329371E9DC66EDB0D7B3E4CE69C416A4FB589A591A7A21F7E530B6A903F6E2C20EC14E0F752CADD57C305B84A99572A52317028B31ABDBCB45D1DE5E1A6685134B43ED26C7C4BC1A9B869A539D1D5C1CA29B1E3F3BC678A09EAAB35B54DB2A9341DE5C18C8CFC64CE52A5D55728FAD1EA550979BB31364AFCBD76DCF0F9695D777B50FCDCE8DD66487585F3B6D52BFBD55AC784EC72F336B924A9BABA88D543CA656B95AA78BBCB677AFAFBC33579B14F4F0B254C55283FDF9FB66A10145FD5353DD35A9417A97EF848EF6F93C10D6B7F289AE6CEFECEAC3B4F62F52912D31A80BF81EA8AC8BA7AD9E8C45FEEAEE5F23A7AEB5B9DDD7B470D335B276BFF9CE1FBEBE212222228A644748C62C22AFB8B9B2C44DEAE2C9D3E7AE8ADFBFF9D1170FDD5CD32A2BB2C2E4449CDAC92C1AB9DB474AD53FBAA89F889FAECFF212BEEBF7A42E6CC24441A8AF94984ADDCEE37D170E75656CB2AFBDB1BB7729FDE6499DF2FAB16DE248B88FEED577DF3B7D439447E496908C4B7E414D6579B489E4C5D3A72F5E1397BAF9E187D21EC9DFA94B69AC39B2FEB04BEAA320D122B0B06952E7B4821D45D59C7DAD52A6A9CCCD8D89EC7B9FCA7DAB2E1BA3BDE14A6217CE9EBF247CFBC69767EF69CAF9D68CF5A65CFF58A3647C7D8B451E8EB2F1B736318A2FC878F8F5FD92F5D91D1697D29FE9EBEF601EF7A2BA6C169ADD5572F0F2F4F034BAF57FEF1CBF21BA37FF84A59D42D31313BF5597C985B1D4706F0F755DEF8A14AD638AE5637355B6A2E72E7C71F4BC10EFD98B88DDBBA514DDD89F61AC6CE31E543649E3B249732B0D9667AEFAE7C6EB6B5B067BA60C13F82B9DBDBA48E89ADA9AA5768E8C4F4ECE2C61772814068B83C4B62B23D6ECDEC5D3E72F5C1395BAF9F64752F109697F5B979264038DFB173EFEF4FCADDD192F72EB96BC7F45A882A4AB7758D2348D891B9CCE797844BEE2397531B30B88F62A5B61706884F9AEA4731F9A9474C5E82AB87B87274FD179F7CD93FE4CBA6C687A6326D5D8D9D541C3293CCDE4BE4CE1FA266973B828D045E5FAE923873E3925A916D280C315C82275C989B235B535358EC250B85C1699B391A57C43D7CF5A5CCBD155377484CC6531C9AB2DBAE70C529B4A4A3D82FC1CD5C3C6282C227BAB58F5BC7A6C6E849589AD996934725F0EEFBE994AD775FD6DC4745CDD0D6327C83BD32B359A5F89A6D70F6E92D7CA627CBDB5CC0AE7896B3B9D163744FD92238C4C1CFCECA27AB71FAFCA291D662ADA41DEA9E364DE91140E8741E1104AF5EF9A87A6B7CED3696BAD7969CA37A46BB61786327CB4EE0A5FB870E5D6F52B37C5BEFCDAA80EA98BF24DBBD8A2F225067DB1AA215EFD9852E9628EB8A86E4A6AD32A8D4B5FEF2CCC361095AE98C993FFF8ECE993C72EEF2DF2BBF7E5CCA2C749B3DD995156D2225F1F3A74F8B2984942E736877FE4E9F9A02E009DC75DEC0CE46D4AB6762F2DCCC1B53A89AB9AB8193B79449B889DB1281F9C9A9E1AAD4FF50F49CB4E8D8D0930B9AB1CD0323A3C31D1EA2FFA40C3D335A5A2323B5C5ED4B983C2A65330BED26A0131C503A4ED99866C6F91A7EAC2656E0FE5E7383EFC5A297D608BCE3B5C4D9D6F8D7371303073ADC02C67DC3AA557D1304EA02EE645391B8A4B7A978F4ECDCC8CD687DB05E7D6A505D8FB5968ABC6768C8E0D4C34D80B9F56F64E4E8FF67675D173285C7B5C97CA3C5F637D6B73BF8265269B8A2576185FBBE612ED21A9EFEA679D3A4363E1362773EE7FF6545D98EB73DD99FAA76EB89576B48D8C7725E81AEBEACB79578FF5A5DEF844AB746203CFA68C44DB06D89859649557999C3BE53534B24E6362CBC26CACB4F59F77DC85C5616C0E843F149771F5CBAA2A89753711BD6756363A31353DDA10191892935F5E9095F0745DA6D67626AA23DDF52F5C54957BA056B6BE8E1F8C51B8AB6FE115D5323E39D4D6511C68E85C3D3C9167A162EBC1BB022632861DE2628DD3B5EB9AA22765BC52D307771E7F9178AF2E92460EFE9E0DEB143A63F7E236BC35E223DA58818F9D85A6554CFBD8D86047A3C3B1B34AF109A9DFD97729F6B1D0D253318AAE1B9D1C1F68AFF6D6F72EE94AD09273F7094F9EA1B3B6866672253EE7D7C5E019FB2EE6AE96714304067E7DA4C8F0B3B3012D0319268A1E3E1129D30CDE7DF3650E237599215027D3439DF42F9D515093B6CC5BA1EECC16A5A65755D663867B4A5283EC1FDE3268582C78785E2FBE202BC8C6CC52DF356B89C9A16F93BB2D6F8B3A8787DAD8DA3B68D996CCD2A9341C26ECDA21A5E8BAE252CF607F278DF0712A9BC4C697A85D508F2BCCF4B732B53470CB5E6672687872B785A88873A88B8C99878751DC248538B35AAB755C2CA3610847C196C7FAF9689B152DD0294C7CABD7EDDB5AC2A7645DA3637AB69F7C3D9B311162A0E2E012D1B4C4A06DCFF7573A99A674654889988765B42D30E8D8B6FC7495EB92958B15E6D7951DA3C2CAFBC77A0B33028DCE7E6D508BD445E5967D5C71C53293B154DD98A0F1957225B6CD4652C22DA2707883BE395E1EE1287251B272A9D1E1FC1D5D5FEFDCAEF1C99ED68AAC407BBFEAC5C9DCC884CAFA96EEA1EECA2837274519C37632E5A9ABE83D13D405A0B22E6E5A629F1EB9AEA8A9A9A1A1A9A620755FD12AA2A4BABBB535CD414942C5D8C5DBD95C4DDD3830A1ACA13637D846ECF21D4B3F3F1F7707CD4BE7EE383846E7176745C88BB974BEB82EBC15E3DC447DB4BDB294ACB2BEA995A5A98EAAB2B281454041EBC4085297D37A958DE3043A79B63B3FD8414D51C5CCC9C7CD544DDE38A8B4ABB12020D048E2AA9CAD6FA087BB8DE2C5C3624E095949C1F616E2A20AEE0998A99CBBBBC75D9A0A42FCCD3494F56D5C5D6D8DE5EFABFBD5D565E859B93FA72EACEDD58122F76B5F8A1BBB397978B81ADE117DA02D639F3FD0F33775B1706C1899297755BCAF6468E36467A12C7E5D5AFE6F8EEAEB3D143F79EAA682868686BABAAAA2BC9CBA5D4263E7DCC6724F5186A3AA84B2A9B397ABB9BAA271405179577DD153C75D90BA60E9E4F99A106F994B27856C8BB14C32833096E3EE62ACAD6168EDE06069A2A9659C36393F5F6CA36AEB1952314DE7CD45C6CE7C87F3E5CB27C54D62EB07BEF936F75E5DBE39AAFF0DC662639895F1C33B3236BE815E76364A5F1D110B8ECB880B75D4151736714DA89CCD153AA95D56D3D55E1EE564A1A1A16DE1E0666FA220691CD331926BA2E4F137759918AB7252D59190378DAB9B793C1390BA68CB899EBDAD636E676367ACF9403BA1657EB1C64AC9C3372265E6E9BAEC7028E3D54186B29744452D2B96194C06B626D2DAC4DCC4C6DEC1C45847F3814EF4F85A81D405BDF892E6A6D298100B75455D6B3777071385071A3E158DFDDD8D99818E5AAA1A46E656663A129FBCFD20BCAEE4BB75296DAA2F890EB6D050D243EE8B3C93FBEA3E9555E9264E5E9EC6F153CFACCB2213D92CC061BC4545CE89E9049576E3BF997F1CE250919FA599B69E81B59D83958992BA57CD488ED26DF3F0A7EB52B5D216F8504A5653D5C4C5DBD3524F51F2C27185ECB5CD02A59B4FD7E5B85AFDD6726796ABB1A98EAEBE9999BEECBD7BE7CFCBD4E066DA23DD0CB5B50D2C6DEC2C2C8D4DB45D0B27892BD5BEFA56E696168EF6163A9AAA4AD6F1330CDAE3A395CF037501E8AB0B6B63ACB928D1C7DD3B209027C03F34B1AC7974154F25E066BA2A13C3C263E2A3C24362F35A313358EC0CA639233C303229352D2D3D3D3632B5BE11333A318229CC6C46B61459CCD5F6FC92CEDE492C83869F1F6DCBC8EED862539F6C077299D4ADD9E18AF8507FFFC0A0C000BFA0C8B4CA86D14D2A756B67383DBE62661E87ECD230080BFD9DC50961E1D1F1316121B1256D536BD8C5FEEE8AD4F0D098A4B4F4B48CF4D8D09486FED1214C6D4562545466F5D4E668666CD9D0FCE6D6DA484F75567C44546C7C7C644446DD040E3B5DDBD0DA51378467712894ADD19CC88291956DFE793C5C260537D397131A1A9590989C9A9E1E1F9B569A5F3BB2B63A94165E3685235339CC8DDEFACEFABAE6951DEAE6706D52586C6C6C4C5C6C4464667E651FF6C9175659EBFDE519097E9E7B732F20203022BDAE67014F6421355D9AEB2EE1CDBFB8E8B090B8BC96F199F5A5A981CEC2ECFA79DC686674E9F0E21689CDFBA2764F6546447AF7068B8BECD1D1B1FDAD25E909911151D1315131999593C49D9DA98692FAD6EEBDEF6871D954DC52928890826F54CDCC531941663273A323AFBAA9AB7DF1DBE7DA7028D8C1FACAD4C89098E4DDF9171D9AD2DE3732D4539F9718999A5E3DB435961EC7FBCE186163BCA52E37211C9981D151417195FD6BB8C9DAE2D676CC2032FFA8EBF8B1DCA8C2E9F52DFC626B415E7C425A45EFCAE3937E482D2606BAAA77B4BC236262E3E25332DBB15B54CA62FDDE7DD9BCFB8EE747E64FADE3E9C89E714FAC83A3B28A71E91AEFC453DA724F695A5A6C74744C4C424A6E6ECB0C99C2FB7E79FFF41A6E7D7CA03E27212232363E2E2222AD7A04BBBE353FD4909F1414181C111513E1A37FFC33CDA4E6868196AE8EA6520C8EC96170A8932549A57DD3AB9BD8F181BA9CF827F71D5D5F9D6E686D6BADEEDF62D2F1C4D9B2D8CCE1F9750A9334DDD7D15E5E33414076F2D8F4950C8987AAEE7E8563DF3A718A4B5B1FACADC88C8F8C8C8A4B4849281D5CDF1E2FCBAEC50C2F11D82CD2D2F870715ADE0C797DA43C37292E3A2631253D3D39292D29366F70873C5E94D6D03739BDC366EFCCCCF797C694CC5271C3B5A9515121C8AB3BC2D7424FEBC62DBD0E328EB0D85791911E1F1D19191993909ED53C4F6253973B72B393E290D7404C7C7A7A49D73C95F7DAE04FD273405D00FAEAF222BCEFD832480422F5C9F5647903E8C41D22FDF12908FBC43B32C122EF6C6F132974C693F07C1B97C362D149841D1A3252FE58590C0695BC4342EEF1F84DC63B650219BA7BF6C4DE10047247069544E45DFFE9FBDE8C08645A90F1EC90A90CC6F79C1B8E3C16EF6C0D3A83F57D5B90DFC69B7FBC6742E55D01813FECFB21CF964621F3CE26FAF6B3E0B268849589EA8C58B307FAD14DCDB32F7FC22BEFC41B2A9948A2F3FEB6DADE20DE4C6631FFE692C05CF6EE7C4696EE93F9FC5D7BF7FCE602C3485DCCADDC429C332689342AE5F967E773682B631D8551F6762ECE91156B4FFACC46C6482653A8DFBD237F69220F89BC6890DD88F1B692CCA8E0849CB2B2F2DC288BBB0AA1354313C4E78CEEDBF77D11E43993D6671BF212AD658C232AAB2688DF9DABBC73BCA86412F5DB2FB66FE330A81432EF3A0CCF7BFEBCEB2BE33B32C3A21392720ACBF29203DCAD542C92E699BC3FA5CA1B038542A63C3DF7761F908CBC385F7229435DC03F565D009A7068DBB31D451652E20F1D32BA9F7D3980D782321811999C97D4B0F6E40A06CFC4C67764781968E8BA79E78DFD900B3430B1832591DE7A0AB22A9A5ACA724A4E451D73F857F057BBB874E2EA40A5B58484A46D42F3E4B2E0E62A97F5883E5715606AA6A5AAA4ACACA16B6115DD8EEC04EF6F7BE5F9A02E00EA82466C369BF71768A84FFE16224AF12E264027D3782778F387FC43E130698CBFDD5D7A3E26934941B6E6198CA7F6A3787B9B74327187F6CD4ED8DF0FD9C3DC9DAB9CE7EC4BBF5A5C369D4245FEF3FC9DBC1F06EA02A02E68343E3EEEE3E3E3E6E6C6FF19AD785F02E3E30FF987C29FF4979CF6FAFA7A3333B392921216EBC9C7687BF7E7A505C11FF677DB7DB03DFC2182C41F13823FE01581BA00A80B1A8D8C8C383939595B5BF37F0628505555A5A5A585AC2E9FAA0B782EA80B80BAA011D40585A02EFB02750150173482BAA010D4655FA02E00EA824650171482BAEC0BD405405DD008EA824250977D81BA00A80B1A415D5008EAB22F501700754123A80B0A415DF605EA02A02E6804754121A8CBBE405D00D4058DA02E280475D917A80B80BAA011D40585A02EFB02750150173482BAA010D4655FA02E00EA824650171482BAEC0BD405405DD008EA824250977D81BA00A80B1A415D5008EAB22F501700754123A80B0A415DF605EA02A02E6804754121A8CBBE405D00D4058DA02E280475D917A80B80BAA011D40585A02EFB02750150173482BAA010D4655FA02E00EA824650171482BAEC0BD405405DD008EA824250977D81BA00A80B1A415D5008EAB22F501700754123A80B0A415DF605EA02A02E6804754121A8CBBE405D00D4058DA02E280475D917A80B80BAA011D40585A02EFB02750150173482BAA010D4655FA02E00EA824650171482BAEC0BD405405DD008EA824250977D81BA00A80B1A415D5008EAB22F501700754123A80B0A415DF605EA02A02E6804754121A8CBBE405D00D4058DA02E280475D917A80B80BAA011D40585A02EFB02750150173482BAA010D4655FA02E00EA824650171482BAEC0BD405405DD008EA824250977D81BA00A80B1A415D5008EAB22F501700754123A80B0A415DF605EA02A02E6804754121A8CBBE405D00D4058DA02E280475D917A80B80BAA011D40585A02EFB02750150173482BAA010D4655FA02E00EA82161C0E874C26373737D7D5D5C5C5C5292828484B4B23FF8E4062432291F8B703AF09D4655FA02E00EA82164C26736E6EEED4A953EFBEFBEE5B6FBDF5BBDFFDEEB7BFFDED3BEFBC83FC686565353D3DCDBF1D784DA02EFB02750150171441DE87D7AE5DFBB77FFBB79F3CE5673FFB596262E2E6E626FF46E03581BAEC0BD405405D50844AA57A7A7AFEF9CF7FE68765372DFFF99FFF39383888ECD9F06F045E13A8CBBE405D00D4054590D5160683397CF830BF2D3FF909B21F73E7CE9D9595152E97CBBF11784DA02EFB027501501714411282BC15C5C5C59F7C38F6873FFC212A2A8A4020F06F015E1FA8CBBE405D00D405759C9D9DDF7BEF3D242D3FFFF9CF0F1D3A343E3ECE6030F8BF03AF0FD4655FA02E00EA823AD5D5D5172E5C40EAF29BDFFCE6F6EDDB1C0E073E164303A8CBBE405D00D40575B6B6B6E4E4E47EF18B5FBCFFFEFB7E7E7EFCA1E07583BAEC0BD405405D5007D9537177777FFBEDB7CF9C3983C160F843C1EB0675D917A80B80BAA0514949C9DDBB77656565C964327F1078DDA02EFB02750150178143F645984CE6C6C606F6A521EF4C0F0F0F3B3B3BFECF0005323333151414626363979797F983C0F3555454888B8B23B36B7A7A9A3F081D9077228542E1BF398120415D048E44229597975B5A5A5A5B5B3BBE1C2B2B2B6445F6F0E143FECF0005E4E5E54F9C3821212181549F3F083C9F9A9ADAE79F7F8ECC2EE4C5CC1F840E666666C886025CFCE200405D040ED95C3234343C7DFAB4ACACACFE7EE8E9E9F1FF0DA080B6B636B2C6D4D2D2E2FF0C5E48474747454505995D687B191F3F7E1C99B6E1E161FEFB13080CD445E0D6D6D63434347C7C7CE6E6E6F8830000AF899B9B1BB2F7D9DBDBCBFF19080CD445E0A02E00A007D4E5C0405D040EEA02007A405D0E0CD445E0A02E00A007D4E5C0405D040EEA02007A405D0E0CD445E0A02E00A007D4E5C0405D040EEA02007A405D0E0CD445E0A02E00A007D4E5C0405D040EEA02007A405D0E0CD445E0A02E00A007D4E5C0405D040EEA02007A405D0E0CD445E0A02E00A007D4E5C0405D040EEA02007A405D0E0CD445E0A02E00A007D4E5C0405D040EEA02007A405D0E0CD445E0A02E00A007D4E5C0405D040EEA02007A405D0E0CD445E0A02E00A007D4E5C0405D040EEA02007A405D0E0CD445E0A02E00A007D4E5C0405D040EEA02007A405D0E0CD445E0A02E00A007D4E5C0405D040EEA02007A405D0E0CD445E0A02E00A007D4E5C0405D040EEAF27A70688495F18EBCA4846F2426A5646417D5360D2C6D33386C2EFF862FC045307688340695C979C4266D2D0D5667E755CF51880C0EFF163F0C9749A5D0C8A4BFF351C00F0175393050178183BABC1E6CFC5C7B9687D8A9636784C5EEDCBBFF80E721F28F8494849A95734AE7F80685FEC2B53B97C36093A71A9223723BC6C7B7598F98AB936D4986E20F0C6B3697886CFE8D7E002E0DDB535A9C5F55DCB1CEE00F020707EA7260A02E020775793D581B63E541EA6FFFFAE77F955137B2B2757070B0B7B7B534D491173AFFD99FFFED5355FFFAD925CA8BF2C26512982BE96A5F1E960D28A95A663E62AECF61729DD4B49C5AB656C97F475DD81BADEE5272127A9A311354FE207070A02E0706EA22705097D763B72E9A1FBDF5AF77ABFB56C82CFE500E6D7DA02F42E48FFFF4EB8BBE0D0DCB742E97C3665048F8F5D5A58585F9B9F985C5652C6E9B4C6772584CF2D26A87F3953FBD73CB3A216310B743A13368241C761D4765B3385CDEBE0D934AD9DE585B5E5C985F58585EDB2050684C0E97FB88CB6630295B6BEB0432098FC3AE2C2D2E2C2CADAEE176C8BCDFB2699B43991A976F5C9492F66D5BDC223190DBBFC46774E05581BA1C18A88BC0415D5E8F67D785CBA1ADAC617CCEFDCB3F1D312E2C1E2771D8E48DB1BA1C37E53B670F7FFCEE3BEF7F72FCB2B46D4061EFC2CEFADA60B2E9F50FFEF3FFFDF2DF3F387A412B22BE7A60BC3BDB4E41D5AE19B7BBEFC222CE349507EB4A5CFCE2E3F73F3E72FEA15E785DE7FC0E93FB88851F9DAA7496520B2FCEF4B252B87EF6F34F0F9F1495B28A2D9BA7B059B8763F35894FFEE7F7BF7EEB8F5F4AA83B658FD31FB1A02E0708EA7260A02E020775793D9EB3EFC2D81C1E4EBCF7977FFEF5459F868625D27A7B5CA8FAC5CFBE1456730B8F8C8B0E7152BD73EA8B2F6F1A98658D6E2E3665B9881FFAFDEF0E89AA1A46D7B70E0DF4947ADCFCCBFB373257A6B6193BFD49FE5A374F9DBC76CFC4372A3E32C85AE2F2975F8B99C6650D12686B6DDD91977EF7BB3FBDFFC52D197D0767773B13D99B670E7DF58554C2F0CECE586584DD8D43873E387942C627A104B3C67AF432DF2F00AF0AD4E5C0405D040EEAF27AEC1D7779F7B73FFF4CC7D2D52F383434342438C0DBD15AFBC1CDA36FFFBF0FE4BC6BA716488499DAD810735D659742CCCCCA0A766D79A623DD40E8D699BBB75D3AF1A4C5A556C7CB7F7AFBA6556C5AFFC6367E1253E874FEF7FF7B2E65797263BEC65DF6FEB5DBA226290DA30BABD895A589D64CA3CB376E28EA8736CE2E3477049FF8E94FFFF3B26D7A4EFBC4F4DCD440A99F9BF4B1FFFA40256F95825DED4F57BF74ED82A4A457CBECC60E1D3E193B5850970303751138A8CBEBB15797BFFCF34FFEEBF4A59B62E27777898B8A8ADE1691D0358B6A1AC692E86CDAD6FC506F636D6513A6BFABB9A1B2283735C4FAF6F1A38744AE9B376D31F08CD960E1B73FB8E755C43BAA4F9FED795C97F1F93A5FA9335F7C76F98A6E504AD69EB470BD335F7FF2B598614CC3586347F0999FFEECB055CDCC0C89C3FB96D86C71BEE3953FBC251A3D47DDA2AE941B0B89DF525583A3FAAF03D4E5C0405D040EEAF27AECD5E59DDFFCE26355435B574F6401F8FAF907864526E695B48CAF51594C0EB2D7C022AF0C634A62025CCC4D8C8C8C0C74753415C58FFDF5BDF785AF9B35BEA02E63E319E6C247DF7BF78B2FC555B41E5397BE76F99C908A5362CD504347F0F99FFDFC4268CFF2EAEE978E198B15259E427F7A4B386206EAF29A415D0E0CD445E0A02EAFC7B38FBB7C0B97891DC87636BCF9D99F3F3D27A2A86FEAE8139298EAAB70F9DA31A1EBA60DB817D525CB52F4D8275F5CBD65E81B168E40FE272CC4DFDDCD3D28A1A4637812D977B9F0F35F5C89EC5BC1327923622C55947809435DD000EA7260A02E020775793D5EA22E1C7C439491E8B123B7EEC5CDD0B85C0E97C322CF945ADDBDF9C5AD6B26F59B0C3C733658E4EDBF8ABBE7972DD039D4996F8EBB2CB506C95E3C774D5D276D7287F73D630EEF9BC6FDF9B9E95905CD63CBBCE32ECFAF0B8D5797DB379494234648ECDD6F30C37197030475393050178183BABC1E2F5D972F0E5D13091E22226DE110674BED552EBCF79B3F5CBB6A58B986D465314AFCED3F9ED60A8E6C5DDEC23D75547F6BAB3F4C41FAC491A3E28E4903DB4C0E93B15A132471F4E857D25AC1CDF3DF53176C8DB990E8291151AB92D1B56D1AD4E560415D0E0CD445E0A02EAFC74B7D32B63E54E0612A7CE4AD773E3F76E1DAE57367AE8A2B2A3E3C7BFEF4C53332117D642A87D8E12BFCFEA77F7DE79DAB567631A50D4FEA82A75396DA8BFD75A4CF7FFEE1A747BF3A75E2ABCF3FFCF04B21458F9C9AC96DF2CA0BEBC2A04CA519AA5FFCF0BFFEF7C42D29D7BA6D2E83776E26382050970303751138A8CBEBC1A11196C73A0AB2D31A56B728CC675FF285CB226327066BB313C202BD7C03432313D28B9B5A5BAAEBAA2BCB1B4737996C2E7B7BAA292F3B213232ADAEBE7F6E6D71A03223BB6286B28304814DC6CDF6B795A4C686FA7B797A79074526E4D6774DAF6F33381CCAFAC658657272D5C41685BA3B6236796569B83627BB7682C8A273D894A5BE8EF2B4B8C88494DCE6793A97053B2F0708EA7260A02E02077541390E9BC1A010363736B7C94C26FB6FF623909FD84C3A95466720BFE20F7B0AEFBEE4EDCDF50D1C91CED8BD3ECC4BE2B0180C3A8D4A67F1BEB0CC1F060E02D4E5C0405D040EEA02007A405D0E0CD445E0A02E00A007D4E5C0405D040EEA02007A405D0E0CD445E0A02E00A007D4E5C0405D040EEA02007A405D0E0CD445E0A02E00A007D4E5C0405D040EEA02007A405D0E0CD445E0A02E00A007D4E5C0405D040EEA02007A405D0E0CD445E0A02E00A007D4E5C0405D040EEA02007A405D0E0CD445E0A02E00A007D4E5C0405D040EEA02007A405D0E0CD445E0A02E00A007D4E5C0405D040EEA02007A405D0E0CD445E0A02E00A007D4E5C0405D040EEA02007A405D0E0CD445E0A02E00A007D4E5C0405D040EEA02007A405D0E0CD445E0A02E00A007D4E5C0405D040EEA02007A405D0E0CD445E0A02E00A007D4E5C0405D040EEA02007A405D0E0CD445E0A02E00A007D4E5C0405D040EA98B9A9A9AB6B6767979F91800E0B542DE8C060606509703007511381C0E87ECB8080B0BABAAAA9A02005EAB2B57AED8DADACECCCCF0DF9F4060A02E0247A5527B7A7A020202BCBCBC7C0100AF15F236ACA9A9211289FCF7271018A80B000080570FEA020000E0D583BA00000078F5A02E0000005E3DA80B000080570FEA020000E0D583BA00000078F5A02E0000005E3DA80B000080570FEA020000E0D583BA00000078F5A02E0000005E3DA80B000080570FEA020000E0D583BA00000078F5A02E0000005EB5478FFE3F59E883389FB4063D0000000049454E44AE426082);