SET @analysis_id = '5d275773-f6cb-4b65-ad5d-bbcf26ea16a2';

INSERT INTO components (dtype, id, border, is_visible, name, father_id, code, analysis_id) VALUES
("Environment","d12f869f-f53c-47b9-9843-49136bce48be",1,0,"Environment",NULL,"Env",@analysis_id),
("Controller","f1b06583-4160-48a2-ba74-df8001c5c318",1,1,"Driver",NULL,"C.01",@analysis_id),
("Controller","3b30979d-4243-4168-9350-c5c79b042a1f",1,1,"Auto-Hold Module",NULL,"C.02",@analysis_id),
("ControlledProcess","d5030f41-7d87-47d1-8471-4af6bf56559d",0,1,"Physical Vehicle",NULL,"CP.01",@analysis_id),
("ControlledProcess","cc847bc3-2288-4a99-9b62-9d65aa31dba9",1,1,"Braking System","d5030f41-7d87-47d1-8471-4af6bf56559d","CP.02",@analysis_id),
("ControlledProcess","3d9e7cbf-f4ed-4a64-8fee-9652fe2919e4",1,1,"Propulsion System","d5030f41-7d87-47d1-8471-4af6bf56559d","CP.03",@analysis_id);


INSERT INTO connections (id, style, source_id, target_id, code, analysis_id) VALUES
("170be466-75f8-4301-8d1c-88641a69f82b",1,"d12f869f-f53c-47b9-9843-49136bce48be","d5030f41-7d87-47d1-8471-4af6bf56559d","Cn.01",@analysis_id),
("ce82fab5-66b6-4019-a5e1-7866678ea65c",1,"d5030f41-7d87-47d1-8471-4af6bf56559d","d12f869f-f53c-47b9-9843-49136bce48be","Cn.02",@analysis_id),
("6585c057-b304-420a-a924-a014f40c735c",1,"d12f869f-f53c-47b9-9843-49136bce48be","f1b06583-4160-48a2-ba74-df8001c5c318","Cn.03",@analysis_id),
("c5654ab7-0ad0-47bd-bb6e-af9c435d0ed1",1,"3b30979d-4243-4168-9350-c5c79b042a1f","f1b06583-4160-48a2-ba74-df8001c5c318","Cn.04",@analysis_id),
("b5f6a917-ce65-49da-a1b5-9c5e2d7f3794",1,"f1b06583-4160-48a2-ba74-df8001c5c318","3d9e7cbf-f4ed-4a64-8fee-9652fe2919e4","Cn.05",@analysis_id),
("0ac8f99a-614f-480c-aa0d-3ce6dfe290ab",1,"d5030f41-7d87-47d1-8471-4af6bf56559d","f1b06583-4160-48a2-ba74-df8001c5c318","Cn.06",@analysis_id),
("37fa3a9d-d87e-4c50-9f01-f553416be7da",1,"3b30979d-4243-4168-9350-c5c79b042a1f","cc847bc3-2288-4a99-9b62-9d65aa31dba9","Cn.07",@analysis_id),
("2b00a793-e622-461a-8d9d-4548dc19a45a",1,"cc847bc3-2288-4a99-9b62-9d65aa31dba9","3b30979d-4243-4168-9350-c5c79b042a1f","Cn.08",@analysis_id),
("5b031094-1b32-4476-a026-e012a80609b4",1,"3d9e7cbf-f4ed-4a64-8fee-9652fe2919e4","3b30979d-4243-4168-9350-c5c79b042a1f","Cn.09",@analysis_id),
("2bde2a25-188f-4282-bbce-0c8802a6db19",1,"d5030f41-7d87-47d1-8471-4af6bf56559d","3b30979d-4243-4168-9350-c5c79b042a1f","Cn.10",@analysis_id),
("3b365a5b-bb3e-4e59-a091-482fcb0b3355",1,"f1b06583-4160-48a2-ba74-df8001c5c318","d5030f41-7d87-47d1-8471-4af6bf56559d","Cn.11",@analysis_id),
("905a706e-9ac0-4330-a308-020277133294",1,"d5030f41-7d87-47d1-8471-4af6bf56559d","f1b06583-4160-48a2-ba74-df8001c5c318","Cn.12",@analysis_id),
("2aeb83f1-47ea-4797-8aef-96353a7b65ae",1,"f1b06583-4160-48a2-ba74-df8001c5c318","3b30979d-4243-4168-9350-c5c79b042a1f","Cn.13",@analysis_id);


INSERT INTO interactions (id, interaction_type, name, code, connection_id) VALUES
("131f1382-5283-4ceb-88f4-ae6756617c1b",3,"Visual cues","PI.01","6585c057-b304-420a-a924-a014f40c735c"),
("0d9f54ac-3370-4dc7-ac6d-e07bb53e7073",3,"Physical feedback","PI.02","6585c057-b304-420a-a924-a014f40c735c"),
("772a8329-7afe-4d1c-a1ae-f0a6631a2096",1,"AH Enable","FB.01","c5654ab7-0ad0-47bd-bb6e-af9c435d0ed1"),
("a3277514-e984-4e90-b62f-a6150495e0fd",1,"AH Disabled","FB.02","c5654ab7-0ad0-47bd-bb6e-af9c435d0ed1"),
("19018a42-2627-4741-98c9-96c9c2dcd102",0,"Accelerate","CA.01","b5f6a917-ce65-49da-a1b5-9c5e2d7f3794"),
("f9414c9d-9587-4b91-bbdc-97af65d660ea",0,"Shift","CA.02","b5f6a917-ce65-49da-a1b5-9c5e2d7f3794"),
("49f4337c-e4fa-4e5c-8083-c25e94c0d12c",1,"Vehicle speed","FB.03","0ac8f99a-614f-480c-aa0d-3ce6dfe290ab"),
("948b5663-e11e-4d9e-b0aa-ff2e60975927",1,"Visual feedback","FB.04","0ac8f99a-614f-480c-aa0d-3ce6dfe290ab"),
("622dcba5-dc80-44f1-b892-4fc210067a6c",0,"Hold","CA.03","37fa3a9d-d87e-4c50-9f01-f553416be7da"),
("3823dcd1-d865-40b6-b9c9-e83994435066",0,"Release","CA.04","37fa3a9d-d87e-4c50-9f01-f553416be7da"),
("0374ade9-fff8-4ed7-a881-d389353eda22",0,"Additional Pressure","CA.05","37fa3a9d-d87e-4c50-9f01-f553416be7da"),
("f6926b38-6194-4f28-9bf9-52e553d5d36f",1,"Wheel speed","FB.05","2b00a793-e622-461a-8d9d-4548dc19a45a"),
("8da3a415-a0c3-4156-9017-864e027651ba",1,"Accel pos.","FB.06","5b031094-1b32-4476-a026-e012a80609b4"),
("7bf6190d-bfd0-4b2f-b953-fa84e3da9171",1,"PRNDL","FB.07","5b031094-1b32-4476-a026-e012a80609b4"),
("e101c7ef-08d1-46e0-9f26-40a167b24524",1,"Driver presence","FB.08","2bde2a25-188f-4282-bbce-0c8802a6db19"),
("4fa1a221-c36e-4368-95ff-47abc70ed49f",1,"Inclination","FB.09","2bde2a25-188f-4282-bbce-0c8802a6db19"),
("d45c5663-2821-4a55-8709-9044fa8701c7",0,"Brake","CA.06","3b365a5b-bb3e-4e59-a091-482fcb0b3355"),
("fd140813-89ef-47d8-a2d2-d6a3a213f37a",1,"Pedal response","FB.10","905a706e-9ac0-4330-a308-020277133294"),
("88090482-8718-49f2-b2a0-ad7945030623",0,"Enable AH","CA.07","2aeb83f1-47ea-4797-8aef-96353a7b65ae"),
("54fd943d-accf-4c03-b179-5cdc4dbc4b5b",0,"Disable AH","CA.08","2aeb83f1-47ea-4797-8aef-96353a7b65ae"),
("53369103-cf0c-421d-8bfb-7710b65ad639",0,"Brake pedal on","CA.09","2aeb83f1-47ea-4797-8aef-96353a7b65ae"),
("c87d8ff4-2b04-4011-9edf-848ee617789b",0,"Brake pedal off","CA.10","2aeb83f1-47ea-4797-8aef-96353a7b65ae");


INSERT INTO images (id, name, analysis_id, data) VALUES
(uuid(), 'B7.png', @analysis_id,
0x89504E470D0A1A0A0000000D4948445200000285000001930802000000D12CFF98000000017352474200AECE1CE90000000467414D410000B18F0BFC61050000000970485973000012740000127401DE661F7800009A3749444154785EED9D757854D7F6B0BF1A2D9442712B1EDCDDDDADB8BB1728EE4E7177E8C5FD07850017A768E1E2CEC5DD49B1E0C1E17B3BEBCC79E64E48C83099CC2459EF1FF39CBDF7F1B3CF7AF71A39F3FF3E288AA2288AE26ED4C78AA2288AE27ED4C78AA2288AE27ED4C78AA2288AE27ED4C78AA2288AE27ED4C78AA2288AE27ED4C78AA2288AE27ED4C78AA2288AE27ED4C78AA2288AE27ED4C78AA2288AE27ED4C78AA2288AE27ED4C78AA2288AE27ED4C78AA2288AE27ED4C78AA2288AE27ED4C78AA2288AE27ED4C78AA2288AE27ED4C78AA2288AE27ED4C78AA2288AE27ED4C78AA2288AE27ED4C78AA2288AE27ED4C78AA2288AE27ED4C78AA2288AE27ED4C78AA2288AE27ED4C78AA2288AE27ED4C78AA2288AE27E3CD1C72953A6FCE9A79F5A298AA2288A8BA955ABD6FFFB7FFF6FCA94298681DC8787FAB878F1E24641511445515CC6A953A7D4C701A23E561445514206F57160A88F1545519490417D1C18EA634551142564501F0786FA585114450919D4C781A13E561445514206F57160A88F1545519490417D1C18EA634551142564501F0786FA585114450919D4C781A13E561445514206F57160A88F1545519490417D1C18EA634551142564501F0786FA585114450919D4C781A13E561445514206F57160A88F1545519490417D1C18EA634551142564501F0786FA5809CF3C7AF468D7AE5D3B77EE3C76ECD8A54B97DEBD7B67340400B32D59B2E4CD9B374659511447501F0786FA5809CF0C1C383062C488892CC48E1D3B5DBA743367CE7CFBF6ADD1EC8F5EBD7A254992C4D7D7D7282B8AE208EAE3C0501F2BE1996EDDBAA5489102BFFEFDF7DFC78F1F6FDAB469840811468E1C6934FB837CFAF2E5CBEFDFBF37CA8AA23882FA3830D4C74A78061FA74A95CA287CF84066DCB265CB1831625CBC7891E2850B17BCBDBD7D7C7C060F1E3C6BD62C6ACE9C39F37FFFF77FCC76F2E4C9D9B367BF7CF9D2B2DC8777EFDE2D5BB6ECC891234C636BD43E69D2A451A346EDDEBDDB7C0F7CC78E1DBB76EDFAEF7FFFDBA74F9F2D5BB648A5A2842BD4C781A13E56C233763E068CFBC5175FCC9B378FE93973E67083E4CD9B377BF6EC254B96A466C28409D43C79F264FBF6ED91234746B196853E5CBB762D7AF4E8C89B69968A1B376EA3468D5AB468112B56AC112346C83CCD9A35E35E4B962C59FEFCF93B77EE2C958A12AE501F0786FA5809CFF8F731B96F8408117AF7EECD3466FDF2CB2FBB74E9F2DA0235A68F29B260BB76ED2C0B7D98397366CC98319F3D7B76FFFEFD3871E2B0A0D42F5AB4285AB468376FDE641A1F7FF7DD77A4D76F2CC80C8A12AE501F0786FA5809CFF8F7F1BB77EFBEFDF6DB3E7DFA308D56E3C58B77EBD62D6902D3C74C338F9797979F9F1FD365CA9469D2A409131B376EFCF1C71FD1F0660BACE1871F7ED8BA752B4DF8385FBE7CFAD9B3129E511F0786FA5809CFF8F7F18D1B37BEF8E28BE9D3A7338D4D13274E7CEFDE3D69025B1FFFF7BFFFC5DCDBB76F6791A851A36EDAB489CA193366448C18B1489122A52C942C59B274E9D2C4209AF0B1BCE9AD28E116F57160A88F95F08C7F1F0F1D3A344A9428274F9E643A701FBF7CF9927CF7D75F7F45DE66E5DAB56B63C78E7DFDFA75CBECFF83FA5851D4C781A13E56C233A68FDFBD7BE7EBEB8B597FFCF1C7AE5DBB4A6BE03E962233606573111F1F9F68D1A20D1F3E5CDE97E6F5EFBFFF9626F5B1A2A88F03437DAC84677AF6EC193162C4DCB973E7CC993359B26464C618FAC58B17D2FA491F5FBD7A3572E4C85F7EF9E5A14387A406264D9A84D4CB9429D3AA55AB52A54AA5499346EAD5C78AA23E0E0CF5B1129EB976EDDABFAD6CDEBCD914AD70FEFCF9FFFBBFFF7BF5EA9551B644933FFEF8C3F6DBD1CB972F975F241B650B67CE9CF9D7BFFED5AF5FBF850B17DEB871432A77EEDCB961C306995694F089FA3830D4C78AA2284AC8A03E0E0CF5B1A2288A1232A88F03437DAC288AA2840CEAE3C0501F2B8AA2282183FA3830D4C78AA2284AC8A03E0E0CF5B1A2288A1232A88F03437DAC288AA2840CEAE3C0501F2B8AA2282183FA3830D4C78AA2284AC8A03E0E0CF5B1A2288A1232A88F03437DAC288AA2840CEAE3C0501F2B8AA2282183FA3830D4C78AA2284AC8A03E0E0CF5B1A2288A1232A88F03437DAC288AA2840CEAE3C0501F2B8AA2282183FA383052A74EFDDD77DF2550144551141713274E1C7C3C75EA54C340EEC3137D3C71E2C48AC14A810205A2448952AE5C39A3AC7836C99225E3F6F8F9E79F8D7248C19D99214306A3A08427F2E5CB4797CB9E3DBB5176903265CA7CFFFDF7C58A1533CA8A95D2A54B73668A172F6E943D95CA952B1F3B76CC3090FBF0441F7F06070F1EECDBB7EF9D3B778CF2FFD2AE5DBB081122FCF5D75F4659F16C7EFDF55782E3FBF7EF8D728870EBD6ADB871E332747BF5EA9551A5841B080E74B93FFEF8C3283BC8B265CB883083060D32CA8A95F9F3E77366468F1E6D94954009233EFED7BFFEC5EDF4DFFFFED728DB70E8D0A11F7EF881D6BC79F3BE78F1C2A8553C9890F731DB6ADDBAF5175F7CC176E7CD9B67D42AE106677CFCFCF9F354A952B178AC58B12E5CB860D42A1F3EF8FAFA264F9E9C33C348F7DAB56B46AD123061DCC7AF5FBF2E5BB62C4DF0D5575F4D9B36CD68503C9890F7F181030722458A24FDC4CBCBEBEFBFFF361A94F081333E1E3A74A8F41CA853A74E08BFAFE3C9F4E9D3C7382FFFEFFF356BD64CCFCC2709E33E5EB972251A8E112306AD091224489C38F1DDBB778D36C55309611FBF7DFBB64489123FFEF8E3D75F7FCD40FE9B6FBEE9D1A387D1A6840F3EDBC7172F5EA4CF9811E6DB6FBFDDB66D9BD116BE397DFA34A7C53C33DF7FFFFDEEDDBB8D362500C2B28F1F3E7C983E7DFA142952B46BD78ED659B366116A3B75EA64342B9E4A08FBF8FFFEEFFF224488F0DB6FBF458B16AD56AD5A65CB9625769C3D7BD66856C2019FEDE3060D1A7CF7DD77A3468D62F161C386C58F1F3F5FBE7CCF9E3D339AC32BEFDEBDAB51A346E4C89139279C993163C6C48A15AB68D1A22F5FBE34E6503E4658F6F1F6EDDBB955E6CF9F4FA8A5F5C68D1B55AB564D9E3CB97E8AECE184B08FAB57AF9E264D9A070F1EE0E3DAB56B1F3972246AD4A823468C309A9570C0E7F9F8F5EBD728A759B366FFF9CF7F589C81DDB871E3BEFEFAEB13274E187384571E3F7ECCA09644E8CF3FFFE4CCFCFBDFFF1E32640867E6D2A54BC61CCAC708CB3EE66E397EFC382335F1F1DF7FFFFDE8D1A373E7CE19CD8AA712C23EBE79F3E6AD5BB798101F3371FAF4E9A74F9F5A1A9570C167E7C7A74E9D221B367DFCE6CD1B62CEDBB76F8DE6F00A37EFC99327FDFCFC4C1FBF7AF58AF84C3436E6503E4618FFFC58307D6C9415CF26E4BFCF25983E56C21BCE7C9F0B4C1F1B65C58AE963A3AC048AFA58F138D4C74A08A33E7611EA6387501F2B1E87FA580961D4C72E427DEC10EA63C5E3501F2B218CFAD845A88F1D427DAC781CEA632584511FBB08F5B143A88F158F437DAC8430EA6317A13E7608F5B1E271A88F9510467DEC22D4C70EA13EF6505EBE7CE9EBEB6B14AC3C7EFCF8F9F3E746210038CCDF7FFFDD2838C767EF8393A88F9510467DEC22D4C70EA13E762D070E1CC08EC2B265CB82FEA080B56BD73668D0C02858E9D1A3C7F4E9D38D42004C9C38B16EDDBA4C7027B051CE0CAB42A2D2CA0467E3FEFDFB520C9C75EBD6D5AB57CF2858E9D5AB17EB340A9FE2F4E9D3F3E6CDB3F53727C1BC10F87EC18205FE1FA1A73E564218F5B18B501F3B84FAD8B510DFCB952B37C8C2B469D3DEBC7963347C0ABCC58246C1CA2FBFFC3266CC18A310003973E6E41E602273E6CC8D1A35EADEBD7BD9B26553A4488195A97CF0E041D7AE5D83F8A71ADEDEDE65CA94310A565AB76E3D6AD428A3102808B56AD5AA9123475EBD7AB551F5E143AA54A9085E32CD6EC48811C3FFE0407D1CCE61D478F3E64DA31022A88F5D84FAD821D4C7AEA566CD9A24AC46C1C2BD7BF7883577EEDCD9BA752BAF5289A70F1D3A8432AF5EBD2A35E2635F5FDF0D1B365CBF7E5D2A6D7DECE7E7B767CF9E83070FDAE697A74E9D4A9326CDA3478F98CE9429D3A64D9B9878F7EE1D6B4B9830E18D1B37983E76EC980C0B5EBC78B163C70E2291FC033F95870F1F661FAE5CB94211C4C70F1F3E641FCCBF2FB5F5B1ECC3810307FCE7B8C06E63DF9E3D7BD6A953C7A8521F8775CE9D3BD7BF7F7FB31B7F1E78D1B6CF38CA673CAE527DEC22D4C70EA13E762DF878E4C8918CF741C2C49429530A58A858B1228EBC78F122956DDBB6259544B749922459BF7E3D35183479F2E4CC56AB56AD040912488A69FA18D5E5CF9FBF79F3E6ACBF68D1A2E6C3967BF4E8D1AD5B3799367D0CB896F9E7CC99437E4CAE8C989F3F7F5EBC7871D6D0B46953F907FEF6EDDB9BFBB06EDD3A6AF031FBC082B20F7253993E661FD83DD6402BFBF0E4C9132A6D993E7D7A93264D4E9E3CC9B2A674F1F1C68D1BE5845CBA74297AF4E8EAE3B044C78E1D63C78EDDAF5F3FA3FC592C5CB8B072E5CA46C1411865162B56CC1C530611F5B18B501F3B84FAD8B5E0CBB871E3A6B520B72B3ECE962D9B8F8F8FFC25D9B871E3A824699627AD0F1B36AC458B164C888F252BFDFDF7DF8B1429C284E9E3CE9D3BF7E9D307C193DA962D5B1671528995D3A74F4FFACB34D8FA18EAD7AF3F60C000D3C7E4E88913271617BE7EFD9A57731F468C18D1AC593326586DB264C9641FA64D9B56A85021264C1F77EDDAB557AF5EB20FE5CB975FBA742995B62069126B662858B0E0DCB973A592834A9428516A0B5E5E5E5F7DF595FA38CCC0982C63C68C74155ECD7F51A353EDDCB9936EBF77EF5EB9A674428C3B6BD62CBA9CCCC3A08DA518A84957B4F5B19F9FDFCA952B67CE9C298A650D9B376FBE73E70E35274E9C607E22FEA44993E869B2EC8A152B18FF4D983061DBB66DCC0C478E1C213E6CDFBE3D90BC597DEC22D4C70EA13E762DFEDFAF2630356AD448A6D1AAA4B3E49AA4D15810EFCAD7B86C3F3F3E74E810392B13E263021C1940DEBC79AB5B48972E1DC2A6953885E92D4BFC83AD8F894A152A5418346890E963821766CD9C3933BB277FD74AA5EC031E95AF71D97E7E7CF8F061FCCD84F8987D20BD36F7817100C725730A444FB2FF1D3B761C3F7E9C9CA954A952F22639F931B93ED7024E9D3AA5F9715802A1962E5D9A3EC660CBFCF379468179F2E4E11E2C59B22495B76EDDC2D66DDAB4A1F3331EA55760DF02050AD07F6AD5AAC5AD2135E2E3C78F1FD373BA74E942B7A79FEFD9B387C11F1D9BF99B366DCA1010EF327E6504C9988F01A26C8E4EC57A6842C053A74EE566E1B562C58AEDDBB7B7ECD14770AF8F2F5DBAB475EB56A360E5E5CB9772CBD84125071E5AFE62F9337C4C6C611066141C87B841F0A4E718E55085FAD8B504D1C73973E624A65CB87081FCD8F43189AF65AE0FBB76ED22C031213EA6C3A1C9C99327637141BEC04C84B2FDA695AD8F3976EC488A60FA984A6EECFDFBF7B32A8953B972E51A3E7C38FBC09E983E26BCFEB3FC870F844254CA84F8987D60F73834630FACFB60C281207B760948CD63C488C19AA9D7CF8FC3300D1B3694EFFF77E8D0818BC804892CC338F950868C19C78C1F3F9E01DC3F737FF8F0E8D1236AD033FD10D1D24B93264D7AF3E64DD3C78B162D62820569A573D2FFC5C7B856BA8764E144708602D9B367671A5171B3C8DFAAFAFAFA324DC763295EB905020AF4AEF0F1EDDBB719B0DA766F72F776EDDA19051BE6CE9D6B9E13134EA05DE81038692953A6BC7CF9B251F66C02F13159044328DBDB9CD0478C5ABF7EBDFFAFB2061DAEB5EDDB84A10BF5B16BC1C70CD8491681CC80CEE7DFC7C488983163923A103E10A1E96386F96BD6AC415A6400F206B2F97EF5E8D1A32B55AA24EF309F3F7F9EC1E0D3A74F93254B26CE13085B0B162CE0BE25589064B05A046CFA98D5929EB2F8CC99337FFEF967F62156AC58CCF9F0E143F469FA184591CE3273CB962D9B346942A5F97EF5D8B163C939641FD8AEED80942849A64EBE2E4566C0EB24DF4CAB8FC32ADC5F891225A26722517A75922449E84B67CF9EC5C7844863264B1FC6AC46C16297881123962851A242850A44619260FA92E9E3EEDDBB274F9E9C262027A663888F0F1F3E2C8BE33CB6C555A315AF5363EB63F2CE48912231E26471868F69D3A6F5DFD90457F898BB807136C762943F7C6037885446C1868FFA98410C4767146C08333E66884FCC31BFFBC2D02D4182048CC6E836C78F1F97CACF407DEC7E3CD6C77DFBF665D89EDF42B56AD54822E7CC99D3B66D5B6965C7060E1CC804AF049142850A91AAB669D3861A4C5CB76E5D8497264D1AE294FCFC83E1A4BC35FDE4C913BC4860427BC4B26BD7AE2D59B2848883F96815EAD4A943CACB76A927299137B8B026FBE3E3E383C5F3E5CB97356B5686F06427340D1E3C58F681E4A655AB56D4AC5DBB9695207EF6819548564DF893B7A6B991888F24C1B20F0C38A814303DB7846D149E376F9E8C79D99F03070E4825830342A4FF478EA88F4323882743860C740F816494288C36E2C48963FBE6AAF99E90C01D112F5E3CA2279D0188C55C77D3C7C3860D6BDCB8B13401A3463B1FA331C6BB786BC3860D74456A5821DDF5F4E9D34C73D7B0727AA62CCECA2D0B7D0417BD5F3D68D02006BB32CDE893113327E4E5CB970C8219DD32DAE04EA4091F57A95285714CC3860DC989E5C62150ECD8B183096EEA952B57323FF7C59933676C7DCCAAE45B933D7BF6744B7CFB2481F8985EC1A5349B3890AA55AB72F5B97632767FFBF6ED8C1933E8005DBA74E1DA7165394C19F713347AF5EAC58887954C9E3C9964A379F3E612C73EEA634E7EEFDEBDC934889FAF5FBFE672737AA569D5AA559C5E26A8A7E3B11EC2AC7C6986103762C4082ECA90214302F9F24130A23EF614E80D1F3510B79C31E50F6E54F3FD3A86DEDCCF521F74ECDE6476661F8211F571A88368C578CBF6613584BF5AB56A11D1C81119EA31FEA39588C940939477EFDEBDE44043870E45B1356BD6ECD4A913EE24086EDFBE5DC2A2F818EFA6489102DB114F9926DBB6F5313D84D1E4983163AE5FBFCE2856F26366C893270F315ACC57BA7469A488B029B2721621FF66C469F7C6B58B7CCCC09471890CA619927293328148EAD5ABC7214C9A3489113346C1C7F4BD8E1D3BE206C6C4B21B384606DFCB972FE7D056AF5ECD0D3E76EC585B1F638E468D1A1D3972847A46BA76B7B32710F8E7C7A42B5C7D26E83FA54A955AB66C19D32CC2B130C118AB60C182478F1EF5F6F6E60ADEBF7F9FCE2027F3EAD5AB9C04247DE8D021066D7427CC9D2A552A6AFCFB980055B468D11E3D7A6CD9B2855C88DE42F740F3D2DABF7F7F06464C205D7A1D2B64B494254B16C42F323E71E2041DD2AEC3B808F5715880A847BA6CBEF313DA511F873AE87B98CFF6FD55B29CB265CB6244C259C58A1589B0CD9A35BB73E7CE9B376FC68F1F5FA8502142248AE22A7363D27B4B5A20D9259E6EDAB4894C8895D04A28C7F4C58A152379DAB76F1F8BD7AD5B573E900632C8E2C58BE339D6299FE900026373EDDBB727CA137C491F5933BB477865852443D9B265B31B44BAC8C76C8E1103BA65D84AAC9F3F7F3E1364C97BF6EC215FBF77EF5E9224493851CC808D240343518C4E98307DCC8163887F566759A1E96356953871E203070EB02ACE21D3B61F57790881FB9888CD19F0F1F1E182264A9448C613A68FD7AE5D8B17393F72663EEA63A669C59DB4C68D1B97619F7F1F33F46166492A3881BC7ED4C7E9D2A5936FD8705D503B6266BC48D792CF19656657A33E563C0EF5B1E22288DDE80D611B652B2EF2319004972F5F9ED4DFCBCB0B6710EEE9662485F80018432018DBCF8F478D1A259F58898F5FBF7E8D9CC814A5154C1FB3B62851A2D4AA55CB5C950786B8C07D0C8C8D962E5D3A75EA548E576A4C1F33F6E26C64CC98B14E9D3A1C2C98DF45357D8C2C69E50C33F88B1E3DFAB973E7FCFB98B39723470EA360011F9B5FE2111FD3313899D5AA559393C9188EC10DA7BA6BD7AEA953A7EEDCB9331742E67729EA63C5E3501F2B2E82983E61C204324BA36CC5753E469CF1E3C71F3D7A340EA64B4B526BF7E966203E669172E5CAE10F6925C9B3CD8F59F3891327A4C933F9A48F395E2C58AC58B1356BD6488DE963C1D7D7B7448912D3A64DF3F3F34B9E3CF9C99327A93C7AF428E31B7C8C4D9B366D8A83116A8204093EEAE37DFBF6254D9A54926F1CCF799B3F7FBE7C9D85D3DBB66D5BC98FF12E73FEB3C0FFC2582A4D9A34BB76ED32CAAE447DAC781CEA632584719D8FF104A19FAE6526E5FDFAF52B5EBC388A82112346C8E7C701F99809D247043C67CE9C912347620EDBCF8F7BF4E851AA5429F94612AD21F319A7437CD2C767CF9E8D1B372E47F4E0C103A9317DCC6999376F1E45B25B796260C58A156BD5AAB568D1220C2D5FE09F387162DEBC79D7AF5FDFAE5DBB3871E27CD4C79C16E621EB5DB264498D1A35CE9F3F7FEAD429E43D65CA14744ECE2D3E66CC54A04001CEE4EAD5AB870D1BC6FE704ABDBDBDA949952A957C63DFD5A88F158F437DAC8430AEF331905A0D1F3E5C3EEC04725CC4D0DE029A215D3B7EFCB87C9509F6ECD9234FCCC561870E1D6202A363087C431CBB7EFD3ABE9934691256A6E9C58B176C940CAF43870E1B376EF49FF7BB9D4FFA988495E86DFB74BF4B972EC9979F2F5CB8D0B3674FCE1243194E0235B76FDFC6A003060C3873E60C36E54C92F54E9D3A95C3DFB061034BDDBF7F9F93408DF9D700828F8FCFA041835AB56AB562C50AB6480D3BC65224CA5C9D2D5BB650F3FAF56BD4DBB16347CE273BCC16B9169D3A75EADCB933DDC3B21A97A33EF644E855E668D115F8FAFA06B47EFAB77C63C219881A9C73A3E08FA74F9F72A5E4770BBC326DF7EC6BF5B112C2B8D4C7E1994FFA58B1457DEC5AD828E3B2BE7DFB8E1E3D9A9B3688035876587E97EC22860C1912D013FF376DDA54D6FA5CB0CF6684F509D8FE41C6F9F2E52B55AA1463588605B972E52A5DBAF4AC59B38C660BEA632584511FBB08F5B143A88F5DCBD6AD5B13264C886FB0729224498278C3F7EAD5AB77EFDE46C1052063F9C8C43FEBD7AF2F5CB8B051F85CB266CDBA6DDB36A3F0BFECDDBB9756F9A08B7972E7CEFDCAE6B12182FA587188EBD7AF07FE0F8F376FDEA46307F2C68FFAD845A88F1D427DEC5AB66CD992214306991E3060803C87F2D1A347FBF6ED3B7EFCF8ECD9B35FBE7C79E7CE1DEEE43973E69C3E7D5A2464FA987DDEB8712313AF5FBFDEBD7BF7FCF9F38F1D3B6627AA0B164E9C383177EE5CF30C300F6B63FEEDDBB79BC2BB72E50A1BDAB3670F2B171F3F79F264DDBA75D3A64D63E5F2094D403EBE71E3C6320BB76EDDA2C8FA77EEDC4982CBFDE6EDEDCD84CC06870E1DCA9831A3FC189A2365FD0B162C3873E60C8B70A46C377DFAF4CB972F3F79F264C78E1DB364C9B272E54AF930CC447DAC040283B911234654AD5AB5418306F2855806BBF27B6513EE97C68D1BD3F999A6D7A54D9BB661C3868B162DE276930F4AEC501FBB08F5B143A88F5D8BE9639453AE5CB9499326318D11BDBCBCF2E5CB57BF7EFD8B172FD6A8518368D2A74F9FA449931E39728419C4C748AE50A142C3860DA3A643870E952A551A356A549E3C79CC27BD0954E6CD9BB76CD9B2EDDAB58B1F3F3E9AA492D043E59831632A57AEDCBA756B5C7BF6ECD954A952B568D1829A64C992898FBB74E9D2AA552BC259BA74E9E45F903FEA63A21E33B46FDFBE79F3E68436548AE3496D4B972E4D4C2C51A244F9F2E545E7D0A953278E85091F1F1FF68138C856D8F4D2A54BB13273FEF4D34FF228A252A54A254E9C98F9C96F6459417DAC04C2C08103E939BB76ED429FF2443046BA5D2D7FEE6442E7C1049210CBDB30F22D1E3A217DD832CBFFA03E7611EA6387501FBB167CFCDD77DF9111A6489102DD72DF52898F63C48871FEFC79A6091C8CD92DF3FEF30B07F9A1213EC6498873E4C891788E4C5A1E85FFE2C58B0D1B36E4CA954BE617F03146947C74E8D0A1D5AB57679DF88F9497F9490E701ED96DB76EDD7EF9E517E641A575EAD4111F9B9B264516157DD4C77897199860CD3D7AF468D6AC99F898BDA586A817274E1C768F191E3E7C983A756ABCCBF4E0C18391313330CD0D89D199203366FD22EF850B17B266FF9FA9AB8F954060E829FF1A6E828F19D5716B70A7CB339F61C58A158CF32E5FBE4CA29C3265CA09132620DDBA75EB66C99265FCF8F1972E5D92D904F5B18B501F3B84FAD8B5E0633C84A5D8FA942953488BEFDEBD8B8F73E6CC693EF0859B999051B162455AC78E1D4B0D3E66293C2ABF9158B97225AA405D40C68C086D1D868FC980657AEDDAB5B4928B7FFBEDB7688FF9C924C886C9C249AFCDC4DAFCFCF8C2850B04327256D2EEAA55AB52E3DFC7383B4D9A3492B803422D5AB4A89F9F1F1B42F9D43C78F080A1860C2F8889ACCA32E3875AB56AC90F2881D68409133268501F2B4E3271E2C4448912213F4979011FD3BB5AB4683164C890040912307EA58315295264E3C68DF8B87EFDFA8C86478F1EBD7DFBF69A356B66CA948961AEF9C44D2114F9F8F9F3E73366CC3047D21E8EA33EE6B8182DD93DCDF4933C7BF6CCFFD7500262D3A64D12B83C10F5B16BB1FDFC980C926071F8F0615B1F132FF0EEDEBD7B711579A7E963D259E2089EA69FB192AC59B3D2E7B815C1AEB3E263F32DB8050B1620601621613D75EA94CC8F3B711B91888E2EB3F5ECD9131F23C26CD9B291F83E79F264D6AC5901F998D93266CC48C092228A250597FCD8BF8FC9BCE5DF9F80C39137DBE1D0A143C993276737D4C78A93D061E863A4BCF45EF9FC181F73B348A7AA5CB932D1C0F431354B962C2956AC98B43224AD51A306137684221FDFBE7D9BBBFBDEBD7B46D9B309DCC72403D9B367CF972F1F178BC8408DAFAF2F432B921699218810273FFA5FD11FA563C78E8CDB8C8287A13E762DA894C0C18E316667374834495E6D7D7CECD8B1983163DEBC79139F91139B3EEEDDBB379E4384F88F7B2F75EAD464C92C72E7CE9D83070F5AD66D808FE3C68DBB66CD1A925DB267F9836452DE3E7DFAA07064BC6BD72E162484E5CA954BFE420735E2639CFAD34F3FC95F2CA3D8807C0C9D3B77AE52A5CA8D1B37703C2B59BA74E9477D4C362FFF28274B797B7BA74D9BF6F4E9D3B76EDDAA57AF1EB70195EA632558A0D7B56AD58AC497BE64FBF97183060DB823D4C71E42E03E2E57AEDCE8D1A3AF5EBD4A288811230611ECF37C4C84B1FD4A69E0A88F5D8EC7FA188195B142F8902492FD24EE4B80C094883373E6CC152B56ECDBB72F092E95932C30415A495861CF49A05943A64C990A162C285FBC3221FA54AA54A956AD5A59B264E9D0A183681EC1336664B5881FB5A34FB26A46A3E4D98D1A35622C3961C204666373241944ABE1C38777E9D2851A14DBA449937FD66BC3E3C78F593323597C3F7DFA744CF9C6F2373B0C326825BD2E6BF977E4D9B367939DC822C09E701479F3E6C5DC64E40C0EA824F0356DDA541C4CB86CDDBAB57FEFAA8F9540303BC6D9B3673113620EBA8FB977B8592C33FE0F2EF2F1A54B975AB468C116070D1A4491DB79D8B061DC7A0C43DBB469237F7ECCBD3979F26406C4DC50E6BB503B77EEE440AA55ABC61D246F4D33CC6DD8B061850A15A889152B5698F1B17C8846AC205831D047AB24094412E2619D3A75386A96E5ECC945C7DC8435728C55AB56D5AC599324417E57491AB3C1F2971BC425120FB211465DFBF7EFE7A2CF9A358BD9A821C471AA99477DEC723CD6C7414482C527F9E88746441FF9FC584C6C0B3576D9A7FF64944D07D17C81EF24AD4419F3B17F26AC3C88EB37511F2B01F1F0E1C35F7EF965E5CA958C50515DD1A245A90CBA8FD1439224490E1C3870E77F9FA7E8221FD7AB576FCC983157AE5CD9B46913C5356BD6448D1A95F1F7912347E42F9EA8C41F8C62CF9C39C3BEA54C999291F4C58B17D3A74FCF2E5159A244098CC28D5FBC78F15EBD7A1D3C7810D37CF9E59761CCC788367EFCF88CEFF1F1D75F7FCDC9D9B76F5FB366CDB81F4F9E3C49C62CC73B7EFC78462D5CBBD4A9531F3E7CF8F4E9D3F24FD8E418F231D9DCB973490058964B3F73E6CCA74F9F327C61B59CF0B469D36EB13C17537DEC7242BB8F9D816497C4D728B80FD25FC2A2A35FC4F828EA632510C88D7012A1BC77EFDE92629257C91B4B405C467B749EBE7DFBCA7F1F119D070E1C28DDE9F9F3E7DDBB77FFF9E79FE5D1D0262EF271DBB66D497CCF9F3F2F5B67C70A152A242303C604F1E2C5637C9C2B572E2CC2AE12BEF2E5CBC7D1319EA01F52A4923D274D4457091224905F4E23ECD8B16387191F67CF9E9DE148C68C19E54792F81831CB1F6933E42269E6A819752D5CB8907358B060C1B56BD7322643AE53A74E95DF7480E9635282458B1649A5C019E68C616EB68526A8511FBB9CF0EC637A70183B34F5B112C2B8C8C7DC9B682655AA54A4B688011F93EFCA7B54E7CE9D8B112306E3833469D2346FDE9CB10530333931B97EFEFCF9A506186D90DE913ACB60378C7D7ECC21EFDFBFFFF2E5CB72BF73C6CCCF8F0F1E3C8877C97109EF0CA13863193264901F76921657AB568D56D64F517CCC89CD962DDBE6CD9BA9113863AD5BB72E5BB62CA9B6979797FCDC437DEC72C2B38FC31EEA63258471918FA50FDFB9732751A24488161FCBAF1FA9240F965F5E14295264C99225FFCC6D056D201BD1B670E3C68D9831634AD678FCF8F12851A2888F79357FF4E59904F1FD6A938FFA9803C7A68405BB370267CF9E2D1F5898F9312B347F9BFEE8D123AE0B83A1D7AF5F73216AD4A8A13E0E21D4C76109F5F1DEBD7B094C46C10223FDAD5BB71A8540215ECB334D8567CF9E55AF5EDDEEE3D2CFE3E5CB97FEF701251C3870C02804CACE9D3BE53B7D1E882B7CCC256BD3A6CD8C1933468C18913163462E283EA68F952E5D7AFCF8F1A4C5A210C48C33C68E1D4B10637EC2143642DB9D3B7766D97EFDFA2133A45BB3664DF23C66C34024D6E26316945F7C792CC1E263A6B93123468C4826CD3471BE55AB569C6D14DBBE7D7B6A4C1FAF5CB992C5070F1E4C7D972E5DCE9F3FFFD34F3F6168B2F0040912A88F4308F57158C2037D7CE1C2850A152AD8FE49C6CC99336DE3EFC0810389E946C1829F9F1F226429F8F9E79FE50FD58348CE9C39E5B9A72657AF5E8D1B37AE510814522B893BC2F6EDDBB367CFCEC95CBD7AB5EC4C83060DA64E9D2A610EEAD5AB67979F05C4B56BD7E2C4896314ACB0DA92254B1A8540912FEC18050FC345F9F1912347E40BD5324292F7ABB9B243870E95EF1609478F1E1D33660C92302BEFDFBF4F071B3060C0C2850BE56363BAD3BC79F3B00EB9B2B7B7F7AB57AF6EDEBC49DACDAB2CE29904EEE3CD9B37CB4F4E4CC865398DF2CE3C2761D9B265F20600957463A9679EA54B9772C751295F99DEB163C7E9D3A799009CCD39E7ECC9BFB8CA256007E4FB5FD430823976EC98655E8F437DAC781C1EE8632263922449188F1BE50F1FDAB56BD7DBE63FB8CA94293377EE5CA36081FE8641376EDC484400877E529923470EF3B98FC2952B57FCBBF0A354AD5A15DD1A850F1F5AB66C397CF870263804544DCE4114636F8B1429226F9C12A7E48DD04FC2982076ECD846C10AE91D8E310A81122F5E3C8F8D832EF2B11DB69F1F3B0FDD4F1EAFEBC904EEE3A053BF7E7D046C14C22EEA63C5E3F0341F3F7FFE3C73E6CC24B809122430B51A141FFFF4D34FB6E90B473463C60C06E983070FEED1A3073937950CF0972F5FDEA64D9BCE9D3BEFDDBB57E6C4C75412803A75EA24EFD1D9FAF8D9B367AC87B344B7977780DFBE7D8B17DBB76FBF68D1223260D3C7B4264B96ECDCB9734CE3637980399061142850407E148B45246FF0F1F1A1A655AB56F253CE070F1EB0FEE6CD9BF7EBD78F9C8C1AF1F1C99327D955D626FF0262EB63B240323F76834AF916313B306DDAB40E1D3A203CF531431F625170756CD616F2F788A3048B8FFDFCFC1856DA3DE2344CA23E563C0E4FF3F1CE9D3BF3E5CB87608A172F3E73E64CA9C4C78D1B37C6A042DEBC793F9A1FAF5EBD9A564227356FDEBC499B362DAEC59708B870E1C22F5EBC3875EA54C78E1DC99C264D9A440A8E05999379D2A54B47AF1E32640895C8D8F431A7A569D3A6AD5BB7DEB66D1B4903F2A366D9B265AC79DEBC79CD9A358B1C39B2E9636F6FEF52A54A494266EB6360733431C14802F7334FCD9A35B95376EDDA357FFE7CEA59163DE36676B56CD9B2CC808F63C58AC55288A75EBD7A050B1664D3A68F1F3D7AC449183B76ECC68D1B9910B761E2D2A54BB342968A14295238F7713824B8F2E37082FA58F1383CCDC7A48CF2A5CDE9D3A7172D5A543ED0C2C7A4BF88476059FF3EFEE1871FCA952B57AD5A3554470D0B7A7979C99FF23E7CF8907CD17CA3F8E5CB97A4A738587E178B8FD1A134E1330601A68F5904431F3F7E9CF414CD274E9CF8DEBD7B387581E507B86C023B8A8F3168A54A95A41EEC7CCCFAE5FBBDE263461B4C8C1C39F2F9F3E7328340828B44D96D5F5F5FC98FCD6FF6927993589B3E5EB2640913EC154CB13C238965D93D49BE9F3C791233664CF57178437DEC10EA63C5E3F0281FBF7EFD9A34B74B972E13264CE8DBB72FD9A7BCFDFB19EF578B8FC54F4F9F3E4D9428D18D1B37F05FD7AE5DD13CCE660748A669B5FDFC18890E1B36CCF4F1C183077FFCF1C78A152B56AE5C19DD56A952850D65CA9469CF9E3D32BFF9F9F1B56BD792264D6A7E4FDBCEC7A3478F2E56AC1813E26326B87DC883B365CBB672E54A8A6C91B3412B5B11EBDB7E7ECCD541E724D3A68F71399B63AF00197350172F5EE478CD8736E8FBD5E110F5B143A88F158FC3A37C4C28C992250B59A6903F7F7EF9B14470F978C68C19A54A95C2FA649318CEF4B119C2C88F59B3E963B24F1253795B5B6059F66AE9D2A54C4B9A2B3E9E346952FDFAF52DB3FC83AD8F1F3D7A94356B56D961D3C7020114AD22D1BA75EBCA07CC68951AD3C722788AC993273F7FFEBCE9E3F9F3E7334AF8671556EEDEBDCB19908FC9FDFCFC58567D1CDE501F3B84FA58F1383CCAC7B56AD5923FDD12E6CD9B973163C677EFDE7DD2C777EEDC89152B166A5C6CE1CC99331FF5F1ECD9B35123A2622B24DFE2E3DCB973A7499366E1C285BFFFFE7B8A142970B0E963316EFBF6ED8F1E3DBA6DDB36798EE08811235038B18F5D220D151F23E9B56BD732217017204EF68499F3E4C9C391CA5BD3E263A6478D1A75E8D0A1254B96A44F9FFEF1E3C70D1B366CD2A4093B86C5D955F1718204094A962CB966CD1AAE116BE33C983EBE7DFB76EAD4A9D9F4891327C8B0B76CD9C28E952B578E31C1A64D9BD81C67235CF998C3B77BF39F6B27BFD8B976ED1AA74E2A3F032E6B68315CE03E7EF5EAD5F0E1C3E96632687308C67F74274E23E363CEA7511B646EDDBAC570932B62943D03F5B1E271788E8F899EDDBA75B37DBC06391F262647C45BAB57AF366A2D4FBA3FF8BFFF8349ACE9DEBD7B672B5BB76E2576F4EAD54B3E33A695353F7CF8904D10501A34683073E64CF9EF395A51E3CE9D3B5BB56A850BC5616CB143870EFFACD7F2CD6716A957AF5E8B162DE4BBD0A4C813274E642564DB4865C78E1D274F9E4C972E9DFC74554039EC46972E5D8880F2F706C28409138E1C3942609A356B16EB6CD6AC1945EA39EAB66DDB52DCBC79339A472DEC2DB71207D2A851A39E3D7BCA3346B02F7B6B59D307C61C9D3A7522B1EED8B1233B400DA7AB4F9F3ECCCF528C033CF6C7B2AEF03107CB10CA561593264DE2E4DCBF7F9F1198333FC5E69472FE8D826713B88F19C216285060E3C68D9FD1312A55AAC409A7E73312353FAC093A9C7F6E908FFE438F1B511F2B1E8747E5C7A194FEFDFB7BC2BF8C84165CE1E3376FDE142B560C071BE50F1F0A152AC4308E8ECD58C7CCCC308A3CD402A834F36616376F01E6C11C66316CF898C3E9D1A307A352F35470C8E6A910381BB6070E4C330FAF763E6659A68D992C30DB47D7269BB3F5310BDA6EC28DA88F158F437DEC3CA4D7B669BD12382EFAFC78EAD4A9E47FD2932F5FBEECE5E575E7CE9D67CF9E55A95245DE5D58B06041850A154A972EBD78F1628A8CA2CC67A5B56BD76ED3A64DC863FCF8F1C58B172F52A448AB56AD1E3D7A4453D8F031C79E22458A54A952D5AA550B9B7206CA972F5FB66CD9810307CABBFA274F9EAC53A78E7CE4C1D9A3E6C183072D5BB6CC9B376FEBD6AD19DC983E1E3C78300BE6CB974F9E4CC7196EDBB62D278D79860D1BF6CFC62C9F11B09EFCF9F357AB56EDEAD5ABA68FCF9E3DCBB2972E5D92D9DC8BFA58F138D4C74A08E3221FE38044891211F1999E3871A27CBDEEE1C3878899265C4BEB912347084DF2D848F4637E59A14489120B172E441888EAFAF5EB8CAEF0907C47216CF8F8C993272D5AB460D8E1E3E343829B397366A4C8A9E0C051F5F3E7CFF3E4C9E3EDED7DFFFE7DCE897C559003AF5AB52A36E53C448912C5F4318B9C3A756AEBD6ADF1E2C5BB70E1C2BD7BF756AC58C1AA4E9C3891346952CE3FBE279F66B8C3695CB76EDDA14387C4C7E7CE9D6371CEB0E6C7C189FA382CA13E56421817F91848EFD009DA285AB4A83CC3DCF431D348A853A74E57AE5CB1CCFB111F33C18D70FAF469F6904C7AC08001D48499CF8F3B74E82007D2BB776F8E9D99E1975F7E69D2A4C9E1C38751A9D4CC9A352B71E2C4183A4B962CE6DF29FEFCF3CFA68FCD87BD972953469ED8C338E6E8D1A35BB66C21FFDEBE7D3BE73C7EFCF8B6EF18E163D6992D5BB619336618551E80FA58F138D4C74A08E33A1FE3D402050A2054C420FFE161EB6312DF6EDDBAD12416A957AF9E9D8F5FBC7851B76E5D72BBBE7DFB66CF9E9D0C8FA6B0E7E3D6AD5BE3D72956B81CF0D34F3F19E52953E6CC99F3F6ED5BCE9BFC00013EFA7DAE5AB56A4D9D3A9584BB60C182489D93963061427C4C4DDCB871CD9FC2033E4E993265D9B265DBB66D6B7E66EF76D4C78AC7A13E564218D7F998B08357DAB76F6FFEF8DBF4B1D9C3D7AE5D4BE6C744D7AE5D3B77EECC04F364C890011F9F3A758A344EFEAAA841830661D5C713274EB4BBF5CE9F3F9F3C7972DBDFD9039695810B239BCC99339B3E363F36CE94291309343A90F7B7C992A9C1C79CC0040912C8A3E05FBD7AE5EBEB2BEF575FBA74296DDAB4F280584F407DAC781CEA632584719D8FE9C624B8DF7FFFBDF95F8A8F1E3D92DF942303B4316AD4A80A152A888677EFDE4D3E87A5CA942943F6B668D1A27BF7EE913D53431A973A756A79BF9AB4AF57AF5E9695793A81FBB863C78E722004E77CF9F2356EDC9858DDA2458B356BD670DEBA74E952A850218620DDBA75EBDEBD3BB3797B7B73EAA82F57AE1CE395C58B17BF79F32667CE9C850B176ED5AA1595254A94208D26874E9A34290BD6A9532751A244F2845A4E1D0266C4C33CAC1F59A44F9F1E3773CE99597EE3E776D4C78AC7A13E564218D7F9182E5FBEBC69D326F9CE30A0100C21C59D3B7792F091D299BFCC410C68F8DCB973C78E1D93CF3BAF5CB942A2CC22F85BBEF6C5AB7C47CCF309DCC7A74F9F360FE4F1E3C7AB56AD9A3E7DFAD6AD5BE5E4100176EDDA356BD6AC65CB96C9AFF6A93974E810E7F9C2850B274F9E944AE621DF5DBA74E9CA952BCD1FDC33DBDCB97331C2D1A347E56D6A9695B38DAD9926C3DEB1638704997DFBF6C94370DD8EFA58F114B897B86118DE9A3EBE71E386FCBF42C8A03E0EB7B8D4C7E199C07DACD8A13E563C056F6FEF6FBFFD9657F1F193274F72E7CE9D3D7BF6D7FFFB337FD7A13E0EB7A88F5D84FAD821D4C78AA7E0EBEB9B3469D2142952346AD488EB3571E2C4AFBEFA6AC2840946B3EB511F875BD4C72E427DEC10EA63C583983B77EE975F7E19254A14AE57ECD8B13366CC687EEA1602A88FC32DEA6317A13E7608F5B1E24160DFA2458B72B1E0DB6FBF5DBF7EBDD11022A88FC32DEA6317A13E7608F5B1E259ECDBB7EF9B6FBEE17A55AF5EFDCD9B37466D88A03E0EB7A88F5D84FAD821D4C71EC7AB57AF2E5EBC782E1C53B66CD9AFBFFE9AE4D828871451A3462D5FBEBC5150C20AF21F0C81E33A1F53F9F3CF3F8F1F3FDE28079903070E0C1F3EFCFDFBF7C88CF866D40619C6B29D3B77FE8CFF150E5ED4C70EA13EF638468F1E2D09A2A228CEC3F0CEB8B502C6453EBE7BF7AE9797D7C68D1B3FE3E7C24B972E2D5AB4E8DBB76F478E1CD9A64D1BA336C8BC7CF9327BF6ECF2442A37A23E7608F5B1C7D1B46953B2C3718AA2384DEAD4A953A44861DC5A01E3221F93E3B2F5C78F1FA3558AAF5EBDBA7FFFBEEDEFF7487F1F3E7C28CFB53621A17FFEFCB99D8F598A656D3FC179F2E40935E6834440D626EF07D8FA987958A1659690467DEC10EA638F031F7FFBEDB746415114272859B2A4BB7C7CFDFAF5DCB9737FFFFDF7254A94D8BA75EBD1A347D999D2A54B5394A7DCA0E1E6CD9B532C58B0E0E4C993A979F7EE1DF6CD983163FEFCF91B356A64FAB862C58A952A55CA902103B9BE8F8F0F738E1D3B9695172A54A8489122F2D7147E7E7E5DBB76CD9A356BB66CD98887A68F3171AD5AB5E409CF218FFAD821D4C71E87FA5851820B37FA180E1E3C982A552A525B52E41C39726CDFBE9D0477C58A15A8945CB677EFDE1D3A74409CB76EDD4A9326CDC99327D167B264C92E5DBA84748B152B66FA3861C284BB76EDC2DF356BD694275D2378D649E2DBAC5933344CCDCC9933D1334933F9F1BA75EBC4C71C57BD7AF524BDB6EC5148A33E7608F5B1C7A13E5694E0C2BD3E2627C6C74C9C3E7D3A5EBC78D3A74F9F3367CEE8D1A3A3458B862F3174CF9E3DA981CC99332F59B284266E7F59969D317DDCAA552BA9F4F6F6CE972F1F13E8FCD8B16314C97DEBD7AF4F0DDEB54D82C5C724DF24D621F9237E3BD4C70EA13EF638D4C78A125C78888F0F1D3A942851A265CB96ADB4B076ED5A3F3FBF0C19328C1A354A6A301639719F3E7D7EFDF55759F6A3DFE722F125B766A24E9D3AE5CB979F387162D5AA55313135152A54983D7BB665AE7F101F0F1C383079F2E46EFCF309F5B143A88F3D0EF5B1A204171EE2E3DBB76F274C98503EE835A95CB9B27C6C6CB260C182FCF9F3A352A6BB76ED6AFA989CF8E1C38754F6EBD7AF61C3864CC78F1FFFD2A54BD4A070F171870E1D9A376FCE045CBE7C597CBC77EF5E162952A4C8B367CFA86707EEDDBB27F3840CEA6387501F7B1CEA6345092EDCEBE363C78EA54E9D5AA6C78D1B972953269459BF7E7DC9778957E9D2A523D36DD6AC59E9D2A571F6F3E7CFF171B162C52A56AC58A3460D26DEBD7B470E9D376FDE82050B56A95285B59D3E7D9A6539AE3265CAE0E65CB972C9FBD5172F5E4C9F3E3D4933F52D5BB694F7C30F1C38F0E6CD1BD6D6BE7D7B5655B66CD9418306FDB3372185FAD821D4C71E87FA5851820BF7FAD8CFCF4FF4299C3D7B163F31F383070FA4E6CE9D3B3B76ECA0928C566AC87D99E1D4A95364B4F2340FE6F1F1F13977EEDCD6AD5BE51F7FE1D1A347ECB3FCB9EFD5AB57A5F2EEDDBBDBB76FDFBD7B37DB7DFFFE3D9B939F39F9FAFAB21BAC196187E41F9882FAD821D4C71E87FA5851820BF7FAD8A3F0F6F6EEDFBF3F9E36CA2182FAD821D4C71E87FA5851820BF5B10959B27C321D92A88F1D427DEC71A88F1525B8501FBB17F5B143A88F3D0EF5B1A20417EA63F7A23E7608F5B1C7A13E5694E0427DEC5ED4C70EA13EF638D4C78A125CA88FDD8BFAD821D4C71E87FA5851820BF5B17B511F3B84FAD8E3501F2B4A70E1813E1E3B76ECAD5BB78C4258477DEC10EA638F437DAC28C185DB7DFCFEFDFBDBB76FDFB973477EF8FBE4C99354A952B139266486172F5E5CB972C52C8631D4C70E11AE7DCC9DE0E7E7C76B107F23BF7AF5EA13274E1885FF65CF9E3D2B57AE340ACEA13E5694E0C2BD3E7EF4E851C3860D4B952A55B870E176EDDA3D7BF6AC75EBD6912347CE9D3B77F3E6CDDFBE7DBB6FDFBE5CB972E5CB972F478E1CC78E1D33160B43A88F1D22FCFAF8FEFDFBDC0379F3E6E5DEA85DBBB6DDA3DE3F4AAD5AB56CFF41C59671E3C6B568D1C2283887FA5851820BF7FA78C89021AD5AB57AF7EE1D2626D46CDEBC99CA3469D21C3E7C5866C89933E7BC79F39820FEC8FF438431D4C70E117E7D4CEF4F9C38F1A953A7AE5FBFDEB871E3B265CBBE79F3469A18B7CA8489D4D8FA987BCC9C1FD4C78AE281B8D1C78408B64E7E3CD2023E967F73327DECE7E717376EDC1B376E58660F9BA88F1D225CFB3869D2A477EFDE657AF7EEDD4C3F78F0E0D6AD5B1D3B762C57AE5CF3E6CDE53B17CF9F3F1F387060F1E2C57BF5EA45BDF898FBB67CF9F2254A94E8D4A9933CB15D7DAC281E881B7DCC20BE48912223468CD865E5CE9D3BD49B3EBE7FFF7EBC78F1C2F677BBD4C70EA13EBECB6D3361C28402050ABC7CF9B274E9D28C617D7C7C860E1D5AB56A5532E0F1E3C7172A54E8C4891363C78EFDE1871FC4C7CC7FF2E4C92B57AED0346BD62C6AD4C7E101C228D7DD28FC2F070F1EA43F180597F1FEFD7BC2BAFF6F42D871F3E64D0413C2FF1CE099B8F7FDEACE9D3BB76BD74EDE487BF6EC994C64CD9A75EDDAB54C738112274EBC62C50A326962CE850B175EBF7EBD7DFBF657AF5E59960E0BA88F1D225CFB386AD4A8A54A95620C9B3163C603070E5CBD7A3541820474A03D7BF66CD8B081E9DBB76F635C6F6F6FE6E7E6A95CB9B2F97E35C934926ED4A811793345F5B193707A67CE9CD9B3674FF3AFE85CC7FAF5EBD91641D0285BFE377ECC98314443A31C00C58B17FFE8556624972B572EE909B66CDBB66DC08001F425A36CC3DEBD7B695ABD7AB5510E1A8F1F3F4E962CD9D4A9538D7200308864B6172F5E18E5708C7B7D7CE3C60DC24BE1C285CB972F5FB060C18B172F52C975E7EA346EDC984C60C99225C993272F51A244962C595809412952A448E67F2F8601D4C70E11AE7D9C3061C2AD5BB79E3D7BF6E9D3A7D490FD448F1EBD75EBD6EDDBB76754DBB76F5FDC80AAC9486411F9FC9838DEBD7B77423373128551084DEA632721A58B1D3BF637DF7C3367CE1CA3EA5370FE65A8E4284D9A34C9912387ED7FDD4C9E3C99AD4B370804477D5CB66CD9881123C68B17CFEEDB82A44AF4ABEFBEFBAE74E9D24655D0501F3B8A7B7D0C5C0542CDF1E3C7CD8126C33E62CEF5EBD79966184A3DADF7EEDD93E2DDBB776D478AA11DF5B143E8FBD5FF7C7E2C30C34F3FFD64FEE337706390404B4E4CCC6584CB34835C16F4F1F1A1B2478F1EEAE36061D6AC592953A6FCF9E79F39E14425A3365052A74ECD95350A8E10623E4606A4473163C69C346992516561D5AA55F1E3C72F56AC18076B54050DF5B1A3B8DDC7E11CF5B14378AE8F1942127D8CC2A708161F03D1961B18378C1E3D7AC08001F878E1C285C993271F397264CD9A35BDBCBCF031E3D954A952117C870F1F9E2E5D3AF571B080B7BA77EF4EBE1B214204F31BA788B97EFDFA6BD7AE95A29F9F1FC52D5BB67009483D23478E4CA825C59C306182CC4C538D1A35B264C952A64C99B973E706F439DC277D7CEAD4A9060D1A64CF9EBD68D1A243870E259D957A5B1FB338179D211A95C47156F8511F972B57AE6DDBB664C3E620834EC5B0E3D75F7F65574D1FD3BA63C70EFA183BCF11CD9831C3DC3DF66AD0A04179F2E4E190D7AC5943A7151F5FBE7CB97AF5EAF21628D09F396AF9C6909D8F8F1D3BC69A73E6CC59A952A50D1B360471B81336501FBB17F5B14384848F77EFDE4D042490F5EDDB77CF9E3D46EDA7C89F3FFF8A152B8CC2A7F80C1F1364972F5F6E1B9481225D07D14E9932E5CC9933D410BC366DDA3466CC188EE2D0A143172E5CA092788DB0B9FD4E9C3871E4C8116A4E9F3E1DF4430B9C70E863CE6AF4E8D1F7EEDDCBF02861C2849C6DA9475DF1E2C53393CB870F1FFEF4D34F0C89B84CF3E7CF27C5AC5CB932DEDDBF7F3FAD5CB868D1A2B56FDF9EECB37FFFFED87AD8B061B2A01DF4C60C19326029AE9AD0A74F1FD3C75CD33871E2D4AE5D7BE5CA95EC095BC1CDF216A2AD8FF174D4A851870C19823B19967DFFFDF701F978DFBE7D112346E4E8A49283FDE1871F0E1E3C68EB6334C91968D3A60D3B3F70E040D6CC70509A5AB76E4D86CD8881F38065E91BE2633ADE8F3FFEC87A64363A279D1C2B336DEBE3E3C78F73081C20BEE74690F36C59225CA03E762FEA638708091F8F1A358ABB62DDBA75649984060287D11028F9F2E573A98F3D9670E863C499295326191B356EDC3857AE5C92DA06E46329DABE5F8D7B18C0356AD448C4093D7AF488112386FF9F92033EFEFAEBAF31930936357D4C2BA9A4995B2F5EBC3852A448389B69D3C78F1F3F4E922409E34BCB2CFFA4AA09122408C8C7AC8ACECC6595CA6EDDBA152952844AD3C7AF5FBF2E56AC1829ACB9F32899B1C5F3E7CFEFDDBBC7D6E9DE52CFBD43BD433EAE57AF1EE9B8E4C4ACBF7CF9F29CA57F16081FA88FDD8BFAD82142C2C768B861C386325DA64C19524F2618B6134A962C59427A41B0609A5C64DCB871E7CF9F97394D1F1F387060CD9A354CF8FAFACE9B378FD9FC3F584E7D1C7AF1F3F3CB912347BF7EFDA4B87EFD7AEC2883B6A0FB988B8B5071A71461F3E6CD5CF46BD7AE2D5FBEBCBE95DDBB77D38471C968495B0F5B41DEA68F499D295AD6F10FA4ECAC47BE086DFA183DE34579DC12309208E8F3637CCC04D92D23D15BB76E3D78F0C0CBCB4BBEB366FA98E3E230E58773C2AE5DBBD8E899336798E06C981DDBF6F3E320FA386DDAB479F2E461102064CD9AB550A1429625C205EA63F7A23E768810F271F5EAD56FDCB8B17FFFFEF4E9D3E3572A870F1F9E264D9ACA952BF7EFDF1F0733C3F4E9D309CADC3CF299AEF89878C42284512251810205988160448DF99D67417D1C7AA1577CF3CD37E497F815D0D5975F7E8939680ABA8FE95D3FFCF083ED6D2F4A2373DDB367CF682BE7CE9DA3091F07F2F93189AFB95A78F2E409EB9187939B3EC6826C6EE7CE9D96593EEDE3FBF7EF478E1C995E3A7FFE7C8E48BE1861FA98D6A851A3DA0E261822B0D193274FAE5BB72E4A9428F2D1097C868F3963EC8671FC1608919625C205EA63F7A23E768810F2719C3871B069E2C48919AD9F3D7B96CA61C38611C22464901FCBFB696FDEBCC99429937C1C888F070D1A44DC94A8474A41FC620248A35BB66C29D382FA38F4D2B9736746665BB66C21260A5CE8A4499322637A45CA942919B1C99CF29B28D3C7F425B389BC93DE3564C81029C2942953506640EF5707E2633A5ECD9A35A543025EE772C8FF88983E46F3D1A3479F3B77AE65967FBE7245C21D888FA176EDDAE4A6DC05EDDBB7971AD3C7283F79F2E4BD7BF7967AE018F1F7B367CF8E1F3FCE60C54CC47D7C7C18B8888F9134FB60366DDAB4894EEEDFC76CB171E3C69659C223EA63F7A23E768810F271FDFAF55FBF7EEDE7E7871A897778171F13166506222301B16AD5AA254A9460C8CFBD4125B365CB968D1A092B04BBB871E31246214B962C5DBA74B12C6AA03E0EA53C7FFE1C8F9A6F560BDBB66DFBFAEBAFB76FDFCE34BD227DFAF4E7CF9F3F7DFA74E9D2A5BFFAEA2BD3C7C58A152B5FBE3C92963FB36BDBB66DC28409598A0B2D0F409524DB3F81FB78FAF4E99122452234233F7A143EAB50A1823C59C9F4319B43A5F443F60A37D7AD5B3762C48881FB98C0845959B37C01104C1F03BB4AF746AEECFCBE7DFB52A54AD5AE5D3BEA199460FA22458A5CBD7A95E49EF9234488203E7EF4E891979757BD7AF56EDCB8C11963744227F7EF634E17E392B56BD79285DFBD7B97C1AEB903E101F5B17B511F3B44487F7EBC63C70E2205A1C4D6C7DEDEDEE4CAD7AF5FF7F5F5CD9933A7E9E379F3E6152E5C78E0C081843F5622A1F0A3A88F43295BB76EC516E69BAEC2E3C78FB14BEBD6AD993E76EC18D6619486AEE803E4916656BA64C91292483CDAB163478AF7EEDD23074578F1E3C7A71E9F3D7CF850E6B4838E647E654CA0FFC48913477CCCA8B167CF9EAC215EBC78BCFEFCF3CF285F666340F0CB2FBFC8F4A953A7B02633B0203665B63E7DFA489349D9B265A9976956CEC0823184F914B03A75EA94295346A6C9EF1B356A64EE3C5BA1469A88F58C33A2468DCA86468F1ECD0DC2DE4A1367204A9428B162C5E21451C960459ED9C9F0821325030EAC2CDF0E4B922449A2448978357F3F161E501FBB17F5B14384908F2B56AC78E2C40972170290B8D9D6C773E6CCC99A35EB850B17962F5F1E3D7A74D3C72B56AC60BC8FBF57AD5A856BB9AFB8BAA4232410C78F1F976505F5712885FCCF364F354196A6B7982035143F51CF22520F0CEC481CCD35D084CB3125B9A0F986B37F48766D650C6FDFBEB5DD0D96257127F72545B6DD1C7B2289B280B9D99664E7764D02956014FC2D6ED7CA4A9E3C79C20A1958D8EDFCB367CF4E9E3C699E01DB37E1D1FC993367E44F4DCC436006BB036457CF9E3D4B266D571FE6511FBB17F5B14384848FB924240A98B8468D1AE3C78F27E850897AE5310E4054EDD0A143A952A5C830BA77EF2E8FEC6702EF32C170BE4D9B3684C50D1B36B086A2458B9258D87DC55A7DAC288A7FD4C7EE457DEC1021E16360BC6F37E4F7CF2767106CF31593CFF6311B2575300AFE3218A0D5EE3B4176090AB012F9ACCE0EBBCC8F95DBCDC60CFE0F477DAC28C185FAD8BDA88F1D22847CEC6A3EC3C764E1AD5BB7262FCF9A35EBA54B97B0ECE8D1A3F3E6CD9B2B57AE3973E6A0D8A74F9FB668D1421E8878FDFA758A0D1A3498376F5E8E1C39986DD5AA55B29E952B57162A54287DFAF4D5AB5797BF0D609EF1E3C73373C68C193B76EC280EA69255E5C99367D1A245149F3F7FDEBD7BF77C16ECFEE4477DAC28C185FAD8BDA88F1D22FCFA78CF9E3D9123471E3060C0952B5750266BF8F9E79F49586FDFBE9D264D9A43870E2D5EBC981AF25764FCD0429224496AD7AE7DFFFE7D1C1C3F7EFC070F1E1C3E7C3859B264070F1EC4AF3D7BF6946FEB0C1D3A345EBC789B366DBA71E346CA9429E98B2C9B2A55AACB972F339B3C71B3478F1E6DDBB665E663C78EB10679ECB0A03E5694E0427DEC5ED4C70E11AE7D8C77CD37904B972EDDAD5B37525520DF9D366D9A7C157CD9B265F215189C9A306142F9AA2DDACE962DDBF6EDDBD1B97C0D181E3D7A142B562CE48D8FCDCA264D9A8C1A358AF9C9AA3B77EE2C7F1EE5E7E797254B963163C6B02DF2ECD4A953236F991FD4C78A125CA88FDD8BFAD821C2B58F3365CA64143E7CC89D3B77DDBA75075A183468903CAF98BBB442850A9933673E77EE9CF8589E1D46D25CA04081356BD6B46BD7CE7C2405953163C6BC78F1223E369FF9D0AC59337948858F8F4F972E5D10FCF4E9D3313779F3AFBFFE2A9B1B3C78F0AD5BB7647E501F2B4A70A13E762FEA6387501F1B2063F36F85E49B65F2FAE6CD9B3A75EA8C1E3D5A7C4CF7A29255254A9408F54E9E3C59DED3A672FFFEFD19326478F6ECD9477D2C6B5BBF7E3D89F2D3A74F49C1CD7FCB902613F5B1A20417EA63F7A23E7608F5B1C1E1C38753A54A854799B96AD5AAB876FCF8F1BFFCF20B36C5B2FBF6ED131FE7CA95AB458B1679F2E469DCB8F1DBB76FC97473E6CC59B972E54E9D3AA54D9B76F9F2E5ACCABF8FC9B6AB54A93262C4883265CAF4ECD913016FD8B081CD75EBD6AD6FDFBE952A5532FF6117D4C78A125CA88FDD8BFAD821C2AF8F51A9DD1FC15EBB76CDDBDB7BC18205478E1CC1B50878E5CA9514E5F7D0E2E3B367CF2E5BB66CE3C68DE6AFA47C7D7DD7AE5DBB64C912F9AF02B872E58A3CA31BCE9C3973F5EA55D686FEE7CD9BB779F366F34750CCC3FDCF3D2CEB37511F2B4A70A13E762FEA638708BF3E7614F1B17C7EEC52D4C78A125CA88FDD8BFAD821D4C741E5C58B175DBB767D6A79C4B14B511F2B4A70A13E762FEA6387501F7B1CEA6345092ED4C7EE457DEC10EA638F437DAC28C185FAD8BDA88F1D427DEC71A88F1525B8501FBB17F5B143A88F3D0EF5B1A20417EA63F7A23E7608F5B1C7A13E5694E0427DEC5ED4C70EA13EF638D4C78A125CA88FDD8BFAD821D4C71E87FA5851820BF5B17B511F3B84FAD8E3501F2B4A70A13E762FEA6387501F7B1C61D8C7CF9E3D93FFDE506C79F9F2A5FCA7A712ECA88FDD8BFAD821D4C71E478B162DBEF8E28B78619158B162C58D1BD7282856E258300A4AB0C2D03665CA94C6AD1530EA6317A13E7608F5B1C7B179F3E6AA55AB560E25E4CC9993739B3F7F7EA31C3069D3A665CE081122942F5FDEA8522A57CE952B17C32FCE4CB162C58CAAD043D9B265BFFFFEFB12254A18658F64D8B061C6AD1530EA6317A13E7608F5B1E214CB962DE3DC6EDFBEDD2807C0B367CFC4DC5F7FFDF59C39738CDA70CFDBB76F6BD5AA253EEED1A387511B7AC0400CB0E41FBE4335EA6317A13E7608F5B1E21441F4F1D4A953BFFAEA2BE6042F2FAF7BF7EE190DE19B6DDBB67DF3CD37725AA2458B76E2C409A32134F0E4C993142952B0E7B162C5BA74E992511B3A511FBB08F5B143A88F15A7088A8F39F3F1E2C593D89D214306C4DCB3674FA32D1CF3FCF9F35CB9722548902052A448C992258B12254AD5AA55DFBC7963347B3C725B09F5EBD77FFFFEBDD1100A511FBB08F5B143A88F15A7088A8FDBB76F1F214204821D7376E9D2A56CD9B2E48267CE9C319AC32BBFFFFE3BC9F18409137EFAE9A79F7FFE99B3F4F5D75F6FDCB8D168F66CCE9D3B173B76EC183162704D1952448C1811A5196DA110F5B18B501F3B84FA58718A4FFA98B4A94C9932CD9A35BB7FFF3E7392191F3D7A3479F2E46BD6AC31E608AF20E0A2458BFAF9F9898F7D7C7C3267CE3C66CC18A3D983E19AD6A95387B47ED4A8515CD3912347C68B172F7FFEFC1C8B314768437DEC22D4C70EA13E569C2228F9F1A3478F5EBE7CC92B73CA3BD5F7EEDDD31F223F7FFEFCE9D3A74C888F99F0F5F57DFDFAB5A5D1A379F1E245E4C8915BB56A251A5BBA74E9E8D1A349EE43EF7B1EEA6317A13E7608F5B1E21441FC3E17D8FA58B1C5F4712802F5920D9B3E7EF3E6CDC9932743EF184B7DEC22D4C70EA13E569C427DEC3CA1D1C782E963A31C6A511FBB08F5B143A88F15A7501F3B8FFAD8EDA88F5D84FAD821D4C78A53A88F9D477DEC76D4C72E427DEC10EA63C529D4C7CEA33E763BEA6317A13E7608F5B1E214EA63E7511FBB1DF5B18B501F3B84FA58710AF5B1F3A88FDD8EFAD845A88F1D427DAC3885FAD879D4C76E477DEC22D4C70EA13E569C427DEC3CEA63B7A33E7611EA6387501F2B4EA13E761EF5B1DB511FBB08F5B143A88F15A7501F3B8FFAD8EDA88F5D84FAD821D4C78A53A88F9D477DEC76D4C72E427DEC10EA63C52942CCC7CF9E3DBB75EB96517090CB972F87CCFF0AFBF9F9DDBB77CF28041997FAF8E9D3A79F7DDE3E89FA58501F0784FAD821D4C7CA4778FDFAF5CD9B378D8295F7EFDFDFBD7BD7285809161F1F3E7C78DEBC7946E1C387E5CB97DBFE0D3061EEE8D1A32B56ACA85DBBB651E508EFDEBDCB9831E3A54B978CB22B59BD7A75DDBA758D429009C8C757AE5C193060C0EDDBB78DF267B178F1E2EAD5AB1B85E026101F73C2BB77EFDEB56B570E81D3F2E2C50BA3C1067A54870E1D909951761FEA6317A13E7608F57178011D8E1C39D20C8BE44C13264C78FBF6AD14EDE04CA64C99D22858B97EFD7AC284097D7D7D8DB28560F1F1EEDDBBBDBCBC1E3F7E2CC53469D2E4C89143A649EF2832C392254B3E2F89E41893244972EEDC39A3EC4A3053F9F2E58D429009C8C73D7AF488162D1ABDD7287F1673E7CE2D53A68C51086E02F1311D235DBA74F3E7CFA7D7152D5AB4408102F7EFDF37DA6C60B8103243A5C0511FBB08F5B143A88FC30B172F5E444B664CDCB76F5FDAB4693F9AB5C0F1E3C753A4486114AC5CBD7A354182040F1E3C30CA1682C5C72F5FBE4C9C38F19E3D7B98662B71E2C4891D3BB6ECEAB163C7687AF5EA95F8F8C68D1BDEDEDE274F9EB42CF70F52433C652552F3ECD9B34D9B361102EEDCB94331201FA3FF952B57AE5AB54AC601478E1CB977EFDEC183073922F3BD01726B3A159BE68490CC49A58F8F0FC9FA962D5BCCB3F7F0E143D6B363C70E227270F9F8CD9B379932651A33664CD6AC59CDFFF9677F38216C8557D91FCEEABA75EB3810739C84DE10E4AE5DBBE42D7AFF3EE66472BA18E8AC59B366F3E6CDE651B015AE23CB9E3D7B5656CE1AB66DDB8632AF5DBB26F3D811B88F8B142922033EB6C56969DFBE3DD39C4FAE05AD4071EBD6ADB76FDF66FDEC896CF4F5EBD75C3BB99A274E9C9832650A45AE294506917BF7EE457E3366CC30CF49B0A03E7611EA6387501F871702F13151FEF0E1C3B367CFDEB06183D4D8FA989A8D1B3712738F1E3DEA221F43DDBA75870D1BC604195593264D4A952A25C191705CAF5E3D269022622E51A2448B162D48D3C998A964BB64D283070FAE51A346AD5AB5F0077245036DDAB421B94C9F3EFD952B573EEA63A279E1C2853B77EEDCBB77EF3973E650D3A85123365AAD5A35F62469D2A42C48256B2E59B2E4F0E1C373E5CAF5FBEFBF53C379CB962DDBC081031B34688044590F5BCC972F5FA54A95AA54A9C21683CBC7888AB49293CFCE2357A91C3D7A347AEED4A9133BCF19E05AB063EC70D3A64DAB56ADCA0C0C0BF2E6CD3B64C89072E5CAB56BD78E2BEBDFC7D7AF5F4F9E3C3995AD5AB5CA9D3BB77C0AC09082CD55AF5E9DA552A54AC555A0B243870EAC9604B76BD7AE9645ED09A28F812E44BA8C6539E7D9B367E75C0D1A34887AF67FF5EAD5E7CF9FA76BC91D4A574C9D3A3502669041563D7DFA74FA03D78563619D34D107B8B876FDD049D4C72E427DEC10EAE3F0023EC667BC924801E988E963448863FAF6ED8B9088BF38C6F43141B079F3E6050B166CD9B22561D4753E5EB870215B97CD2D5AB4080730413DFBB360C10226F071C68C1925E5FDF5D75F7BF5EA857D8B172FBE76ED5A26D82BC23D79F3D4A9531B376E4C0A489AD5B163C7FEFDFB7FD4C764C05E5E5E92F6B1515EF1315B64298A356BD6C4C4A4CB9C04E661FD64CFB816F5E25D768F1A723E4E0852240A231E166443FDFAF50B2E1FB33393264D62A26DDBB63892090E8AF3CF9E30CD35020EB672E5CAEC0C359C01F24BAE23192D355C62A47BE1C2858FFA387EFCF8044AA6AF5EBD4AAF4087DC41AC8AA3A01277A649938603CC9F3F3F5264B5728AFC13741F736912254AC43D888F8B152B261B02F1313B5CA850214E2C357DFAF4E9D2A50B474713FD8A2EEAE3E39332654ABA2EEB4C962C992BBE9EA63E7611EA6387501F871708673162C420F3234C030E101FDFBE7D9B4AD1155192DC08C3993E26A013AFE52B45D4BBCEC7E4A34882C89B3973666479ECD831FC8A54D88DCB972F3383EDE7C7E47FCD9A35C38E8478D262F2271C4CE2881DC99E89E3D400A92DDAFEA88F710C719F4D30837C490D1FA337691D3A742819275969AC58B1645564C324C19C072CCE10412A49CD5117EBC131B220660A161FB34B0913262449259CB133B163C746C69C222E1CE7C498C9322E912C536000112F5E3C3921809BB1E0477DCCCA65640319326440E1E87FF8F0E152C361C68C1993EB4518E51471ECA74F9F96263B82EE63C67F5CCA274F9E70AEBA75EB2695203E6662F2E4C9152A54E030B364C9B277EFDEFBF7EFD31F18A251C929CD9429D389132758274343593078511FBB08F5B143A88FC30BF27E356E23CEC2962D5BC4C75887982B1FDD01D17CE2C489A68F376CD88087243D72DDE7C7C050800D1194B108419C2D324A98356B5681020524FFF3EF6312B8D4A9531F3870408E0858AA53A74E3D7AF430CA8F1E71801FF5313033A30D8E171373F8BC72E0D2C41A580F6302D244BA8DAC0A97B0938801B5480DB0F2010306482A0F8B172F0E161F7356113F830C216EDCB80C86D0A4AD4701B7D99E4F4E08E9E3E1C38765DF18AF708C01F958C6582F5FBE640476F0E0C1F6EDDB33B09019E8240CC2E4235B363772E4489CFDF0E14369B525883E66375AB56AC51081E9807CCC46D97996CA993327579CFDE70CECDFBFDF3C16AE91FA38D4A13E7608F57178417CECFFF363C23711F9F9F3E7525FBC7871A462FA98CC897C85D998BE74E992EB7C0CFDFBF727FF23C19562FDFAF553A64C69E67FFE7D4C80FEE5975F08F4E485D88298481C47962893BC902322AB630CF1511FDFBA758B33C03CD3A64D63B508031F635F4627689863DFBA752BAEC24373E6CCC17324EEB881057149BD7AF5B01487B367CF1ECE0C231BE667296048413E279B083AFE7D5CA95225737000DDBB77AF5DBB3607C2A18D1A358A9DF7F6F666FFD7AD5BC7293A7AF428030BEA99B372E5CA9C61AE11906572423EEAE33871E260472EE8D4A953E906F20D38BAC1A1438758799B366D38BD5472321121A7115392B2730E070E1C68ACC542E03ECE9E3D3BA768E3C68D5C2356CE76A90FC8C7C0508641D8D0A14399E68A30CAE1A2E0E96BD7AEAD5FBF9E1AF571A8437DEC10EAE3F042403EC63A44F971E3C61170897AC4F79B376F9A3EF6F5F5C51644FF1B376E346CD890BCCA753E264BCB91230789A01457AD5A45AECC9E48113790B3CA348E1C3C7830131C8E7C2989055108F92B92A633142A54286BD6ACE5CA95C355C4716C67F70D618A5432D4601E24440DA1BF69D3A6850B17C62223468C60292A591CC351933F7FFE09132650C351B01B79F2E4A192CC95A4194DCA07F0D5AB579F316386F9DE75D0B1F3B19F9F1F06E57A1965CB779271159BE614D1943E7D7AB645828B6E199AB027201F36CB6522C584AE5DBBBE7AF58AF3295F6C36C18B6CB157AF5E1C3E29AC7C598CA3183F7EBC9CC95F7FFD95134BC760418E8B631751EDD8B1830187651D0681F89853C7D0A44A952A152B56E462493A0EBFFFFEFBF4E9D3651A1851C94007185EA05BF97802E8691D3B762C65816EC31EB2AB6DDBB695D6E0457DEC22D4C70EA13E0E2F90F754AB560D7F48F1CC9933E479F2B59A23478E609DBC79F3124025381213CD876FE045A224817BE1C2856220A91782D1C7EE051F9B9F1F8730FEF3639762F7F9B13304E2E3D085FAD845A88F1D427D1C8E10FB9AC8E7B202E92069992485826D2B0BCA5BD6B6954298F13179F6AC59B38C42C812C23EBE79F366DAB4693FE3B99EFE511F0BEAE380501F3B84FA58718A30E363F2C5C7D60784853021ECE3B76FDF5EB972C5FC069F33A88F05F57140A88F1D427DAC384598F1B11B09611F0723EA63417D1C10EA6387501F2B4EA13E761EF5B1DB511FBB08F5B143A88F15A7501F3B8FFAD8EDA88F5D84FAD821D4C78A53A88F9D477DEC76D4C72E427DEC10EAE3B0CFA54B977C7C7C8C4270A33E761EFF3EBE77EF5E8F1E3DBA76EDCAEB860D1BE46BED070E1CA006060C18B077EF5E99938BCB29A5498A74F2DEBD7BCBEFB0E9F632FFF8F1E3AF5EBD2A33F8F9F975E9D2C5EE476B9F8DFA58501F0784FAD821D4C7A198F5EBD7D7AD5BB759B366FDFAF53B76EC9851EB8F962D5B12918D4270A33E761EFF3E3E74E8509C3871E6CF9FFFFBEFBF7B7979C9B3BA468E1C59B06041827EDFBE7DE3C58B27CFF158BE7CF977DF7D9723470E79C2DAC99327932449C2F4B367CF62C78E3D66CC9869D3A6FDF2CB2F499326C5EBCCE0EBEB4B7D70FD2583FA58501F0784FAD821D4C7A198EEDDBB972B576EC99225A444B162C53A71E284D1F0BFB468D1427DECC97CD4C7C993277FF5EA15D3B366CDCA92250B13F8B861C38696F67FFEF64A1E378D8FB365CB962B57AED9B36753B4F571820409CCA784CE9D3B1725BF78F122C47CCC2190C4138849F157AD5AF5D6F220EB152B56D04B070F1E2C01FAE9D3A78C397AF5EAE5EDED2D3F8EBF7DFBF6E8D1A3E924F2D034387AF428F7EFF0E1C32F5DBA4491FD5FBC78F1E9D3A7070E1C387DFA7433D13F72E4C880010358B3FC5126A78E75B21ED62F2395C0511FBB08F5B143A88F4331DDBA75934748BE7FFFBE50A14293274F669AB846D41B326488F9E0495B1F5FBC7871C2840914E52FF75970FFFEFD23468C20DE9D397346E62126925751633EB9F0F0E1C3C880F08753A5C6447DEC3C81FB98D32E0F6D367D4C4FCE9A352BE330A6F171FEFCF9B9E2193264406F01F9F8C18307F898D586988F870E1DCA21346FDE9C149F4D8BEA8A152BC6E8813EC00ED3F7EAD5AB47075EB76E5D993265E872745D26060D1AB47AF56A0610CC8FD173E6CC491F9B3A756AE6CC9939F053A74E715CA54A95A2B7E7C99307D9331BCE665B74EC61C38675ECD8911A1CDFA04103D65CB76E5DF9B7CAC0511FBB08F5B143A88F4331F89858438A70ECD8312F2FAF9D3B7752D9B46953C2DCA2458B4A9428210F79367DCCF9C9983123810CD73271EDDA358C5BA54A95993367123D93254B86A409E5B973E71E3B762C0171E1C2852C45702426CE993387CD15285020AC3E2FD38D04F47E3599F1A851A352A64CB972E54A2AF171AC58B1B267CFFEC30F3F202D79A087F8F8CD9B37A88E9903F23133E0332C18923EAE58B1A2A4C5F25F8A4CB093FDFBF7B7B4FF93CAA74E9D9A1E78F7EEDD4D9B3665C9928541034747FA2B0311A85EBD3A5D9719EEDCB953B2644984878FA3468D2A8F615FB3660D3D9309AC4F726C59E29FA79D7074DC0ECCC982A89AE94F3E8C4C7DEC22D4C70EA13E0EC520C898316312D488DD24100468A21B4579CED4E9D3A7D3A74F4F5C367DCC84F9AF4175EAD441C32C623E23336DDAB43B76EC2072254A9448FEF41E682D5CB830E19269D2173212F9D8D2447DEC3C1FF571B468D1BA77EF8E839916F5328D9FB8C45DBA7461B025AA131F33C125200DE5F5A33E7EF8F02119E4B66DDB42D2C7CD9A3593E98D1B37225AFA123E36A545F21A23460C3C0D65CB96AD51A3869F9FDFD6AD5BE963458A14D9B3670FF3E4C89183A2CCC35810016359FABCAC8179186430C1D9B075210E8E1E3DBA2C55BE7CF9D2A54BAB8FDD85FAD821D4C7A1187CDCA14307826FDBB66DCB952B47BCA3F7933C11C580084830229D357D5CB060C1142952486BD6AC59172C58F0F2E5CB09132654AD5A95E48305C5BB242888BC5AB56AE7CF9F2753C11619326490A5486276EFDE6DD9B881FAD879027FBFDAC47CBF9AF1569A3469E4F308D3C7E8195BD7AA55EBA33E263396FA90F431633E1949CC983183FEC984AD8FF7EFDF4F37E358E8B7207302A9FCDCB97339403A67993265E6CC99233300AD1FF571EDDAB5C78D1B2795CC76E9D2A564C99271BFCB52204D81A03E7611EA6387501F8762CCCF8F7D7C7C486A09E2870F1FCE983123814C66104C1F57AE5C593E9633E13EC9952BD7F5EBD7D136D2151F0351BB5FBF7EA41DAC8A159AFF88E71FF5B1F338EA63E8D1A347CD9A357198E963E0EA93559B3E8E1B37EECA952BC938C78E1D4BEABC68D122E6E1CAFEF8E38F0CC5484F495B995396FD3C02F771E4C891478D1AC53C7877E6CC9954DAFA984DD3B5E46B0A7BF7EE25F7659F274F9E7CF1E245762F5BB66C8C309031C6A59579962C59C22DFC511FB3032953A6DCB06103FD993383D14B952AC5509501E5912347E48376FA30E38380DCAC3E7611EA6387501F87624C1F43AB56AD9A366D4A24CA9429D3881123488C8E1D3B46CCA5C9F4318189B498E8462B4D376EDC2082E4CC9993B0855663C488818F513B819B9A2953A610D4885F9C3DD294E3C78F9F3D7BD6DBDB9BA069D9A081FAD879FCFB980C8FABC6D534CA1690AB5C476006DC4C72C9D594EF3409A489AD5BB77EFDFA3532AB5BB76E850A155873BB76EDCC2FEBE1F8AA55ABCA7BB98CCF6CFF65F933F8647EDCAB57AF2A55AA901FCBBBEB83070F367F2A0DD7AE5DC39AEC21BB4ADF63B7870D1B56B162C5264D9AE05D666029DC4CD2CF3CFDFBF77FF8F0E1EDDBB75BB66C298B5FB870A17BF7EE4C302E993D7B36C7D5A0410359FFFDFBF7D934ABAA51A386F878FEFCF9458B16551F8730EA6387501F8762E6CD9B67E6BB478F1E2510136D512913254B96240E923CD1C4C991F736E59D40A230896FFBF6EDEFDCB9F3F4E953A44E6826D89110235D425EDBB66DC963EAD5AB77FAF4699642C063C68C91CFE1FAF6EDEBE7E7F7CFF6ACA88F9DC7BF8F430B81FBD8FCFCD813A0F706D24BD5C72E427DEC10EA63C529D4C7CE13267D3C75EA54DBC4DDBD902ECB77D403427DEC22D4C70EA13E569C427DEC3C61D2C72F5EBCB0FB68C393511FBB08F5B143A88F15A7501F3B4F98F471E8427DEC22D4C70EA13E569C427DEC3CEA63B7A33E7611EA6387501F2B4EA13E761EF5B1DB511FBB08F5B143A88F15A7501F3B4F58F5B1F9888F4FF2E6CD9B55AB56BD78F182E9D7963F8B947A47614116370A8EA03E7611EA6387501F07C6CB972FB76CD962F733D0DBB76FCB6F1CB9F93F1A3882F23CA0C061B5EBD6ADB3FB659167A23E769E30E96314D5B56BD78FDE20FE79FCF871CC98316FDEBCC9FC850B170E4A773279FAF4E9B56BD7647ACF9E3D79F3E695DF3A3B84FAD845A88F1D427DFCCFC37D8A172F2E4FA8B7E3FAF5EBC4CA070F1E18650B73E7CE9587FF8D1933A677EFDE524950908957AF5E65C992C5C9C72C30C667BBE67FC80BEC61D5AA558B152B56B76EDDF1E3C73BF964A5E0427DEC3C61D2C7748C22458A04518DA68F993E72E40845A90F0A2B56AC90FB119E3C79623E7ADD21D4C72E427DEC10EAE30F850A154A9C38B1FC59A11D8CBB13244860A7EA3973E6942D5B9689F3E7CFCB5F0EDFBB772F79F2E4A26D06F8744127535B7CCC76ED7C7CE1C285840913D2B3D7AF5F4F0ED1A44913A3C1ADA88F9D276CFBF8CC99330B172E5CB3664DD3A64D478F1E2D0F73A5872F59B2A451A346E4D08C7A6D7D3C76EC58F9AB63963A70E0C0C891239B356B663EC995F5B46AD58A05172C5840F1D4A953C898FBA263C78EFBF6EDE39619356A94CC79F7EEDDA14387366CD890571F1F1F6A4E9F3EBD68D1A2D5AB57B3270CA66D1F2BAB3E7611EA638708EF3E3E77EE1CE9ECB469D3881DE6FBD2DCC9C3860DEBD6AD1B9DC9F431EA25768C1831823B597CCC3DCC0C84924E9D3A458D1AB565CB9604267C4C44C03DCC40D0E10E6FDBB62D3B2021E6D9B36793264D6255BD7AF51A326488AC19794F9F3EBD75EBD67DFBF695C43A201F274D9A541661BB4C93226FB3C05EB136364DF85BBC7871870E1DD849191F90B8934CB37222D1BB77EF48DF194F50643798663F897772E04443C22513274F9E2498CE9D3BB77BF7EE2CCE521B376EECDCB9334771E3C60D66B0457DEC3C61DBC7C4E2B871E3327C2491E55E9B3A752AAD3366CCC8962D1BFD6AE2C48953A64CB1F571BA74E9E8D24C54AB568D69F4CC3CAC01A7D2157FFDF557965AB76E5DCA942977EFDECDAD4A6F4F9F3E3DFBC0E879C78E1DA953A76659FA6D810205B8CBB66CD9426F674FB8A7D801D6838C99C894291341833905F5B18B501F3B4478F7314DBD7BF7E6EE8D13278E2C4E04E1EE6DDEBC398E2464888FAF5CB99222450AB4C7589BE8293EEEDFBF3FC6C2A6F3E6CD63713C77F0E041DCC622CCCF0CB8A778F1E2CB972F672B840F64464C891F3F7EB162C566CF9E5DBE7C7986F94894E08289C9007AF4E891356B5616FCA48F490E9893655933C93D1187BDA53878F0E0CA952BB3AA2E5DBA942C5992F8C53E702CF872E6CC992F5EBC60BBECBC148965843016976C7EEFDEBD1C238B6074B65EAB562D42E793274F1079C1820549CA713C1BF5F5F5B5EC8E81FAD879C2BC8F3367CE2CC928726DD0A00113B972E5224FB5CCF80F01F998512613DC0E3973E6C4ACFFCC6AF94888FBA84A952ABFFFFE3B45F26C36244DA68F376FDECC22CCC9341DCFCBCBEBF8F1E368980E2C950C9A1B376EFCCF3216D4C72E427DEC10E1DAC7E49718F7D8B1634CD7A85163E0C0814C70DFE24EB1CEA14387C4C7A498F809E151C99D6CEB6326880EC9922513539A3EA63279F2E492EFB260850A15580995985B72E503070EA44D9B9658432B166467D83451096B06E46346F77DFAF469D7AE5DAA54A9BCBDBDA9E4D008E592E09210B34592EF7BF7EEB15DA6D16D2B0B92AF03FBC0CE63622906E4634E8B2C423CCD9B372FB713EBBC7DFB366194C86559D4407DEC3C61DEC779F2E4914A4681F2278C1C32BD5D2A21201F933A5BDAFFF9AB50D2623AE7A041830A152A54B3664DBAB7FC99F7477DCCB89381A9547277E4CE9D9B412A3ECE972F9F544E9B36AD7EFDFA320DEA6317A13E768870EDE3DDBB77478B160D0D93561210911C91826C959B56D46B7E7EDCA95327F3AB5BE6E7C781FBF8E4C9934CFCB38085CE9D3B93FE3267A244894475F895A5C81BF01CA1A17AF5EAE4CDDF7DF71DC97A403E26B71E397224092BD352C9A175EDDA55A6D9288753C60A230002DCAD5BB7888019336624992038B26974CE38809D67D301F9B862C58AB24E9209422711D058699932870F1F9626417DEC3CE1D0C7D9B3675FB3668D54324F107DCC10962E2A63E5264D9A888F19989AFF3869FA78FDFAF58C1D2515667EF2636E19F571C8A33E768870EDE3B66DDB9216232A20718C172F1E4E42D2E8EAC99327CC204E45B48CCACDBF9E250AD8F998DC11ABC9FA4D1F8BEACC3F7EAF54A9123BF9511FB76FDFBE63C78EE4C7E7CE9D232A05E263F3FD6A135B1F93F5B24536214513E2DDD1A34709FAE7CF9FA7483464CD189A98450464436C917AEE1CFF3E66597265C29C14FDA33E769EF0E66326B8DDB264C9C23CC32D04D1C7A74F9F6648CAE6B89512264C283E46D271E3C6C5CADC3EA68F1F3E7C98356BD62E5DBAAC5EBDBA71E3C60C76D913F571C8A33E7688F0EBE3172F5E244F9E5C7E492C605C7247EAD3A449D3B76F5F7455AA5429497C8F1C398247E7CF9F3F6FDE3C4C56BE7C79E6377D8CC370F98C19336C3F3F467B841E62CAD6AD5BC78D1B973E7D7A76E0A33E26F96658C0B21D3A74881429D267FB982DB66EDDBA6AD5AAD811264C9840E5A851A3886EE422A408C43B02E2BA75EB68E52818793C7BF60CDDB2121C4CCA422CB3F3318C193386FC63F3E6CD049D499326113A8D060BEA63E709933E3E71E204C35CFAE4D9B367459CC0EDC64DC4043D9C5BA955AB56F43D6E0AEE02EE261904D363B97D986086FDFBF7FFB39865104CFF6782FE4627A76F33B16BD72E6A5815B73FAB62D0C92D3362C408CB12FFFC589175B669D3861B53FED9E2CC993374606965CD0B172E9469501FBB08F5B143845F1F73BB0E183040DED112B845870D1BC638FAD4A953DCC6CD9B373F74E8D0D0A143C95C092B680C61F7EAD58B1C9ACD31FF860D1BCC7EC644EDDAB5972C59C29C7DFAF491EF36A32EA243BD7AF590907C904CC4C1F4F21C22D2D97EFDFAB139D26B9CDAAC5933C6EFD4105F90222BB1FBE614B35129EF2D9B9034D8FE911C6B9E3C7932FBD9A449130937EC58DDBA759B366D2A5F872184912E3468D0805D652BD41C3F7EBC458B169D3B7796C3A786B8260728B03F189A15924F4C9D3AD5F68C81FAD879C2A48F4317EA6317A13E768870FD7EB5E23CEA63E7511FBB1DF5B18B501F3B84FA58710AF5B1F3A88FDD8EFAD845A88F1D427DAC3885FAD879D4C76E477DEC22D4C70EA13E569C427DEC3CEA63B7A33E7611EA6387501F2B4EA13E761EF5B1DB511FBB08F5B143A88F15A7501F3B8FFAD8EDA88F5D84FAD821D4C78A53A88F9D477DEC76D4C72E427DEC10EA63C529D4C7CEA33E763BEA6317A13E7608F5B1E214EA63E7511FBB1DF5B18B501F3B84FA58710AF5B1F3A88FDD8EFAD845A88F1D427DAC3885FAD879D4C76E477DEC22D4C70EA13E569C427DEC3CEA63B7A33E7611EA6387501F2B4EA13E761EF5B1DB511FBB08F5B143A88F15A7501F3B8FFAD8EDA88F5D84FAD821D4C78A53A88F9D477DEC76D4C72E427DEC10EA63C529D4C7CEA33E763BEA6317A13E7608F5B1E214EA63E7511FBB1DF5B18B501F3B44E8F6F1FBF7EFEFDEBDCB84E9E3376FDEDCBF7F5F5A4DD4C7AE437DEC3CEA63B7A33E7611EA638708DD3E3E77EE5CE2C489972F5F6EFA78C89021A953A77EFAF4A9318705F5B1EB501F3B8FFAD8EDA88F5D84FAD82142B78F1F3C7890264D1A043C78F060AEFA8A152B22478E5CA44811F266630E0BEA63D7A13E761EF5B1DB511FBB08F5B14384FACF8F172F5EFCD5575F79797971D53365CA142952A43D7BF6186D56D4C7AE437DEC3CEA63B7A33E7611EA638708F53E26152621E692C3175F7CD1A64D1BBBE418D4C7AE437DEC3CEA63B7A33E7611EA638708F53E0612E21F7EF881AB1E3B766C1F1F1FA3D606F5B1EB501F3B8FFAD8EDA88F5D84FAD821C2828F49885BB76EFDE5975F4E9A34C9A8FA5F56AE5C59AF5EBDC78F1F1B6525F8501F3B8FFAD8EDA88F5D84FAD821C2828F81DCB74C99324F9E3C31CA4A48A13E761EF5B1DB511FBB08F5B14384111F839F9F9F31A58420EA63E7511FBB1DF5B18B501F3B8447FB987CF7DEFF6297013F7BF6CC68B042D037DA2C2069A3C18AAFAFAFD166E1E5CB97468315BBC789BC7EFDDA68B0C1F62B636FDFBE356A6DA0D268B6BC9D6ED4DAC06A8D660B6CD468B0C28E196D16D86DA3C18ADDF88303371AAC70728C360B2E3A99B63E0EFC648A8F3B74E860B459D193193F7EFCD2A54B7FB26782D166C1137AA6686CD6AC59469B05E74FA6DD474BFE4FE6C3870F8D360BFE7BE683070F8C360B9F3C9972203367CE34DA2CD89ECC77EFDE19B5369827537C3C6DDA34A3C14A4027936B6DBBF260E4F9F3E7B2090F41E2C3FCF9F38DB2C7F0E2C50BE39479121EEDE32A55AA702D6DA951A386D166E1D75F7F351AACE4CF9FDF68B33074E850A3C14AF2E4C98D360B73E6CC311AAC448C18D168B320E33B3B6C43E78913278C5A1B4E9D3A65345B7E246DD4DAB079F366A3D9C2B7DF7E6B345899376F9ED1662169D2A446839561C386196D16F2E5CB67345869D7AE9DD166A17AF5EA4683956AD5AA196D1698DF68B092376F5EA3CDC2F0E1C38D062B499224B1F531779DD49B705CB22C888FFD63EB6CCE9B516B83ED635009C446AD0D1B376E349A2D448A14C968B0C25536DA2CD0078C062B43860C31DA2C142850C068B0D2A64D1BA3CD42CD9A358D062BF455A3CD42C78E1D8D062BB973E736DA2C8C1C39D268B092285122A3CDC2C2850B8D062B5F7FFDB5D16661DBB66D46830DF2B83AE1ECD9B346AD0DC78E1D339A3F7C407B46AD0DEBD7AF379A2D448E1CD968B082B48CB60F1F6EDDBA153B766CA3C1CAA041838C660B850A15321AACB46AD5CA68B350BB766DA3C14AC58A158D360B9D3B77361AACE4C891C368B33066CC18A3C1CA4F3FFD64B4592073351AAC7CF9E597469B05F1B11DB65F0E3D7FFEBC516BC3912347A495B3CA2E19B536AC5DBB566610A2448922F5DF7FFFBD5DA70D16D07FD6AC5965134AE0D8F5310FC1A37DBC78F1E2BEFF8BDD1B4AEBD6AD331AACD8060BD8B973A7D16065DCB871469B85A3478F1A0D56060E1C68B459B878F1A2D16083EDD8EACE9D3B46AD0DB66191C1BB516BC3A54B978C660BBFFDF69BD160C5366EC2D8B1638D062B1C9AD1668103371AACD805564E9DD16065C99225469B05E6371AACCC9831C368B3401260345861AF6C7DCC3E1B0D56382E5916C4C70C988C362BB6E914E7CDA8B581336C347FF8C099376A6DB870E182D16C011F180D56B8CA469B05FA80D16065C78E1D469B05123EA3C18A5D605DBA74A9D16085BE6AB459D8B06183D16065FAF4E9469B855DBB76190D7DFB12A653A54A85548C360BC78F1F379AAD0C1830C068B370F9F265A3C106D223A3D9928D19B536D8FECA80ACD1A8B501F118CD16060F1E6C3458397CF8B0D16661C28409468315DC66B459983D7BB6D16065CD9A35469B05BA90D160C5EE8D5FD4653458211335DA2CECDEBDDB68B0327AF468A3CD02433AA3C14AFFFEFD8D360BE2E3AA55AB1ACD166C1FF3C7A8DAA8B5C11436C92E331BB5369C3B774E661018F651F9CB2FBFB0ADA953A71AB5C107579F35E7C99347B6AE0484979757B264C98CB3E649849DCF8F15B760EBE3C0111FEBE7C7FE09BD9F1F8719C4C79FFDF9B1439C3C79D2A53EEED2A58B515602A04C9932EAE3A0420A55B3664DA3A07836EA63E7511FBB9D90F4F1DDBB777FFBEDB783070F1AE5E0437D1C44D4C70E903265CAE2C58B1B05C5B3511F3B8FFAD8ED84A48F5D87FA3888A88F1D407D1C8A501F3B8FFAD8EDA88FC315EA6307501F8722D4C7CEA33E763BEAE37085FAD801D4C7A108F5B1F3A88FDD8EFA385CA13E7600F57128427DEC3CEA63B713923EBE7AF52AF16DF5EAD54639F8501F0711F5B103CC9C39330C3C812F9CA03E761EF5B1DB09491FEBEF9DDC8EFA58099BA88F9D477DEC76D4C7E10AF5B11236511F3B8FFAD8EDA88FC315EA63256CA23E761EF5B1DB511F872BD4C74A98823B7FC4881157AF5E357D7CE9D2256A5EBD7A65CCE10FF57140A88FDDC8D9B3679F3E7D6AFA980E8C2F6DFF052BD8718B8F376DDA34DC86499326D9FD2359109127EDBF7BF7CE28874ED4C70E50AB56ADF6EDDB1B05C523F1F1F1F9E1871FAA54A9420823046CDBB6AD5CB972DF7EFBADDDFFDCD9A23E0E08F5B1BB78F9F265E4C8913B76EC68FA18517DF7DD77A74F9F36E67001B76EDD6AD4A811B78C510E3E02F171850A15922449C276855F7FFDD5F67FD5824E8B162DDAB66D1B2A7C3C6EDC38AEA651F85FD4C70EA0BF77F27CDEBF7FDFB56B57045CAF5E3D4200B7F737DF7CD3AD5B37A3F963A88F03427DEC2EE8C675EAD4891831E2D8B163E99C23478E8C172F5EDEBC79EDFEC239B410888FCB962D5BB56A55A3E0049C31300A563C53CF952B57E6E21A85FF457DEC00EAE350C1DF7FFF8D48D0302180942269D2A4B76FDF36DA3E86FA3820D4C76E8454387AF4E871E3C6A573924132C4FCF3CF3F8DB6D0C667F878D1A245E491DBB76FA7B5489122E3C78F7FFDFAF58D1B37281E3A74C898E9C387A953A7CA6A478F1E6DFE65ED902143962F5FCE6BCE9C3967CF9E4DCD93274F060D1A54A2448942850A75ECD8D1FCA7D475EBD6F5EBD7EFC0810375EBD6A58979CCBFAC65F1952B57CE9D3B174712F639F91CC5E0C18373E7CE5DBF7EFD6BD7AEC96C70EFDE3D52F33C79F2142D5A74DEBC79322C6027DBB469C3452471CF9F3F7F870E1DD807C607CD9A358B1F3F7EC28409B13231C7EE0308F5B103A88F430BB366CDFAF2CB2F09015F7CF1057788511B00EAE380501FBB97DF7EFB8D9E29D4AE5DDBA80D8504EEE3F2E5CBFB5831DF00E8DEBD3BDE4A9D3A35C6EDDFBF3FC3116E6A949C254B965F7EF945E679FAF469AA54A9E48FE1AB54A962FEF91E56235667CA9469F8F0E12B56AC78F9F225B26441DC3C73E6CCECD9B3A74993463EA546E1B163C766E63163C63073942851D0B0ACA474E9D20CE50B14283067CE9C0A152A448E1C199D93D762E8F4E9D3236FF94A8AAFAF6F860C196AD5AAB579F3E6E9D3A7C7891367F2E4C9D4FFFBDFFFFEF1C71F912B3B3F69D2A478F1E2356FDE1C1F2F5EBC3873E6CC0C147EFFFDF7356BD6D8E5F4EA6307501F8716B8FFB90309010C66B91B8DDA00501F0784FAD8BD3C7CF890E84CE78C1123C6D9B3678DDA5048E03E8E183162022B2233C0C771E3C63D76EC18D3488BD9302ED3D8D7CBCB8B7B96E95DBB76E169F94CDDCEC7B8FCFAF5EB525CB26449B468D14E9D3A25C53367CE448F1E1D31338D8F11ED7FFEF31F696ADCB871C182052567C5C759B36695EF9D70F2912BA9AD04933FFEF8236AD4A8B76EDD629AE1026302AE14D3D0B76FDF8C1933E25D7CCC2193A64B3DBBCD6C3208D0F7AB8307F5712862C78E1DDC84DCB1463960D4C701A13E763B8B162D8A10218299B4B91404430EF7D75F7F19E5E0E393F9F16D2BB6F971B66CD9641A5AB56A852999387FFEFC37DF7CB361C306A6DBB46953B870619266A6ED7CDCA8512399860E1D3A302EB7FD2C990C954A26F0318300A904AC49EE2B892F3E6ED2A489D4DFBB772F51A24424CA523C70E0008773E9D225A69B366D9A22458A7EFDFA910703AE6585F7EFDF171F9BC9C082050BB89BFEFEFB6FA6D5C7C1C3800103264E9C68145CCCDCB973199D65513E176EB948912265CA94C928070CE359EE9C3871E218E51021C43AD227213019FBE40F4C401E6014147790366D5AF4432660941D8714E2C2850BC6C50E14B7FCDE29A0CF8FED7C8C7AC5C76FDEBC2950A000A6C4DCC9932737EFA3407CCCCC850A15320A16F2E6CDDBBA756B26EC7C3C78F0E0A0F8F8E0C183A68FD92889EF201BC8BCC9B0ED7CCCB84A7D1C8AA1C77CFFFDF77994B048E4C89173E4C8615C69B742D240D4881B37AEB1674AD8225DBA745CDFFFFBBFFF33AE77A0840A1F037B488F5DB66C59ECD8B1CDEF5505E2E3DF7EFBCDCBCBCB7C4B9989840913CA1BE3CEFB98FD247132BF056612888FAB57AF5EAD5A35A9B7437DECA1E063323CA3A0842D90B147F9B86DDBB64659095BFCE73FFFE1FA7AB88F91D0152BD7AF5F978F6F03F131228C193366EAD4A9CB952B273510888FFFFBDFFF7EF7DD77BD7BF77EF2E4C9E3C78F3B76EC183F7E7C51A3F33EDEBE7D3B2B9F366D1A4BC937C077ECD8417D203E6EDFBE3D5BB97FFFBE394430511F7B28EAE3308CFA5809193CDFC7CD9A358B6A03D23A77EE1CF524B5458A149179A05BB76EB6F625C5FCF1C71FCD6F4B4183060D9A366D2AD3356AD4C0DF322DCC9F3F3F458A14DF7FFF3D4BA179F30B5CBFFFFE7BDAB469651AC68C1943E0950FA4D984795FF8FAFA62D0C58B174BF1D8B163D1A245BB7AF52AD3DC41C8384992243162C4206B67FF913AF51B366C601E513B787B7BB321BCCEF491234748D0D919942FDB32511F7B28EAE3308CFA5809193CDFC78F1E3D426C26E4C76FDEBC917A1F1F1F990730A2F9A36120B3BC76ED9ACC29A03AF3C15E77EFDEF5FF3C3E6A30FDC58B17E54BCEC2D3A74F6FDEBC69143E7C207BBE6D7D5681ED4ADEBF7FCF6C1C851491285BB7FDE93033B3F23367CEB0B8FC84E9C58B17B6BF516659D6C0ED26458E85996D8F48501F3B00FD69D8B06146C1C5A88FC330EA63256470C8C757AE5C2954A8D0BFFFFD6FA31C7C04E263C516F5B10384E4EF9DD4C76118F5B1123238E463D7A13E0E22EA6307501F0BAF5FBF5EBC78F1E73DF65D01F5B1931C3972C4153F930D7BA88F4317EA6307081B3EDEB76F5FC78E1D3B74E8C0EBC891232F5EBC683404993B77EE7077C9D7086D193C7870EDDAB5EDBEA1F019BC7CF972CE9C390D1A34A853A7CED8B1639F3E7D6A340419F3731ACF24CCF878FAF4E97424E8DEBDFBB265CB42ECDF0E7EF9E59762C58A19057F6CD9B2257FFEFCE6E3999CE1D5AB57C8AC51A346B56AD51A356A94AFAFAFD11064EC1E501CC2A88F4317EA6307081B3EEED6AD5B8C18317AF4E8D1BC79F32C59B2448B16CDBF5903E7EFBFFFFEA88FC78F1F4F6477D2C7C4AF162D5AC48F1FBF6BD7AEEC6AD6AC597FFFFD77A32D68AC5DBBB66EDDBAB6DFF5F034C2868F09B269D3A6A597366CD8B06AD5AAD1A347C791F2204357D3B265CB407C4CCFAC54A992F9C51C67E8D4A953CC983119B9F6EEDD3B57AE5C8E7E7D843D41E4B65F200A61D4C7A10BF5B103840D1FE3B9D4A953CB34D1335DBA7464A252243A03132F5EBC30C7F5888DDBC9FCE23ED8F9983965295ECDA52C6BFAA79205CD1FE199D0442E25BFD8B313A78F8F4F942851E4E9B2F0ECD9337692F9EDF20C96321FC5CE7A589B6C8ED7C99327FFF4D34F64D5766BE6A0ECC60AAC5356C2E26693EC9BACCD45840D1F7369D2A4493360C000A6398D5BB76EFDF2CB2FA74D9B2645B95E5C1AF8676E0B4CD397FC5F4A5E5944BA84540235B657D0B668E7635668B7ACDDA5976B6AD70FA9042658D07F17857BF7EE312E1C3D7AB41459C3C3870F5924E85D71C18205AC819181DDFEB039DBBD05B32BDAF6523927B2B6CFC3211F73BC43870E3D7CF8B0510E3ED4C741447DEC00CD9A35EBD5AB9751703121E3632852A44815CB83DA0193115E274C98903163468E94183165CA94C2850B1376F3E4C9337DFA74092BB63EBE7CF972B972E5E44FCD4864DBB76F2FE1835C79C89021C42316CC962D5BDFBE7DCD2873FAF469B6983E7DFA9C3973162850A050A142B6FFB27EFDFAF54891220D1F3EDC285B40CF75EAD4410052BC7BF76EC58A1589356C6BDCB871B973E76654D1B8716312913E7DFA7879797DFBEDB7F9F2E5FBF9E79FE5077FACB349932659B264A172C48811B2271C5DBD7AF556AE5CD9A3470F7686DDF8EBAFBFAE5DBB56BF7E7D8AA435376EDCB06C2DF8097B3E06CE6A9C3871482899DEB3670FD76BF5EAD55C1AF99125679BCE40AF669192254B2E5AB448F4C305E252E2805F7FFD956C9B19D6AD5B6759DF3F6F3BD36426DC6BD7AE250B27B2336DEBE353A74E910D73C9B8B8EBD7AFA7E6D0A143E5CB9737BFDF70F1E2C5BA75EBB272CE39476AFEC864ECD8B183060D624F487CB366CD3A70E040BBA72CE1518E881BC1D42D2C59B2847E6576457C490CDDB0610307386BD62C56C58638F6070F1ED087B9D1E88A9C84A2458B4A57649DAD5AB5E28EE0BE608BE67A882D7FFCF107B749A64C99B8293809CCD9A2450B3A76E5CA953FE34325C1211FBBE5F74E8A2DEA630FC5A53E26D1F7F5F595879E13710804D244B48A1B372E324672CB962D232248E8DCB76F1F1AFBEEBBEFB66DDBC66CA68FC965712A3E96CFD53A74E850B060417136113356AC5884A7A54B9732E846B1F2BF878457BCD8B469531CCC567EF8E107F46FFB861EB19BB01B356A54A295195277EEDC495C333372D6490E4D60256CB1FFBC9E387182F0CAFE1C3C78F0975F7E89193326F36CDCB8912C849564C890015B13F4BDBDBD93264D4A146625E4282952A4209346C098837149E2C48939E7FDFBF7E7847057A064D95CB013267D4C6F891831A27CB8C028870B942851A2DF7EFB8D411EAE1A33660C17852B8E657BF6ECC975476CCCC900887E42876CD3A60D578173FEE38F3FCA5FF1D061A2478F6EEA134FC48B174F7A9AE9630CCA9D82CC2E5CB8C046A527D31FA2458B26BF2B6550952449127A14AA5EB870213D81052537C5766C9A0E4CAF18356A54840811E6CF9F4FBD0927A751A34674DDDEBD7BCB9395E0C89123744536214546096CEBCC9933744E0E8A221D9BB5B1F563C78E75EEDC9943E040A8A7BFA125AE7BF5EAD5F7EFDFCFFE70D4CC20EBE1A64B9020418D1A3538090465CE15C2EEDEBD3BFBC64966786197610791B0EA63FA1E83723A035DCBA8FA144199933E3C67CE9CCF3BD5C182FAD84371A98FBFFEFA6B6E78C20737094375F3AFDC88CB04176E4B29DA428A903C7972A22AD3E2630207A1AD6CD9B2660663E763E697604A5C233F2047619A20C576E5BB36A8173B9276336D0B06259D250E12D0D9222B640DA952A5329FB943D8929C1E97E354EE4CA917082858D6CC75C8AD294A5E05689B00F7F4E953F13129B2A4CBBB76EDE2A0CCBF7B1B366C185BB74B98828BB0E4635CB877EF5E3A43A14285100C118D26D4F8D5575FCD9D3B57E6245944360CE9A4485F6AD8B021222444E263BA22C2634F68E2BA3022ECD7AF1FD341F1314927A328BB6F18D8FAB8478F1EE6FFDC01BB1A3972E4AD5BB7328D8FD961F3A113745D4666326D42DF2671A7C7B2698695F407BA4DFEFCF9A53303E3BC12254AB0F31C2C2309BB272022C2F8F1E39BFD933122E7410E0166CF9ECD8040FA183E665C2BF70EF93D239BC183074B5ECED1B11249AF1D25ECF99873C21D4DC78B112306678F019CFFA74EDAF2F8F163220C63A0E2C58B73D566CD9A15C84DCD2089FD74E3E7FDEA630FC5A53EF6F2F2226E12B0C877896B1465F84F5C26AADA0E24E9CD6BD6AC1939722459A384242AC5C7D9B3674F9830A1443DC1CEC712A7A409ED55AC5891894B972EC58E1DFBCF3FFFE4BE621CC034EB97796C6141A243EDDAB5C945E43302C213919ACC8610497C246FA0F2EAD5AB583F53A64C3366CC306F4B3B1FB76EDD9A20D8BC7973E22FB0571CC8AD5BB7C4C7E6A78357AE5CE1A00E1C382045646046FF60272CF9983C98D38B1491D9E5CB97A5091FA35233A73C7CF870D4A851F7ECD923452044D279708CF898F451EAD99F92254BCABFDF04C5C7F422924842335796A19EF4375B1FB336FA1E1302179D758ABF59C4F6EB206CB472E5CA46C106D649CA4BA28C237133C549932621488E4E4603847866637324DF69D3A69D3871A2F95C273B1FD39339584B37FC0704FCE5975F8A68F1719F3E7D64364E23B36DDCB8518AAB56AD629F6D1F5615749CF731232447EF022E0A274786B94230FA581E46CD409CB3BA69D3264281DD68CC164E1A618A4B4068E24E671448C7201099C66559DB275DAB8F03427D1C429F1F9F3A758AA0B06CD932A689CB850B17367D4C8F970FBA060D1AF4AF7FFD8BD063EBE371E3C6D1B9F1B4CC0C81FB58FE4997DB3B7DFAF498B554A952ACB06AD5AA844899C73FAC8A289F2449125C4B4C24F4CBBB8E2C68A60B0C2C060C18400D5646CFD4D8F998FB0D6D20009C2D600B8285FA18B8401CB5333E4687E8C7EECD403B1FEFDEBD1B1F93F64911480DB9467430FF3E2E5DBAB41874C182059FF43110FDFFFDEF7FE33642F3D8B163A9B1F571BE7CF9C8E02D33FE03FB89BCE55D108C68E7E34A952A19057FB095366DDA9001B303AC99F52F5AB468F5EAD56CD4B42F7D9251239D8AFBEBCC9933D4D8F9981B2451A244462FB4C00C728F78A08F3964C2023B963B776E3F477EC94648891C3932F7FB891327A426187DFCC71F7F30309237D8080BF4A251A34649931DEC7F83060D38E10CD48C2A4BDFF8EAABAFC68F1F2FC56EDDBA216C9906677CCCE6ECEE82CF407DEC005C45F32F3E5C4D88F9989B30201FCF9C3993DE2C5195DEC6FED8FA78C78E1DCC409C255E58660F928F376CD8C03AC98C09D9A44D76DF320516379782DF7EFB0DD71204D92B145EB76E5DD64324359AAD707FE27846CD4C3374B07D837AC89021A952A5F2BF21F53138EF63F3F3635BEC7CCC380993996F5F43BB76ED88835C6BF1B1E9004651740F592742221392C84BF7EBD7AFDF477D2CB02A622B33306DEB6352220694E6988FDECEA86ECB962D4C7FD2C77439F35E007A97F898E96AD5AAD10F59A466CD9AEC9BCC20DCBF7F9F43A0DF32BD64C912BAA5E963F9E63FE74D8AB678828FCF9F3FCF9E330CE2888E1C3952A14285081122A0076F6F6FBB630C1C06BB5C0B2E01C1A153A74E0C5382D1C70C74F0F1C48913B126FD96E020A370FFD07362C58A255F1631A19F304493BBAF69D3A671E2C489142912918D5120630EF131679E22A7823320DD0FB853962E5D4A7EC209A1EBD2C7E49C1C3F7E1C89728D08AAACC71C9C7D1EEA63074819567EEF4427DE6981BC04019380CADD6EE7639C4432B177EF5EBA3E922338DAF9983E4A644C9830217732F541F1F1FEFDFB096A4C7333F4E8D183D59A5FDA12B8F96962DF2E5DBAB466CD9AA449939A6F28CD9F3F9F71376CDFBE5D6A162F5ECCEE11C4091FDC7BF2072CC880AC05F19F3B770E0D335AE728C8E3B9B53810E6640666531F43C8F818AA54A9C2EDF3D75F7FA149F440B0663047BDF8586C7DF1E2C5DEBD7BE34BAC4913D78B6BDDB97367022EC26611724D3B1FB3B6DF7FFF1DE1B133F27B7A2A6D7D4C57F9F6DB6F09CAAC84D0499CE5CCCB7B279FF4F19F7FFE49BFDDB66D1B82DCBC7933FB5FBD7A75E9DE64C6DF7FFF3DBB2A7D09962F5FCEB65833BD8E9E23BFFBE278BFF9E61BE661004A57E46069E2366182AE48DEC65212D63DC1C7C29D3B770811DC415F7CF145FAF4E9B943D9C9CF801109E787952018F4C96E04D7E7C7389E1342782C52A4889982FBE7D0A143641AC407A36C85C509085C0E66E082725939D5041CD62C3E4E9E3C399D934BCC38BE6AD5AA12C4B80AB163C72604B1C571E3C631D4901F86B120BD14791349081A661AF079A88F1D206CF8987B83B84607026C478F94AFB302118190644A940123C50409127879799107D4A85143DEE7C1A0C86FDFBE7D4C3F7EFCB868D1A234318DF310ADE8BC7BF7EEACD91C56FFFAEBAFF26519622E166CD3A6CDB061C3B83108E8B972E57A6AF304AE0B172E1034D9432217A66FD2A489F9C130319738CBDD628E180816745F8617D0BA756B4983D8252E136B60302BEF76E2F574E9D2B13666637132662A19C5E7CE9DDBFCF089F0CD41996F6D2D5BB68C45CCAFAA052F61C3C7740F520D7340630B26E32A9B9F29C0EDDBB7E90F648740D3D8B163456CE263D22984C425E36A32A8926EC32B818FF9E9818CF3482E9947AE08F3132899C052F9F3E7970E90356BD6DDBB77538917E9B122300E70FAF4E914590FF3942B578E2D520F58C7F66FE1E93F24D346C1027356AC5891ADD315599C0E6C4A913E493460206B8ED8482BD98AEC099D56DEF344CFE5CB9767716696D1095E67D020771FF3739BC8C1A216F3377E376EDCC004E60341376DDAC41933936C8770D4C76C85E40F89B25430F2D5575FF11A2C3EE63492B6A2C0B871E3CA3F3372235323C33B5B1806B151C6D946D90AB73F36353B92FFF7ABCDE13E7D9B08C92526E0D0D5C91FA49EAE4B7C6659A6F1318BC877089C477DEC0061C3C7F42DA2099D0C245130417876D92AE18C0E8DAB881ACC6F8AF3D6AD5B124F81A524D6D82ECE9CB66FDDE048D16AC78E1D6DFFD69478F1F5D75FFB7FC789F07DFAF469DB800EEC3911B067CF9E46D9027BC59CF2B55E1306BFACD33684A16AD20ED214F6C4A8B2441FF383310E9083324DCF1A3E2F23090A61C3C7C009FC684240DFE08A88696CA19F9C3F7FDEF6C348F1F1DAB56BE93C84575E8D062BF401EA89B9ACD3BC22B6BD8BFA4B972E318FD999B988765B672719E7B175DB4A9449E7310A365DD40E96A28331B0B35D966DE5CC99B355AB5646D9028B9F3973C67C875360F7E88A728308742DEE29E6B4DD1C87691E3B1B62FFCDAE18D0C90C0A9F911FB3B70C4D48EBB172B162C556AC58C118E23398366D1A4313B61E274E9CA1438732E1BC8FB98EEC52E1C285F7ECD9C390A5408102041C2E1CE315FF3EFEF7BFFFCD468F1E3D6A94ADA055C658723E3FEA63194BC11F7FFCC1588AB04067E358F2E4C9D3C00AC3A93A966F1D8A8FEDE2CF67A33E7680B0E163F7D2BB776F9CBA75EB566E7B925112149254FF51F8A36CD8B02152A448478E1C31CAA19630E363E7317D6C944309BB76ED8A102182ED37C63D93CFF031E0AABD7BF7326E66AC8CF6B83A0E8D06183C0D1C3830468C1864B1CD9B376714155C9F1F133722468C286F419F3C79D2CBCBAB50A142CB962DA35272655B3031A30ABB63A7C3972F5F3E7FFEFC520CDCC7AC597CCCB83361C2844D9B365D6803A334E6511FBB0DF5B1F330D2ECDEBD7BEAD4A9B172962C595AB66C49DA6AB47D8ACE9D3B57A95285F4C228875AD4C72604EBF4E9D39B4F7A092DFCF6DB6F246A9EDF151DF23189E6E2C58B2F5CB820458E6EF6ECD9DCA759B366B57D4BE393604A4448F28A3845E4C1E5E355AB567DFBEDB7E6973C4E9D3A95264D1A6AAA56AD6ABE9D60C2E1D05AB66C59DBCB440EF0DD77DF99CF21EFD3A70FDD4FA621201F33C2C8902143D7AE5DA5DE16F5B1DB285DBA7493264D8C828B09AB3E16B843B8C3E9E58E8EBBDF58DF240FD5A88F6D79F1E28543DDC013A02B8251F0601CF2311E6566F3BBEE0272327F721644B89AD7AE5DB3B56070F918ED313E285CB8F0FEFDFBAF5CB9B274E9528C1BC7C2A2458B4C8F9A50F9FDF7DF57AF5E1D859F3D7B76FEFCF93FFDF453AE5CB9CC0F3B66CD9AF5E38F3FE2D413274E60F4807CCCF4E0C18363C78EBD7CF9720E8D4DFFF1C71FC78F1FA75E7D1C2E08DB3E0EE7A88F9590C1791F070BC1E563D8B56B57C18205234488103972E4D4A953A3C99B376F0E1C38306AD4A81FFD31EADAB56B73E6CCF9F5D75FB303C895AE6EFBBD10861AD83D62C48859B2642143F8EBAFBFE2C78F6F7E7CB66EDDBA4C9932C970845163BF7EFD180D4489122566CC98F9F3E797EF7E627A56EBE8902520D4C71E8AFA380CA33E564286B0E7632091C59DF2069B5165F1A5FFB7AC85376FDEC8FC1FFD7C41D6264D64F6B6F37077D82D4291996DB765B78893A88F3D147CCC00309F1216F9E1871F3CCAC7E404C69E29618B0C1932843D1F8761D4C71ECA88112332296117F3B78C6EA776EDDAC63E296111467EFE7FF3F351D4C76E477DEC00DEDEDE1B366C300A8AA2286108F5B1DB511F3B4048FEDE495114258479F7EE9D2BBEEBAE3E0E22EA6307501F2B8AA2388AFA3888A88F1D407DAC288AE228EAE320A23E7600F5B1A2288AA3A88F8388FAD801D4C78AA28455FCFCFCF6EDDB175C8FB6B0C5137CFCF2E54BFF0FF0F234D4C70E903E7D7ACE9751501445094384AEEF574F9E3CB99405798CF1A2458B027F8269FBF6ED4B9428C19E18658F447DAC288AA284321F57AE5C3973E6CCF3E6CD1B356A54CB962DA3478F5EA85021FFFFDC6AB278F1E28913277AF803F0D5C78AA2284AE8F371F9F2E58DC2870FFBF6ED4B98302135F2244B5E51EFFBF7EF1F3F7EFCF2E54B6A284A02CD84DD132E99E1DDBB77322D8FCF04F38998C082B2C2478F1E89D199FFC58B1776B3398FFA5851144509DD3E86B163C77EFFFDF7F230B2112346346AD4A863C78E5F7DF5D5CF3FFF4C4D9F3E7DAA54A922B3A54F9FDE7CE3FAF6EDDB885C1EF4F4DFFFFEB778F1E2B163C78E1933264B5DB97245E6A95AB5EAC891238B152BF6E5975F0E1F3EFCE1C387D5AA554B902041BC78F14A972E8D986536E7511F2B8AA228A1DEC7870F1FFEF6DB6FE561DDBD7AF58A12254ADEBC7977EFDEBD67CF1E6A7EFDF5D702050A3071E4C891A851A3AE5FBFFE9F653E7C9833674EAC58B1EEDEBDFBF4E9D30C1932B46BD7EEC68D1B9818FB56A85041E62954A850F4E8D11B366C48167EEAD4A9D1A34733E7C58B176FDDBAB56AD52AFD3F09F7C0C508E293601545514217A1DDC77894FC78E6CC994CE36392D76BD7AE4913983E7EFBF66DEEDCB9CD7FB22F59B264FDFAF5DFBF7FBF64C91252DEFBF7EF4BFD9F7FFE49362C5FC9C6C7A85DDEA986DEBD7BA7499346FE173978511F3B80FEDE495194B00A791E39DFE3C78F8D72F011323E3E74E810F9F1F2E5CB99C6C776FF576BFA18C68E1D9B2851A2070F1E5CBD7A95E478F5EAD5540E1E3C3862C488458A14296A2167CE9C11224490B7ACF1719B366D2C8BFE034B911F23CE3E7DFA3008306A8303F5B10304E4637AB0AFAFAF7C6B40983B77EE9123478C42D078F1E285ED682E70EEDEBD3B72E448DBEFF73F7DFAD4EEC1B31FBDAFD8CF61C386D9BDC1C29CB6FFD16DCBBC79F30E1F3E6C141445511C27647C3C79F2E42851A290E5331DB88F89B49122455AB56AD5B469D392264D4AF0A472E8D0A1F1E3C7DFBA75EB5F56F6EEDD2BF3DBF91838226263B66CD9D0E7F5EBD78D5AA7511F3BC0477DBC63C70EAE68FAF4E9D3A54BD7A2450BB160D5AA55172C58203304912D5BB6142E5C38F09FD0999C3A758A2D3E7BF64C8AEFDEBD2B58B0E09F7FFE294560A8C840CFFF170D18FFA64E9DDA4ED553A74E6DD0A08151F85F3890F9F3E71B05455114C709011F93C87A7979952B574EBEF01CB88F99A774E9D2D5AB572F5BB66CBB76EDA4F28F3FFE881123C6850B17A4688B9D8FCDCC0713C78C1973C9922552741EF5B1037CD4C72B56ACC8972FDF9B376FCE9F3F8F147BF6EC49E567F8989CF5EFBFFF360A9FC2CEC7D0B56BD766CD9A19054B776CDFBEBD51B0E1A33E663DE6A72676A88F1545711217F93853A64CB367CF262DC6A9891327A678F9F265690DDCC73067CE9CEFBEFB2E72E4C8FBF6ED931A5F5F5F227C891225488DF6EFDFBF7CF9F28103078A7AED7C4C905FBA74E9F1E3C7D974F4E8D11D7D2B3410D4C70E10888F657ADCB87132031A1B3C7870AD5AB5E801F4183F3F3F4EB47CD2402E8B2977EFDE4DD7212B2527EEDEBD3B57FDE4C993AD5AB592C1DDCE9D3BAB54A9923F7F7E3A04C5BD7BF7CAAAAA55AB8689A9F1EFE383070F264C9850444BEFCF9A352BFD8C51C2F8F1E3E9613FFFFCF3CA952B69C2C71C0595458B166527E59D9675EBD60D19328409F6CDDBDB9B91237B457FA5C6F431AB1A33660CABAA58B1E29A356BA85114252C41F02125205819E5E0C3153E1E316244160B79F2E4213CCE9C39F3E1C387469BE53DBF3A75EA18050BA3468D6ADEBCB951F8F0C1C7C7A7489122A4C8B6C74B78AC57AF1E1112BBE7CD9B77CA942952DFB265CB912347CA342C5CB810F723CEECD9B3336DF741A133A88F1D20701F93E0D6AE5DBB63C78E4CA3B154A9526DDDBA75D3A64D71E2C4B974E952A952A5E48B8BF4F8244992DCBA75AB69D3A6C3870FBF77EFDE7FFEF31FAEE8AE5DBB72E5CAF5FAF56B3A4AF2E4C9F12209F76FBFFDC64DB26AD5AA3D7BF650CFB88C35B312FF3EA65765CB966DEDDAB54CE3665A59D5B469D32A55AA74E5CA9503070EA4489182093ADC37DF7CC38080C15DC3860DA5834E9F3EBD6EDDBA4C302A6436F684C101FD8FBD327DCC4890D1C0D5AB57D13CE721E81F752B8A122A085DDFAF0E93A88F1DE0CE9D3BFEDFD7C5C73163C6C4550CD390AE3C8D1D8DCD9A358B0994962143861D3B76308C22DFA586715CCD9A35C944FBF6EDCBFC274E9C909CD8F4F11F7FFC51B26449BB3197AFAFEFD9B36711678E1C3928FAF73120EF468D1A31D1BB77EF3E7DFAB08662C58A31B1DA022BC7ACF818E3B23666232D6697487C4D1F0F1830C0EE5D6EF131AB2A58B020ADB22A46858B172F36E65014254CA03E763BEA6367C1C7993265DABB77EF850B17C4AC80C6E4F3634C96356BD63FFFFC134F73A2716AD9B265E51BF9D874CC98312CDBB265CB172F5E983E9E346952AD5AB52CAB31605579F3E66DD6AC19C92E2EA4E6A33EE676C2B56C882D9210B3AA2C59B260E8815670BFEDE7C7E4EE3973E67CF9F2A5E9E356AD5A319B656506E263527F461524F4B21E387DFAB43187A2286102F5B1DB511F3B8BEDE7C726FE7DCC74F3E6CD1B376E9C366D5AF97A3DBEE4955415891E3E7CD8F4F1CA952BB365CB269F6A3C7AF40817A255799ACC860D1B02F131DB2247EFD5AB17F29695E36F5C6BB6F21AB88F870E1D5ABD7A757277A6E5C318F13113E5CA95934F944156A5284A58427DEC76D4C7CE12741FFFE73FFFF9E69B6F7EF9E517A6DFBC79D3BA75EB112346F4EFDF3F73E6CCF7EEDD337D8CAD59042FF6EDDB37478E1CA4CE4C57A85081649A0D615C16FFA88F61FCF8F111234644AB52648BD877C0800113264C205196CF8F03F131ADC99327274BEED6AD1B0266274D1F6FDFBE9D05C98C6555C1F8933B45513C01F5B1DB511F3BC0CD9B37FD3F3783CA8D1B371A052B7FFDF5973CD805486DE5874CE8336EDCB83B76EC90FA73E7CE4D9C3871C68C19F2DC35944CFA2BA9E7FDFBF7172E5C48EBD9B367293E79F20429CE9D3BF7F2E5CB9B376FA606A1AE59B3C67C7BDC8405E7CD9BC7AA8CB2652B3367CE1C3D7AF4EEDDBB497CD98755AB56215A9AEEDEBDCBBEB1C50B172ED02AF3235A76E95FFFFAD7EDDBB729DA1EC8993367686258B077EF5EC9A115450933A88FDD8EFAD8013EFAFDEAA0433E4A522B6F562B8AA278140CD619EE07EF032005F57110511F3B80933E9E33678EBCF7AB288A127E501F0711F5B10338E9634551947088FA3888A88F1D407DAC288AE228EAE320A23E7600F5B1A2288AA3A88F8388FAD801F071A244893AF883DE66CC61791CA6516B837C5759F0F3F3336A6D3873E68CD16CA16BD7AE468395FDFBF71B6D16060F1E6C345891EF5D9B4C9C38D168B0E2EDED6DB45998376F9ED160451E2866B272E54AA3C1CAB871E38C360BDBB66D331AACFCF6DB6F469B8543870E190D563A75EA64B459B870E182D16083EDF7DDEEDCB963D4DA60FB37E02F5FBE346A6DB07B5649B76EDD8C062BE613E485214386180D566CFF290B264F9E6C345859B66C99D16661FEFCF9468315F95374937FFFFBDF468395B163C71A6D16B66FDF6E3458E9DFBFBFD166E1C891234683157932ABC9A54B978C061BE4DFD4857BF7EE19B536D87E79E7D5AB5746AD0DA72CCF4B37E9D1A387D160C5FC4F3A61E8D0A1468315BB5F1F4C9932C568B0F2C71F7F186D16162E5C68345899316386D16661F5EAD5468395D1A3471B6D16FEFAEB2FA3C14ABF7EFD8C360B478F1E351A6C30DA2C5CBE7CD9A8B5417E2528DCBF7FDFA8B5C1F64780AF5FBF366A6D3871E284D16CA167CF9E468315F3670EC2F0E1C38D062B1B366C30DA2CFCFEFBEF468315BBFF1A5AB46891D16065DAB469469B85356BD6180D1D3A346CD83052A44876673B58101F67CB96CDD8921200499224511F0795C3870F4F9830818E6587ED43349181516BC37FFFFB5FA3D9F29C0DA3D606BB98C55D613458993D7BB6D166C1CBCBCB68B0227F086152A04001A3C18ADDFF77D6AC59D368B052B97265A3CD02E1DE68B0922B572EA3CDC2A851A38C062B0C568C360B0456A3C1CAD75F7F6DB459C0E846830DF2C051E1ECD9B346AD0DC78E1D339A2DBF04336A6D9067A798448E1CD968B062274B865946839581FFFB90B2C2850B1B0D565AB56A65B459A853A78ED160A562C58A469B85CE9D3B1B0D56E4B9A72663C68C311AAC244890C068B3B078F162A3C1CA975F7E69B459D8B16387D16083EDCFF3CE9F3F6FD4DA60FBE7D6CF9E3D336A6DB0FBEF90A851A31A0D56CC07CE08A953A7361AAC0C1830C068B350B46851A3C14A8B162D8C360BF5EAD5331AAC54A850C168B3C000CB68B042A037DA2C3070341AACC48B17CF68B3C008C068B0C1F62937FFF9CF7F8C5A1B6C07828C7E8C5A1B0E1E3C68345B86DD46AD0DAB56AD329A2D448B16CD68B0825F8D360BE9D2A5331AACD80D2C4A9428613458B1FD933768D0A081D160A56CD9B2469B050658468385AFBEFA8AB1A3D1167C30D4F37F97291FA550A142C659F3243CD1C7C04D4BDFB2C368B3F0D1196C6F75306A6DF8E40C76BFF765F46D3458B1FB2DF29B376F8C062B9F9C417E946CC2FC46831579E69709BB643458F9E40C60B459F8E4C904A3D6063D9926469B053D99267A324D3EE364DAED6470E17F4F948F6277053D040FF5B1A2288AA2842BD4C78AA2288AE27ED4C78AA2288AE27ED4C78AA2288AE27ED4C78AA2288AE27ED4C78AA2288AE27ED4C78AA2288AE27ED4C78AA2288AE27ED4C78AA2288AE27ED4C78AA2288AE27ED4C78AA2288AE27ED4C78AA2288AE27ED4C78AA2288AE27ED4C78AA2288AE27ED4C78AA2288AE27ED4C78AA2288AE27ED4C78AA2288AE27ED4C78AA2288AE27ED4C78AA2288AE27ED4C78AA2288AE27ED4C78AA2288AE27ED4C78AA2288AE27ED4C78AA2288AE27ED4C78AA2288AE27ED4C78AA2288AE27ED4C78AA2288AE27ED4C78AA2288AE27ED4C78AA2288AE27ED4C78AA2288AE27ED4C78AA2288AE27ED4C78AA2288AE27ED4C78AA2288AE27ED4C78AA2288AE27ED4C78AA2288AE27ED4C78AA2288AE27ED4C78AA2288AE27ED4C78AA2288AE27ED4C78AA2288AE27ED4C78AA2288AE26E3E7CF8FFFC8BBE2B93948E5E0000000049454E44AE426082);