SET @analysis_id = '64d43d5c-9c8b-4c97-974a-f51df00078b6';

INSERT INTO components (dtype, id, border, is_visible, name, father_id, code, analysis_id) VALUES
("Controller","6e728ed3-ea6c-488e-8d60-31953e8e1065",1,1,"JAXA Ground Station",NULL,"C.01",@analysis_id),
("Controller","2ce7e0d8-7004-441c-9c07-b6be9c6859f9",1,1,"NASA Ground Station",NULL,"C.02",@analysis_id),
("Controller","bed4a94f-fd62-472c-a933-1f3dbfdd6f7a",1,1,"International Space Station (ISS)",NULL,"C.03",@analysis_id),
("ControlledProcess","6de82071-9ede-4f45-9d91-8243999dcb21",1,1,"Autonomous H-II Transfer Vehicle (HTV)",NULL,"CP.01",@analysis_id);


INSERT INTO connections (id, style, source_id, target_id, code, analysis_id) VALUES
("17dc29b9-5ec5-4f74-9f79-b730198f1069",1,"6e728ed3-ea6c-488e-8d60-31953e8e1065","2ce7e0d8-7004-441c-9c07-b6be9c6859f9","Cn.01",@analysis_id),
("f239e9f8-bfac-4973-b649-fbb4ca1e67ec",1,"2ce7e0d8-7004-441c-9c07-b6be9c6859f9","6e728ed3-ea6c-488e-8d60-31953e8e1065","Cn.02",@analysis_id),
("f56f1fb5-cae5-4172-a3c1-8c1e3f673b05",1,"2ce7e0d8-7004-441c-9c07-b6be9c6859f9","bed4a94f-fd62-472c-a933-1f3dbfdd6f7a","Cn.03",@analysis_id),
("7a81b57a-9c3c-44bb-ae45-f064aebdc701",1,"bed4a94f-fd62-472c-a933-1f3dbfdd6f7a","2ce7e0d8-7004-441c-9c07-b6be9c6859f9","Cn.04",@analysis_id),
("0b6362b0-850c-4051-b323-7b7fdf3f0795",1,"bed4a94f-fd62-472c-a933-1f3dbfdd6f7a","6de82071-9ede-4f45-9d91-8243999dcb21","Cn.05",@analysis_id),
("906e5d72-4692-44ac-b6be-82dc42a43ef0",1,"6de82071-9ede-4f45-9d91-8243999dcb21","bed4a94f-fd62-472c-a933-1f3dbfdd6f7a","Cn.06",@analysis_id);


INSERT INTO interactions (id, interaction_type, name, code, connection_id) VALUES
("005abfc5-20f9-4245-bb0f-7f19126526df",0,"Abort","CA.01","17dc29b9-5ec5-4f74-9f79-b730198f1069"),
("3dfc6269-6eaf-4e14-be07-6bbcba6bc82e",0,"Retreat","CA.02","17dc29b9-5ec5-4f74-9f79-b730198f1069"),
("488ad11f-f299-479d-a18c-51cb862a0dff",0,"Hold","CA.03","17dc29b9-5ec5-4f74-9f79-b730198f1069"),
("5aa5e59a-e898-4358-a97e-f1595b1d3ef4",0,"FRGF Separation","CA.04","17dc29b9-5ec5-4f74-9f79-b730198f1069"),
("fd56dba6-2bd1-4d39-9a02-6ef39c31b204",1,"Acknowledgements","FB.01","f239e9f8-bfac-4973-b649-fbb4ca1e67ec"),
("f95c895e-ed53-4670-bdb6-b9383a623b2a",1,"HTV Status","FB.02","f239e9f8-bfac-4973-b649-fbb4ca1e67ec"),
("6617b9f4-faa0-4f00-8d39-ce478791366e",0,"Abort","CA.05","f56f1fb5-cae5-4172-a3c1-8c1e3f673b05"),
("7fd031d3-17c1-4019-ac5e-18c6ead15750",0,"Retreat","CA.06","f56f1fb5-cae5-4172-a3c1-8c1e3f673b05"),
("a6edde18-0edb-46c6-90d1-fbb3d47809d5",0,"Hold","CA.07","f56f1fb5-cae5-4172-a3c1-8c1e3f673b05"),
("c2706bd2-3714-49ef-8689-618564d16bfd",0,"FRGF Separation Enable","CA.08","f56f1fb5-cae5-4172-a3c1-8c1e3f673b05"),
("30565f1d-4b2c-49d7-a6a2-48b3deaf995e",0,"FRGF Separation Hold","CA.09","f56f1fb5-cae5-4172-a3c1-8c1e3f673b05"),
("be365b36-13b4-4c88-90a0-4b155959defa",0,"FRGF Separation","CA.10","f56f1fb5-cae5-4172-a3c1-8c1e3f673b05"),
("27ad4b3c-f272-4fd2-b74b-b5ae60019337",1,"HTV Mode","FB.03","7a81b57a-9c3c-44bb-ae45-f064aebdc701"),
("7a83eca0-1b45-444a-a44b-6ed739fb9dae",1,"HTV Fault Status","FB.04","7a81b57a-9c3c-44bb-ae45-f064aebdc701"),
("53de222e-41be-413f-be19-fcf64d5bf7dd",1,"Crew status","FB.05","7a81b57a-9c3c-44bb-ae45-f064aebdc701"),
("c71e202c-9614-453e-830c-f919faa974cd",1,"Telemetry","FB.06","7a81b57a-9c3c-44bb-ae45-f064aebdc701"),
("e112275d-070a-40be-bf6f-d437179cf756",0,"Free Drift","CA.11","0b6362b0-850c-4051-b323-7b7fdf3f0795"),
("17b3bfe8-40e0-4931-8ba7-0a3c6385a68d",0,"Capture","CA.12","0b6362b0-850c-4051-b323-7b7fdf3f0795"),
("2d175404-ac32-4062-b5f2-9b1ce507a23f",0,"Abort","CA.13","0b6362b0-850c-4051-b323-7b7fdf3f0795"),
("bd9bcb59-eae3-43c0-b446-434047f5c359",0,"Retreat","CA.14","0b6362b0-850c-4051-b323-7b7fdf3f0795"),
("d53536b6-ad59-4ac2-8bad-a5ec2d7007b0",0,"Hold","CA.15","0b6362b0-850c-4051-b323-7b7fdf3f0795"),
("7603ecfc-397a-4806-b462-a4b6628e9b28",0,"FRGF Separation Enable","CA.16","0b6362b0-850c-4051-b323-7b7fdf3f0795"),
("49aef116-6b15-4bf0-bf01-3a27bcf2592a",0,"FRGF Separation Inhibit","CA.17","0b6362b0-850c-4051-b323-7b7fdf3f0795"),
("04feeb27-0ee2-45c8-af01-71090dd3cdb1",0,"FRGF Separation","CA.18","0b6362b0-850c-4051-b323-7b7fdf3f0795"),
("fbd85dd9-e3f4-409c-8225-13223dabc46f",1,"HTV Mode","FB.07","906e5d72-4692-44ac-b6be-82dc42a43ef0"),
("a6f91fd0-e81f-46b2-85a7-508bc78afb23",1,"HTV Fault Status","FB.08","906e5d72-4692-44ac-b6be-82dc42a43ef0"),
("94aaab9f-81b6-4467-8d3b-af83b31fce14",1,"Position (visual)","FB.09","906e5d72-4692-44ac-b6be-82dc42a43ef0"),
("40279fba-fd05-4b06-90ff-6c6ef792f50b",1,"Speed (visual)","FB.10","906e5d72-4692-44ac-b6be-82dc42a43ef0");


INSERT INTO images (id, name, analysis_id, data) VALUES
(uuid(), 'B8.png', @analysis_id,
0x89504E470D0A1A0A0000000D4948445200000285000001B60802000000864D6B1D000000017352474200AECE1CE90000000467414D410000B18F0BFC61050000000970485973000012740000127401DE661F780000C22F49444154785EEC9D757CD4D8FB705FDC5D8A53A04029B0B8BB1677777777B7657197C5DDDDDDDDDDDD5D8A97A2EFD979427EF39D962E0BA5327DCE1FF3C9BDB9B9B99949EEB94F9249FEDF574551144551FC1AF5B1A2288AA2F83DEA6345511445F17BD4C78AA2288AE2F7A88F15455114C5EF511F2B8AA2288ADFA33E5614455114BF477DAC288AA2287E8FFA5851144551FC1EF5B1A2288AA2F83DEA6345511445F17BD4C78AA2288AE2F7A88F15455114C5EF511F2B8AA2288ADFA33E5614455114BF477DAC288AA2287E8FFA5851144551FC1EF5B1A2288AA2F83DEA6345511445F17BD4C78AA2288AE2F7A88F152F78F5EAD5CB972F8D840F3175EAD4CD9B371B097FC0C58B17FBF6EDFBE9D32723FDC3B8B9B9BD7EFDDA487CE3F3E7CF0F1E3CE0D3482B8AA2FC47D4C7CAD7274F9EDCBF7FDF4858E8DAB56BEBD6AD8D844FF0FEFDFB4489121D3E7CD8C3C3E3F637109831DB2FE8D5AB5793264DBE7CF9F2E8D12377777723D7A2DB172F5E1809AFA85BB76EFFFEFD8DC437F802A344894255465A5114E53FA23E0EECBC7DFB365BB66C091224409046D6AFF918993D7EFCD8487C63FBF6ED2E2E2E04A37BF6EC091932246E064747C751A3467913533E7CF8F0CD9B3746E267A1FE5BB76ED9C4C144FFB972E55ABF7EFDAB57AFF2E6CDBB6EDD3A63C6D7AF6DDAB461F38D8457A88F1545F91DA88F033B274F9ECC912347D5AA5551A391F56B3E1E3A74688D1A356CFC57A54A9591234732818F9D9D9D3F7EFCC8F4AA55AB62C58A75FCF8714B115B08A95D5D5DE7CE9D6BA47F16A2FFA851A3DA9C00D8BA756BC68C19098BD5C78AA2F813D4C7811A62C7CE9D3B0F1B366CD1A245050A14F0F0F0907C84D4A4491332AB55AB4681A74F9F4A3E313449325BB56A75E9D225C944C0E8AD6DDBB65DBA7499397366BA74E9887D11FC9A356BA40011739C3871AE5DBBC6B4B58FB157B264C976ECD8C134A1708F1E3DA8B967CF9E181419938C1D3B76F6ECD9EBD5ABC7B2D7AF5FFFF3CF3F5178CD9A35896B598406D04816F9FBEFBF258C664563C78E2507162F5ECCD65155F9F2E543850A55B66CD9F6EDDB4B2CCE67CB962D5911D3DEFBF8CE9D3B6C14B551FEE2C58B9269ED6336A74E9D3A0D1B36DCB973A7FA5851945F417D1CA8717373CB9225CBB973E7EEDEBD8B26F7EEDD2BF908297EFCF86866FEFCF9E8AA72E5CAA8FAE6CD9B146EDEBC399EC6BE2953A644935FBE7C295EBC7892244950D4DAB56B8F1D3B862F73E5CAB560C102536053A74EA5124A328DC012274E7CEAD4A9D3A74FB76BD72E5FBE7CCF9E3DA319458B164584D48CED4A972E8D26376EDC98264D1A44B87CF9F2E7CF9F1F3D7A34418204949F356BD69933672E5CB84080CB508045C8ECDEBD3B965DB66C19613D39B367CFC6E55BB66C79FBF62D6B0F1F3EFCA44993B0B8B401F7BBB8B81C3E7C98695694274F9E091326F02508B56AD5121FDFBA752B6BD6ACCD9A35A3425CCE2257AE5C21DFF4319BC0C863C08001D3A64D6314123A7468F5B1A2283F8DFA3850B372E5CADCB97363B24F9F3E356AD4889054F2111201EE870F1F983E74E850DAB46991D3F8F1E35D5D5DE5D627F45CA448918913278A8FFBF4E9639EA0F67CBE3A7FFEFC73E6CC91697C8CB7FEF8E30FAC9C346952099A094F3365CA74E2C4093CBD79F3E6D4A9539F3C79D2E67C353EC688E44BB26FDFBE8893F23063C60C5A283784F38926C964D9D1A34793E3F97CF5C2850B71B0C4CAF898101CADE27E21468C18E263B6AE50A142E6F696285162DCB8714C9B3EEED4A9136D902D3D7EFC78C48811D5C78AA2FC34EAE3C00B2241BA78B18C0594962A552AA255662124F3FA316171FAF4E909493B77EEDCAA552BC984C68D1BF7EAD54B7C3C7DFA7423D7938F89BCD1A1540BE6F96A04C950A077EFDE648E1C393252A448AC454096E7CF9FF7ECE3CC99339B5AAD56AD5A9C38718C05D2A72F59B2E4EBD7AFB175C1820525274A94285EFA98559B17B3C19BF3D5DDBA756BDEBCB96402D3E43061FA987ACC13D77AFD5851945F447D1C784121C4853367CE5C6361D1A24504A66BD7AE651642AA5FBFBE9CDD256CCD902103561E32640806924BBF7C123BFEFDF7DF5EFA18CD9B3E1E34681041A44C83F5F563D6953C79727C396BD6AC9C39734A386E223E6696246D7CDCA2450B0607D24213D6DBA44913097CCB952B67EDE33B77EE588A7C25224F9122C58D1B3724E98D8F870F1F5EA9522569150D2E52A4C8D8B16399367D8CA11B346820ABBB70E102430AF5B1A2283F8DFA38F03271E2442C283A0126100C4A43720482C4CD9875EFDEBD152A54A853A70E42C288E813C91D38700021A54993C6BC7E6CED630CEAE2E2B26BD72E14CE5284AA9B366D32E6FDAF8F5FBE7C49503E65CA945BB76E515BDFBE7DA979C78E1D7DFAF479F3E60DEDA13184DA070F1EA4A48D8F29463DAC9745B0E988112328DFB469D312254AECDBB76FCC983144CFE2E3B76FDFC68E1D7BDCB871D44099F1E3C757AC58D114B9373E3E7EFC38DB4B24CD2AFEFAEB2F5A6873FD78FDFAF58E8E8E4B972EDDB2650BA393B061C3AA8F1545F969D4C78114CCD4BD7B776B8F02B2C4BE6E6E6E93274F6656A74E9D1076CB962D0931A500962D59B22499356BD63C7DFAB46476ECD8D1DA672C4E6C4D99850B179E3A750AAF5BFF87989CEAD5AB4BF48C14B1A3C88F28BC72E5CA2C55A04081254B9688B08F1D3B86EC89922F5DBA74F1E2C5860D1B9A777AC3C68D1B99C52238186753DBDDBB7791253944CFD89D7AA4E49C3973C844EDEEEEEEC58A15B3FE0FD5BB77EFD8408C6BA4BF7EC5E593264D92E9DDBB77972A554A96352F5D0F183040A276B662C68C19E89CEF846FA64C99326CBB94511445F9AFA88F95DF48DBB66D3B74E86024FC01383559B264CF9F3F37D28AA228FE06F5B1F2BB2060AD5DBB3601B191F6072C5EBCD8BC034B5114C55FA13E5614455114BF477DAC288AA2287E8FFA5851144551FC1EF5B1A2288AA2F83DEA6345511445F17BD4C78AA2288AE2F7F8BD8F070C18E0ACF81C2D5BB67CF7EE9DF1E57A8B878747F5EAD58DC59C9D5D5D5D3F7CF8B07EFD7A23EDEC5CB264C913274E18A5BF7E7DFCF8F1E0C18353A54AC5ACFCF9F3AF5AB54A9E25D9AF5F3F290FA953A7BE77EF9E94170E1F3E9C2B572E6665CD9AD57C84886F422369ADF5134B9400CDB871E36427547C84FAF5EBEB736CFC097EEFE3902143FE3FC5E708162C98F95049EF41DB59B26499366DDA150B376FDEFCF2E5CBC2850BB365CB76D1428B162DD2A54B27B55DBB768DC265CB963D78F02085972F5F5EA44811F16BAD5AB53A74E820955CBD7A551EAD253C78F0204E9C383367CE6416A65FB972A531E3374397DDBD7B7799FEF4E953FBF6ED0F1D3A244925A013376E5C635F577C027A8C3367CE185FAEE2A7F8BD8FD92142850A755DF109E2C78FCFF76913A17E0F7C4CCCBA61C306236D011F134DCAF32C2F5CB8902C59B2E3C78F7FB6BCC0BF54A952F24E43E1CD9B3744D84CE0E38103074AA60DA74E9D0A13268CF5432E8567CF9E21E9D9B3679BEF75A0E4B973E7B0BEBCDF82354ABEE480BCAE1808D3376FDE8CF8591CCDBBBBBBD3660A2C5DBA548602A89771439E3C79C86413C82138BE75EB9665E97F1E583D67CE1C66EDD9B34772DEBE7DBB76ED5A1AC92063EEDCB98C21245FF19FC48811839D1C85183BBDF20BA44993862FD35F3DB42730E35F7C6C24945F2351A2443EE563DC366AD4A80C19323C7CF8901039458A14E6E3A06DF0C6C7AF5FBF6641447EECD83123EBEBD74B972E117657AF5EBD66CD9A2E2E2EF2ECE87EFDFA152C58B040810275EBD64D9A3469A74E9D503243819C3973D6AF5F9FCCE4C9932F5EBC9892FBF6ED632982F8DAB56B23DA92254B525583060D72E4C8410ECD5EB06001CDA63C99DBB76FA71E0AE35A9625E8A7032A53A60C1552499F3E7DBE7CF972FBF66D1A993B776EDAC327E8E93BFF8CF898719591567E814C9932A98FFD0FEA63BBE2BFFA387DFAF4D1A3478F6BA16DDBB664E2637E0E9271E2C4C99831E3D9B367C9641C8DB10E1E3CC83461256BA100D694E8131F478A14C95247DC62C58AC90BFC4D6EDEBC59B162C5881123D6A85183D0133B366AD468E4C8914CE042448E4D29D6B76F5FD42BB129438454A952DDBD7BF7C3870FA61A71A7BC02121F274C9870E3C68D4C934F5C2BC1F4C9932793244922CFA6A63664FCCF62963767888F99A006027DB9ECCD38C0C9C989F81B1F3341B44D015ACB5861EFDEBDB2ACE20F511FFB20EA637F85FAD8AEF889F89868920818E45C343EC68BD4B06AD52A8C2BB741DDB9732759B264F26A640F0F8F478F1E11EF22C523478E90838FBB77EF2E953C7BF68C1C1B88594F9C3881E708945929116A942851625940E4AEAEAE94C1A04D9A3491F29898009745283C7AF4E8C48913533242840804B528131FD3ECC78F1F4B61C607E896020C2CF8940678E9635A9E3D7BF6D5AB574B3EA6CF9C39F3AE5DBBF071DAB469CF9D3B4726013D9BBF66CD1A29A3F843D4C73E88FAD85FA13EB62B7CF07C35D1272169C99225D1180165993265886B25B2845BB76EB12ED3C7DF3B5F6DCD8A152B22478EFCE2C50B2C3863C68C27DF907180B58FAF5EBD9A3A75EA3367CE4C9D3A95081E5352AC57AF5E9E7D7CE3C60D425B86141420DEC5DCDEFB386FDEBC72E21AA82165CA942CE5D9C78C45A48CE20F09B83E665764CCCA7167A4FD01EA637F4520F571D3A64DE3C68DFBF6ED5B236DE1E6CD9BC47CB163C7DEBE7DBB916561E7CE9DD1A245C346729793406F9E3B776EFA7704636459983F7F7ECC9831FFF8E30FCF3731F9023EE863A6CF9E3D4B882CD2DDB66D9B838343E7CE9DE504321A6333FFD5C7C4B872EE979E089B523313EDDAB543F352CFF5EBD7E5462D0C2ADF3CC134E3801C3972F0EB0C1E3C98459820402F54A890671FD3C2F8F1E39F3C7992D10335C48B174F7CCC82FC347242DBF431C9B66DDB162C58909F8CB50C1D3A94901D01AB8F0316BEE3E3F7EFDF172B56CCD1D1B16BD7AE72DFA24989122572E5CA65DD1B007B57CF9E3DA34489C252B2E359C3F89501224750C4881139706AD4A871F9F26563DE3718B0528031E20F1EBF3E82FAD85F11487D5CA14285A04183DAA874C8902141820421BF5EBD7A469605FA683AF1F0E1C36FD9B2C5C8FAFA75D0A041C182051B3B76AC91FE0625A9817A162D5A6464F9223EEB63BAA472E5CAA14FA6E9621061D9B265E95080D10C6E968BB5DEF8181913BFCA22458A14B974E91299F4A4356BD6E4FB2433458A14989E4C6C5AB87061561D214204463372FF17B6CE93270F395452A952A5860D1BDAF89864870E1D08BB23458AC4AFE6ECEC2C3EA6B32356A6FE091326983E269F589CAE50565DA04001598BFA3860E13B3E6607937F2B840811C2BCC621A44E9D9A813B433A236D815123C3418E7D7657EB7FEDC393274FD01EBB68EBD6ADE93118145272C08001C6EC6F942A558AC561FAF4E946D6EF477DECAF501F1BB8BBBB67C9922543860C74D3C846BA7B931D3B76D089E386376FDE90A4BBE7582586B331FA993367A2478F8E18E832CA972F6F9EDDF535FE938F01E3A22B236101139369242C0FD3B00E0E984BBF03D6376D51C0A66FB286DA6411EB32AC5432CD75C9F96A5647A6F51A258762AC5AF259D6BA85241958508609EB56C97ACD81854C80B96AB33D0C3558D08C69AC0B2BFE10DFF1F1A3478FB066F2E4C9F168EEDCB9AD4F327BE9E3B56BD7626E5CCB58BC77EFDE46AE85952B5792C99855F6313E1935DA1CA40C5563C78E5DAD5A35565ABC7871EB3DFCB7A23EF657A88F0D18D272388D1A358A016CF0E0C1E7CE9D6BCCB0C0B1D7A85123F2A74D9B4687DEAC59B3B061C3AE5FBFDE98FD8DC18307870913062B7344314CBE73E78E31C3B7F8AF3EF63F888F8D84A27C1FDFF4719122455AB468415FB160C1026386573E46B1D5AB578F152BD6C3870F93254BE6ECEC6C3D161F3E7C3835CC9E3DDB487B05DD4EE8D0A10F1E3C58A9522586FE7226C917501FFB2BD4C7069D3B7766207CFDFAF59B376FA2D262C58A1933BE71EDDA3562628EB465CB964589128591ACCD552592ECDCC4D0C45E1C7BC87BF4E8D1C63CDF22E0FA78E7CE9D7A57B3F223F8B28F2F5CB8103366CCB469D3CAB931F0ECE3E7CF9F478C1891213B62EED0A1038372EB6B5B1B376EA4B7C99A35EBF70E4CE44DBF4101366AC9922504063F7283A48FA03EF657A88FFFE1DDBB774E4E4EF2C71B8E8D52A54A458F1EDDF31095716E90204118BD3A3838787EC2DCBE7DFB3826478E1CC934C36406CBB973E7B6F933EEEF26E0FA58517E105FF6F1FBF7EF7BF7EE4D773169D22499E5D9C73366CC081932E4D6AD5B993E72E448B060C11A376E2CB380017AF9F2E5E93AE2C68D4B1F6273910B8E1E3DCA10BF7FFFFE4C3F7EFC98A358DC2C737F2BEA637F85FAF81F18CC72084D9B364D923367CE64EE881123246982E792264D4A83EBD6AD6B6459D1BE7D7B026BF3B6C92A55AA10227BD6F66F457DACD83DBEEF63A613244890244912E9316C7CFCF9F3E782050B9A3984D1E9D3A76759B9DB5140C9BD7AF58A1A35AA5879FAF4E9D6F728308B51FEC993272559BF7E7DBA23DF79E2BAFAD85FA13EFEE7DA0F7E657C2A4F8F82BB77EF72CC3344B5B9AF074F330A0E172E5CFCF8F1AF5CB962E45AA02A6767E762C58A116A4B254B972EA5708F1E3D8C12BE82FA58B11B3E7CF8E0E56D4DBEEF639263C68C61783D78F060A66D7C7CFBF6ED102142301C97031FFAF4E943CEC2850BA580C99D3B77E4EF00E856A2616043D2A54B972F5FBED7AF5FCBE26BD7AE0D1D3AB43C2FEF77A33EF657A88FFF512947383E26A215984B4EA44891AC87A8481AE3B2FB1246870913A661C386D627ACD6AF5F4FA68B8B8B5145952AC58B17C7C72953A6342F3BF902EA63C53E20A0CC9B37AFA3A3238360EB7B9BC14F7CFCF2E5CB54A952C58E1DFBC99327363E1E366C18516FF6ECD98D23BF4A953C79F2D0C2B265CB4A011BF6EDDB172B562C02EEEBD7AF93DCBE7D7BD8B06193254B662C5CA54A891225F071F2E4C9E5CF7BBF15F5B1BF2250FB589E0CB560C102A693264D9AD60AD4CB31D6B56B5729CFA0B563C78E1897A8D7DDDDBD74E9D2112346B47E6C489D3A75388438628DE52DC48D1B974A76EDDA6514FAFDA88F15FBC0C3C3A36EDDBAF40CECCFB973E7E620324F56F9898F61D6AC5944BD7FFEF92787B9E9637A068EF4081122C8216F122D5A34DA29C6F54CA54A95E46E6AA69B376FCE6632703796B4103F7E7CBA0ECFFFE0F071D4C7FE8A40EAE37CF9F211BC72847FF9F2A554A95272B2DA9867E1FEFDFB71E2C421DE95C39E409932254B96948393116EE4C891F3E7CF2F73099D393E39746DEEDE5AB3660D9BD6B871630E5A23EB37A33E56EC060ECF254B9620AA60C18271B4D6AB57EFDAB56B1CB07EE563042C4F4A679C6DFA1893214ECFE796070E1C48B3C78D1BC7F4E3C78FADFFFE4485050A14A07BB97CF9B2FC3F2A6FDEBC6FFFF759819B376F2668AE55AB96CD25331F477DECAF085C3E9E3E7DFAFEFDFBB76DDB163E7C7806A1E4A02EA25EE25D2960C26150BB766D663144E550C1D951A34645C33217BF366CD83078F0E053A74E2529FF6E9A306182CC3561418EDBD8B1635BDFD9F15B111F13AC33E856143BA07AF5EA1CADECD5103D7A743C17295224A67DDFC7B06EDD3AE25AD66EFAB87DFBF61CFB66CF6072E9D2257A8F5CB972BD7CF9B250A142952B5766D91B376E60BE76EDDA31BCA07BA1E6A54B9712730F1B36CC58EC1BEFDEBD4B912285838303818191F57B501FFB2B02978FCB952BC7C103D1A245E3482067F2E4C98C436D9EFE2110DD7244B56EDD7AD5AA55E1C2856BD6AC196373639EE55DFDC82F4D9A348C702B56AC8874AFFCEF1D5E028BB375F266245F407CAC28F60A072FF12813BFDBC74F9E3C499224092375EBC70CD003942F5F5EAE4C49E4EAE4E4943C7972CF27C0102A2E27983E7DFAF4F8F1E3E3C78FCF52B49CF6478912851133BEA71856F6F2CF93D0B56B571691777EFF3ED4C7FE8AC0E563DCB970E1C2458B1699EEBC7CF9F2860D1B6C6E1811DCDDDDB76CD9C29E4AE18D1B377A8E718F1D3BB679F3E6D7AF5F1373839767961E3C784084FDBB07B926E26386DB04EE8A12D09932654ABF7EFD64AF466644A563C68C891C39B22FF898F077E7CE9D364FA2068EF74D9B368941D1333DC3F76446DF4249B969F4F1E3C7F433D3A64DC3AF18DA1CD91F3A7468EFDEBD126ADB80B059E4F6EDDB46FAF7A03EF65704D2EBC7F68AF45C7AFD58B103DEBC79337DFA74F9C77FA448915AB66C79EBD62DF27DE7FA7120417DECAF501FDB15EA63C53EF0F0F0A85EBD7AB060C1E81C5C5D5DF7EFDF6FC694EA631F447DECAF501FDB15EA63C53E78F7EE5DE9D2A5D3A64D3B7BF66CEB3BAA407DEC83A88FFD15EA63BB427DACD80D28D9CB67E9A88F7D10F5B1BF427D6C57A88F15BB477DEC83A88FFD15EA63BB427DACD83DEA631F447DECAF501FDB15EA63C5EE511FFB20EA637F85FAD8AE501F2B768FFAD807511FFB2BD4C77685FA58B17BD4C73E88FAD85FA13EF6636EDFBE7DEEDC39EB2771FE0AEA63C5EE09E43EBE7FFFFEE9D3A77DEA1535EA637F85DDFA98C3F5E8D1A32B57AE9C3367CE8E1D3BAE5EBDEA53CEF34138A8EAD7AF8F447DEA1DC9EA63C5EEF94D3EE6183C71E2C4EAD5AB67CF9EBD6DDBB64B972EFDEE772BFD1CEDDBB78F12258A3C86F3D7511FFB2BECD0C71F3F7E5CB66C598E1C3922448810264C183E83050B162F5EBC264D9A3C7DFAD428E43FE080AF54A91247974F752EEA63C5EEF1711F73186ED8B0217FFEFC9123470E1D3A74C48811E931E2C48953BB76ED3B77EE1885FC0D8D1B3766F37DEA9571EA637F85BDF9982078C89021383861C28463C78E3D76EC18BB1AF171DBB66D39C0962C596294F31FA88F15E5BFE2B33EA6C7983C7932C720FDC3E0C1830F1F3E7CFAF4E95DBB7675EDDA95A3C9F34B54FD1CF5B11D636F3EDEB2650B83DCCC99339F3D7BD6E604F5A54B971E3C786024ACE0C0B67EA59AF0EB2790DDDDDDBD7C6D8B20AF1F571F2BCA7FC5677D7CF0E04107078754A9521D3972C4A6C7B87EFDBA97AF577AFDFAB5CD233CE1D77B0CEAFCF0E18391F084F90E3AF5B11D63573E466F458B160D1932E4BFBE6F78CF9E3D38FBCA952BBD7AF57271712950A0801C092F5EBC18366C58A1428552A64C992B57AE8E1D3B5ABB6DDCB871C58A15BB7BF7AE91B6BC9F3C7BF6EC0CA825D9BD7BF7A64D9B5EBD7AB57DFBF669D3A6CD92254B8F1E3D387A65AEB06AD5AA12254A70FC972B578EC05D7DAC28FF091FF4F1E7CF9F6BD6AC1922448859B3661959DFE1E8D1A33972E4387EFCF890214352A74ECDA12D024693740BAEAEAEF41874052D5AB4B879F3A62C02F3E6CDCB9F3F3F1D8291FEFA75EFDEBD14A3FF91E4D0A143690005E8283264C890316346BA0E9BCB6A9B376FA6AF60A5F41B9B366D6AD4A891FAD85EB12B1F339E8D1B372E7BD8BFDEEC307BF6ECA04183962953267AF4E8A54B972E58B02083538E70741E2E5CB852A54A61D6B265CB468C18116DDFB87143966ADEBC79CC9831CF9D3B274998306102EDDFBE7DBB24593C71E2C41C3969D2A4A130071E877AE7CE9DCD71F7DCB973234488401906B9A89D8179FCF8F1D5C78AF2E3F8A08F1F3C78903C79F21429523C7CF8D0C8FA0E0CA319E8972C59921E83CF9C3973D20002004C49F7C5818F50195B478E1C99F1FDC58B1765A9DEBD7B478A1489105C92B064C9121ABF78F162492263BA2C4CCC520CE5F3E5CBC75AE81CCC4079F5EAD5AC915EA27EFDFAF454F43F728CAB8FED12BBF2F1EEDDBBB1294785F9678043870EB1EB0B2B57AE348F617C1C24481074CBD893C284B02893712E0703E35F39183E7EFC3875EA5484CA885596FA111F93AC5EBDBA9C186758809B399C244446F91C75B163C7BE7CF932497777F7F1E3C7870E1D5A7DAC283F8E0FFA180F61D002050A6056C93979F2A4D15F2C5EBC62C58A67CF9E49BEF8386CD8B00895C272442F58B080613D6377397D4D4FB27CF9727A8CDAB56B5B16FA211F9344F01255536D9E3C79E810E43CB9878747AE5CB9D8DE23478E4872CE9C39E1C3876711F5B15D62573EDEB87123C74CB366CD8CF4D7AFC58B17A77E2158B0601C2D922F3EEEDAB5AB2481238A5DDFD1D1D1FA38E7684C65418EB71FF171B468D1AE5DBB264968D9B22505E43DEAECF41CABE4C82C40FC254A94501F2BCA8FE3833E3E7CF87098306118C11BE9AF5FEBD4A943E5023DC6E4C993255F7CDCA4491373AC0F1CEF8CE9DDDCDC8CB465909D3973E63871E2C8E5DE1FF131058E1E3D2A49E8DBB72F058E1D3BC6F4A54B97E81C6AD4A8610E17081B4852407D6C97D8958FF7EEDD1B2142040C679EED214EBD62A157AF5EAC88D1A5E48B8FF9942430328D1F3F7EDEBC798DB405F125F9325CFD111FC78A15EBFEFDFB92843FFFFCD3DCDD57AF5ECD113E71E24499051C667AFD5851FE133EE8E33367CE448D1A35478E1C7854721E3F7E2C3DC6C89123590B9F922F3E36938293931383752361412E4873445303C91FF1310DB870E1822481FE8102DBB66D637AC78E1D44E4FDFBF7975982DECF65C7D8958F09437167B264C93C5F0D1A3B762C2BF2C6C71CDED1A3472F58B0A091B6802FCB942993204102F91BE24FF898638902274F9E645ACE6E4D9D3A556681FA5851FE2B3EE8E3478F1EB9B8B870805B9FD312385A598BF73E260E4E9B36AD91B040FC5AAF5E3D8E68B987EB277C3C69D2240A6CDDBA95E9F5EBD7870E1D7AD0A041324B501FDB3176E56306A7254B96C47943870EB5F9EBC2BFFAF8DDBB77E9D2A5737676B6FEEF13C77CD6AC59CDF3D59D3A758A1831A25CCB11C68D1B47B53FE8638EB1E0C18313A9CB2CC0C7E5CB97571F2BCA8FE3833EA697A85BB72E3D46972E5D6C7A8C1FF13181350374E91C047A0FC6F4B163C796807BC8902104B8225761E1C28554FB833E46E4E1C3876FD1A28575DB1A34684001F5B15D62573E8603070E10E6468B166DC68C19D67FFF1D356A142BF2C6C7B8BC4E9D3A8C46CD430556AC5841DBCCCBCC48DDFA92D2E5CB97D3A44943B53FE8630EA1C891236377F9F33130FE8D102182FA58517E1C1FF4319C3973265EBC781C98A3478FB636EBDCB973598BF73E6ED3A60D2E9F366D9A91B6DC524A1FD2B0614349CA29B18103074AF2F6EDDB289C6A7FD0C72F5FBEE4884E9A34A9F9E084BD7BF7529E02EA63BBC4DE7CCC4072DEBC79ECB2D4993D7BF6962D5BFEF9E79FB56AD5C2D0AC68E5CA9552CCB38FE1F4E9D30E0E0E94ECD8B1E3F4E9D3F944ED19336634FF707CF6EC5986C30C7E7BF7EEDDAF5F3F272727171717AAFD411F43BB76ED586FFEFCF939F8DBB66D4BCF92366D5AF5B1A2FC383EEB6358BD7A35872DBAE5606FDAB4293D46BD7AF5C8612DE6D5252F7D8C5FE3C68D1B2E5C388E657A8C9E3D7BB254F2E4C9AF5FBF2E05EEDCB983ECE952BA75EB869553A64C293DC60FFA18E84082070F9E2D5BB6E1C38777EEDC996DA791F421EA63BBC4DE7C0C281971366BD68C4854FE1BC03153AC58310E18F35CF49A356BE2C78FCFA7244D3830CA962D9B20410246B51C451C9CD68FF4A26616499F3E3D0D8E13270E07D8BA75EB50A0797DA84183069933677EF2E4892461FCF8F1D4263777000370944CAB38A2A887DA88B9FFF8E30F3362FE45D4C78ADDE3E33EE6B8BE7CF932072683E348912251395A2D54A8D0840913CCA76EEDDCB93371E2C4362378B875EB56E5CA9539EEE83158B676EDDAD68FF4A26616CC92254B9830616876F7EEDDF7ECD943E10D1B36480106FDACD47CC2011052D3631C3A7448921F3E7CE8D3A78FC4C4E87CE1C285B4C1E66F20BF82FAD85F61873E163E7FFE8CE45EBC78C140927DD7BCE35AF864F907219F46DA0A4A328BA55EBE7CE9658177EFDEB9B9B95127079BD463FE05C2DDDD9D95922F4990DAAC735884565183FC238202BFFEA43D13F5B162F7F8B88F058E620E498E7AE931ACEF230139D2BD7C022E991CC2D2637859806E81439E3A590550D8EC5818A093B4EE1FA8C1BA4B01A6A555326A970232EBD7511FFB2BECD6C78113F5B162F7FC261F074ED4C7FE0AF5B15DA13E56EC1EF5B10FA23EF657A88FED0AF5B162F7A88F7D10F5B1BF427D6C57A88F15BB477DEC83A88FFD15EA63BB427DACD83DEA631F447DECAF501FDB15DFF3F1A74F9F6CEE305794008AFAD807511FFB2BD4C77685671F7FFEFCF9C081033972E488162D9AF960134509B8A88F7D10F5B1BF427D6C5758FBF8CB972FB76FDFAE5FBF7E88102182060D9A22450AEB0795284A00457DEC83A88FFD15EA63BBC2F4F1CB972F870C19424C1C2448902851A2F4EBD7CF079F3AA2287E88FAD807511FFB2BECDCC79F2C18091FC5C3C3E337D5FC2B888F274C98902A552A4CCC3491718912255A298ABD10366CD8DFE7E3CF9F3FFFBE1EC3CBA777F92DEA637F857DFAF8CB972F172E5CE8D5AB57350B13274E7CFCF8B131CF27B87CF972912245060C1860A4FD0DE2E3902143F2A928768CCFFA981EE3EAD5ABFDFBF7AF51A346952A55C68C19E3B37F52B87FFF3EC3E2CE9D3B1B697F83FAD85F619F3E5EB66C59B468D162C48891254B96942953860F1FBE74E9D2E60DC683060D9A3E7DBA4CFF08EBD6ADEBDBB7EF8B172F8CF4D7AF870E1D8A1E3D3AC7ADF56366FD03E2E349932665C8902178F0E04C870B178E90E2EFBFFF6650A22876408408117CDCC75BB66C891D3B76D4A851F1D31F7FFC113162C4FCF9F39B9778C68D1B3761C2841F8F9B77EDDAD5B56BD7A74F9F1A69CB089EEEA870E1C2FEEDA49AFAD85F61873E7EF9F265F2E4C99D9C9CCE9F3F4F92912FFAE488324F16C58A152B77EEDC32FD233468D08063F5E2C58B46DA721A9C038C1519697F8379FD98AE64D8B06171E3C60D122448A448917AF5EAA5377329F6818F5F3FE660C9962D5BFCF8F10F1F3E2C39274E9C20449637BE40AA54A93266CCF8E32F61EBD2A50B463F7EFCB891FE167F3FF7A19724FA20EA637F851DFAF8E4C99304C7B56AD5E21830B2BEF1FAF5EB1B376E48DCCC049887DCB367CFF0F7DEBD7B6FDDBA651E78289C247170CC9831B76DDB467919F3927FE7CE1DEB88193C3C3C1E3C78C09E8DAA1F3F7E6CBDF6F7EFDFDFBC7993009D325478F4E8514A7A6EDEAF63FA589234B861C386740D58D9D9D95995ACD8013EEE634C192F5EBC62C58A793EDD4557C091CBF89EA099FE8103CA0C9A912B63F4DDBB7753C07CE11207350778D3A64D09E2D7AE5D4B79B95246CD77EFDEA593916202DDC8C3870FCF9C39433D8F1E3DB25EBB7414F41B741AB76FDFA6C7E0A0FE1D67E3D4C7FE0A3BF4F1B56BD7086719D2A24C23EB1B23468C081A34286B14989E3B772E7BF9F0E1C3D155F8F0E1092543870ECD918953297FEEDC39DA6694B650B56A55F239323174DBB66D2DB5FE03075BE3C68D89BCA9244C98308E8E8ED6E36B8E4CEA59B76E5DCD9A355945F0E0C11D1C1CCC579DFB20363E16E832F2E7CF9F387162FDFFB16207F8B88F395E92264D9A244912EB7360C2AC59B382050B6639F40D468F1E4DFEA4499352A74E1D2E5C380EE7902143E6C99307AD92CF389BC3DF286AA150A142E473E8117F73F8FF53A9053CDDBE7DFBB871E34A8FC1DC010306981BC5318BD1E7CD9B87DAA3468D1A224408620CBA2F1F57B2FAD85F61873E66D4C97E8F6BB367CFBE65CB16EBB34C0C84E7CF9F1F3972E4142952B0AF33CDD8D3DDDD9D649F3E7DB66FDF7EE8D0218E0AF6FE4A952A519EB1F0A2458BF2E5CB17254A9461C386B1C8C18307C92704A792468D1A596AFD6710EDEAEACA91D9B3674F2A59B16245912245A884435782E0C58B17E3600E399AC434753A39397130CB19751FC44B1F03A36C9B685E5102283EEEE34F9F3EB56EDD1AEFA64F9F7EF5EAD5D63533A65FB06001472EC3D9193366D003D087904FB8DCA54B97AD5BB71E397264ECD8B12899212FF91C681CE0A54A950A1B362C3D09E577EDDA453E8132CD2E57AEDC3F955A4E9855A9520513B76BD78E4A5869F9F2E5A9A477EFDE62DCCD9B372369A2F60C1932CC993367D9B26569D2A4A14B91FEC707511FFB2BECF37EAE870F1FA264767776F1C2850B6FDBB6CDFA360A9BEBC728D3FA4A3072CD912307012EC78CE478BE7E6CE3638E58A2EA7EFDFA99A357373737026E0E6326488A8F73E5CA655E402227489020A3468D92A44FF13D1F2B8ADDE0E33E8667CF9E1189468C1811E711ECAE59B3C6BCFD133C5F3FB61EDD72D4331C675946F692E3F9FAB18D8F376DDA84B0190498FD129B932D5B360707879B376F92141FB352F3241F8BD09BF5E8D143923E85FAD85F619F3E060EA78D1B37162B568CFD1E060E1C68EEFADFBB9F0B59DEBF7FFFCA952B2C15274E9C478F1E49FEBFFAB859B3661C7E172E5C90A4D0A64D1B36EDECD9B34C8B8F274C9820B3E0DAB56BCCEDD0A18391F621D4C78ADDF33B7C0C1F3F7EDCB16307716A8408117061D7AE5D3D3C3C64D6F7EEE762B44D8FC1B15CB56A553A19F3B8FB571FF7EAD58BF2FBF7EF97A4D0BF7F7FB66BE7CE9D4C8B8FFFFCF34F9905AC8800A35EBD7A46DA87501FFB2BECD6C702565EBE7C397265E73E74E890647AF6F1F9F3E75BB468912143060E3C94C67E8F8009B265EEBFFAB878F1E2091326B4B93A4BECCBA6AD5BB78E69F1F1C489136516207BE6366FDEDC48FB10BEE9E32143866CD8B0C148F8344F9F3E65B0422F66A4BD65C18205E3C78F37128ABDF39B7C2C60E5F5EBD73B3939850E1DDADCBD3DFBF8FAF5EBEDDBB74766A953A7E6A0C3BEF8D58C65FFD5C7B56BD7A617B2B95C3D77EE5CB66BD6AC594C8B8F31B4CC82972F5F325040FC3E7B1FA8FAD85F61E73E163047D0A041070F1E2C491B1F63AF2416264F9ECCE074EFDEBD850A15FA4F3EE63043F9B76EDD92A43068D020364DAEF7042C1FBF7BF7AE63C78E2D5BB634CFBF79864EA142850ABFCF82B76FDF667874E2C40923ED2D441BFC463EDB4F29FE96DFEA6361DAB469C18205E32890A48D8F9F3F7FFEC71F7F70C88F1B378E909A30971EE03FF998AE235AB468720B98C9D4A953D9AEB56BD732AD3E0E9CD8A18F3DDF823863C60C8EAE3163C648326EDCB83972E49069983D7B36B29C33678E243F7DFA54B972656B1FCB8DD3D6A7A36D7CDCA953A79021436EDFBE5D92C03153BE7C79E26CA92460F9F8FCF9F369D3A6E540955B51BC447D6CCDB265CB860D1BE6E3F7BE2A5EE2E33E66CFB1D97956AD5AC511CD7E25C93469D2A44F9FDEF4F19A356B389CCDFE049A346962EDE3EEDDBBE3E3A3478F4A126C7C4C8410224488254B9648126800FD0995C83D9EEAE3C0891DFA78D6AC59ECC757AF5E25CEFBF8F12313D9B367478DC78E1D93021C5A0E0E0EECDFCCE5189B32650A47D7DF7FFFCD2CF6F56DDBB6C58B17CFDAC772B1878390B9D20BD8F878E3C68DE1C2852B5CB8F0CD9B3729E3E1E1B160C1020E1E0AB00A0A04201FD3FE112346D0A1101C98F181409BF7EDDBC7D7C80652CCF4F19B376F0E1D3AC437E3E6E6466FF2E2C58B03070E1C3E7CD8FA1E3ABE19962592902F5016915B66F8C4BBD2D9A1B4B367CF3E7DFAD4C6C7B2EA83070F5A9F33BC72E50A99D46CEDE3BB77EF9229D006C924D0971CF3B1A97C457491FCC464CA488BA08769EB3BDE693F3F3499AC487268FCB973E7D873683CC8F5C55BB76EF13BBABABAEEDEBD5BAE59D0C87F56B66F9FF98737C507F1711F63DF6EDDBA5DBC7891DD921F9D3D4AEE3BD9B2658B14E0D08E1E3D3AF9CCA50CC32F0EE7BFFEFA4BE6B29B71DC59FB1855A37306FAEC7EEC2DE4D8F8983D990E847EE9D2A54BECF31C02AB57AFA640A54A95E43652F571E0C40E7D3C77EE5C76DCF8F1E367CB962D77EEDC4CC8BF95CCF0A54F9F3E418306CD9831639E3C79E6CF9FCF51E4E8E888A16BD6AC59BA74E9E4C993331CB6F631FD2C3A4F983061BE7CF95AB468418E8D8FE997BB76EDCA4A93254B56B46851AA8D142912C73052910201C8C7D89496E3929D3B77A64B97EEFEFDFB924FACCCF7490F92356B566CCD268B8FE99E9A366D5AA64C1924BA61C3060EEF92254BE6CD9B97AFDD7CBE37BF0801375F4B962C5972E5CA85B41E3C78C0F779E4C811E6F265D2D9D127324D3E35D05B59FB9824DF7CCE9C399955B16245712AFD57CA9429C9A4DA1C3972888F292FABE0170C162C58A952A5180F3D79F284091A4F3E9FD2F5B03FB060912245A8815F7CF8F0E1F4954C3B3939AD5CB99202289C3E3A73E6CCEC42349E4D2073EFDEBDB48A8D6503F9AA3B77EE4CFD8CE712274ECCFE43497627FA53F622BE2592AC85A5149FC5C77DBC6EDD3ABA080E79761EF60A7E598E5F0679325E04FCCAF1FBC71F7F3077C28409CF9E3D7371716191EAD5AB972F5F9E7D863DD3DAC767CE9CA1863871E2E4CF9FBF468D1AE4D8F898DD66D0A041D4C09EC3488EDD3B6AD4A8EC9FE64938F571E0C40E7DCC5184413B75EA446F5BBC78F1D6AD5B13AE59C76AECD97DFBF6A58FAE5CB9B21C00C4642D5BB6C4437C221EC6C5848666704385C4BB55AA542951A2849C62C25254BB70E14229001C601CD5647274B152A26DF9A79370FAF4E9860D1BD20C236D091051C8D2A54B8DB40FF1EB3EDEB3670F5A62DB8917F19CB49024961D3C78309B49FED4A9530901F1311AE38BA2C7617841317C8C96366EDC4897B17CF972462714C3D3646EDAB4890224112A5F32F530D1BB776F32070E1C18316244BE1FA6D7AE5D8B32599DE963A6D11BA106C329BA609AC1B08609BACEC9932793494FC7B4F898D152FBF6ED99A0C7C4F172C9BF478F1EFC2E0C20284C272BFD23A6A479F49BEC182C122F5E3CC61F14A049FCCA4CB015850A15627C40E1356BD63010611C808FE964172D5A4401B6C8D9D959066D43870EA55AD9C788B029C3B08666D03672149FC5C77DCCDEC8988F5126472EE369F6A21D3B76983286D7AF5FF313972D5B967D5E4EB35DB972A543870E050B166CD2A409EEE4D06ED6AC1907B59467F7607C59AD5A356A9347E573D450DEFA1140EC2DDBB76F6FD7AE1D6560C48811E6C91BA07E86B966800EECC0346CE6CC9946DA87501FFB2B02C5FD5C81875FF431FD08BD00A3783A027A1906E36886DEEAD6AD5BD8D1FAF6136443DF44184A0C6DDE588E8F71B99C52669168D1A2D10D31BE2108A0662983CCE466BA79F3E665CC98116F116E1289127030CAC1CAFDFAF563AEE9E36BD7AEB138D3440F80EABA76ED7AEEDC396C2A4F6600F37C35C32022189A81AA29290D43F02952A490C599A08564E263F36149C4BEC43162D3152B5610DAD217F7ECD99380499662ED091224A025F898B9F2D8515AEBE8E84826D3D63EA653A65BA71855991DB4E283F8B88F0333EA637F85FAD8AEF8451F334247B179F3E695317BBE7CF992264D7AE9D225F13151BE51EE9B8F112126EBD3A70FCE26D3DAC7B42152A44804C7BB77EFC69D94B72CF7CFD57D94290568EDC2850B53A64C494C899B097CD3A64DBB6DDB36E69A3E265040A273E6CCD9FF0D66E1631A665ED6357D4C4B8A142942CB8971CDBB693267CEDCB76F5F63E1FDFBE51FE1D63EA60D9E7D8CF5A9C45866FF7E6A7BFFFEBDB58F1F3D7A143F7E7C79AEAAB58FE1E5CB9744CF7C930C2FCC0D577C0AF5B10FA23EF657A88FED8A5FF4F1E2C58BF1A279A2FEF5EBD728592E1217285080C815516123C2509423D78F5169AA54A9E4D6152F7DFCE0C183E8D1A3338B4CC2656489359946E1952A5522BC467B98AC75EBD628F68F3FFEA00C734D1FB322C607E853CE1FE260060D6E6E6ED80E7F1376335CA012F1314DEAD8B1E35A0BA68F9B376F4EA02FA12AED9193D8FFEAE3254B96D000D1ADBBBBFBC9932759D7F77C3C7AF468BE1FB9BD8BB859BEFF952B573A3939992706149F427DEC83A88FFD15EA63BBE2577C8C84F056CF9E3D8DB485810307E6CA950B436FDDBA95E0150B22ECBFFEFA8BC2E263CAE03047474782482F7DCCF4B469D35C5C5CD01BA170F5EAD5C5B8306FDEBC60C182C963CB76ECD8113C7870AC2CB34C1F33BD67CF1E2CC8AAC9C1CD72016FD9B265C4CDE9D3A72F54A850B56AD51A356A848F3134B178690B487AF8F0E194449CAEAEAEAC9AC5A947EECCFA571FB3C9EDDBB79766D36775EEDC19DD7ECFC7B433499224AC71CA942994E18B62299A67FD4436C5A7501FFB20EA637F85BFF071D0A041E9C2945F8791CD4FFB98488EE8D394A5F0E2C58B0B172EC8E968223FC244E25151D7CD9B3745B72C48D049D84A17490D72869645E46E29A6E1C68D1B2C7BFAF469A94AC0797404AC82696C4779511D604454673E9084CA591C6883E480D4891759EACE9D3B2C829ECD9BE6162C5840B42DD30C116471F3143715A27C9926DA96CBC040386E96A1A96C174B9D3B774E625FEA61AE6C1473CF9F3F2FF970FDFA754ACA0BF5F88A9896405CF171C4C7A953A736767AE517081B36ACFAD8FFE0F73E26AA6087507C8A78F1E28926031BC83B55AA54CD9A355B6C8138BE6BD7AEC63CC58E2854A81023786377577E19070707733CAAF82D7EEF63E21B2230C5A720EC0BB4F710B1ED4D9B36AD6A61D1A24572E65CB1339E3C7962ECEBFF850D1B36E09EE4C9931B69FBE2F8F1E32E2E2E59B3663D7BF6AC91F5C3C8734E8C2F57F153FCDEC78AA228BF9B4B972EE163F312869D317BF6EC60C18285091366F5EAD546961200511F2B8A62FFD8B18F9F3E7D9A3871E27F4E3DFFBFFF972E5D3ABDD32DE0A23E5614C5FEB1571F7FF9F2A57BF7EE2263081E3CF8D0A1438D794A40437DAC288AFD63AF3EBE78F162C48811E506373EF171BC78F1AE5FBF6ECC560214EA634551EC1FBBF4F1E7CF9F2B54A810244890CA952BB375D1A245AB5AB52AC9FAF5EB1B25940085FA58F93F3E7CF8B07CF9F29B376F1A69CBB3380E1C38F0ECD9B3A953A78EFD5FE6CD9B3763C60CF9F7B0C9FAF5EBAD1FAB295CBE7C99F2E3C68D3B77EE9C91A528BE8B5DFA78E3C68D04C4B163C7E6C862EB62C58A75FEFCF9A851A3468A1469F7EEDD462125E0A03E56FE8F57AF5EE5CD9B77DDBA7546FAEBD7366DDA74EDDAF5C18307DDBB7767BA64C992F1E3C76FDEBC39D37FFFFD778A142956AC586114B5BC4AC1C9C9E9F0E1C346DAC2A64D9BE8265AB56AD5BA75EBB469D3CA233EB66FDFBE7FFF7E29E0250CFC57AE5C49E762A415E5D7B04B1FF7EBD72F58B0608C749F3F7F2E3EE6C0F9F3CF3F83060D4AA651480938A88F95FFE37B3E36125FBF123DE7CB97CF7C6D51870E1DAA55AB46542DC9458B1665CE9CD9E6A546952B57EED8B1A34CCB1F82E9329A366DDAA3470FC9F4120F0F8F62C58ACD9A35CB482BCAAF61973EE680DDB56BD7A74F9F4C1F93C99077CF9E3DFAE7FB8088FA58F93FFEAB8F09730997CD87FBE066CF8FC46AD2A449F6ECD95FBF7E2DC92F5FBED4AE5D3B4488102143868C1C39F2B265CB5EBE7CC95AC25940E7C4C47425050B160C1E3C78A850A1E86208B877EFDE9D3163467958E6B367CFD2A54B77F2E449A6274F9E1C33664C161C316244A07D0A8AF223D8EBFD5C82B58F03224F9E3C717171D147CCAA8F95FF031FE7CA950B5F0EF8468E1C39BCF131131854DEB2FEF0E1C364C992793EA2EEDEBD8B3EC3870F3F70E040797835B16FA3468DA8F6FDFBF7C4CA6E6E6ED3A64D6350FFEEDDBB2E5DBA942B570EB35273912245C8A70CC91D3B76A44C9952DE67FCF4E9D3E4C9931F3B76ECDEBD7B1CC3A74E9D62D9CD9B37539565858AE205EA6360FC5AB56A5573E4CA419433674E86B98CA443FF2F71E2C4C993274FDBB66DAD87B98B162D62A06C242C7044172B562C62C488CC32B22CD01BF055274C98505EB8F2AF3C7EFCD8D1D151AF4FA98F95FF031F737C72C4F6FC46962C59BCF1310C1A34A854A9522876E1C28518542E0FDB8029E7CC9983AD53A54A854D3D9FAF267A1E356AD49F7FFE59A14285C2850B7FFAF4C9E67CB5973EA60F4A9F3E7DE3C68D7FEEFD194AA0427D0C7FFFFD77F9F2E5CD91EB912347184F3F78F0801CCCFAE2C50B8ED09D3B7732CD31B87AF5EAD4A953D32748612851A2C4C891238D84850F1F3E70D403FD86F54337194953739A34697E30E4551F0BEA63E5FFF8AFE7AB415E3578FDFA752C8E538D5CAF40BA8912251A33668C8D8FAF5EBDEAE4E454AF5EBDBE7DFBD25978E963FA087A0A1B1F33CDD09E4103C3F3DEBD7B4BF0AD285EA23E86EFF958921CD71C657BF6EC9124BD41BC78F1962E5D2AC95BB76E458810C17C2B9A203E1E366C1887A4B92047BAABABEBB871E3D2A54B67FA9840B95FBF7E1CA71CCB920384D143860C614C7FE1C2056B1F6FD9B28592CC32DFC51E48501F2BFFC74FF898031283A2527A3AF1A50DE6DD5EEFDFBF67BCCCC0F9CB972FCD9A356BD7AE9DE44F9D3A357BF6EC32B8A6BF101FB3143E36DF1F8CF559569E7270F4E851FA1D7C4C3DD2B31C3C783071E2C48F1E3DB29455142F501F03C757B972E5381239BEE0C08103DEF8181A366CC8385B8ECDB163C7162D5A54F24DA8041FCF9E3DBB6DDBB60CA92573D7AE5DD9B2653B77EE9CE9E3C58B17C78F1FBF43870E8C9E99C0DF1CBCC83865CA9455AA54E9D6AD5BD2A449C3870F2F3E46DB193366E4B366CD9A14306F3D090CA88F95FFE3277C0C53A64C091E3C38E36E0E4E23EB1BF832418204EDDBB7A71216E4F89437048F1F3F3E61C2841C87A89441BA838303866ED2A4091368588E7F8EF0B469D376EFDEFDCA952B342C67CE9CF9F3E7273353A64CB163C7C6C7BB77EF2E51A20435972E5DBA78F1E25E9E2A5714417D0CF8585E3B11D642E8D0A1896BBDF131C2469F4F9F3E459F1C7D0B172E34667C437C3C77EEDC43870E71A4332626A772E5CAA3478FBE71E386F8580EDE3973E6C8221B376ECC9021033246F00CBEE5B0E5708E1933263E969B426EDEBC49640C2C687365DABE511F2BFF07C712879CF5C3F6B66FDF6EFD6081CB972F53C0C6BB1C8463C68CB1F9DBB1C9AD5BB7180E0F1D3A74D2A449E6BD211F3F7E9C356BD6881123E4D923274F9EA4005EBF76EDDAB265CBA41887318B8C1B378EEE80243D0EBD0990643C2ED13085A56695B1E23DEA63E0F0F9F1F3D5E0E1E1913A75EAA54B9722572F5FAC6EFA9803B050A1421CAD172E5C6091DBB76F9B3E661A019F38714216A10F219FCF162D5A30DC974CF3FA31B135813244F88629F2C080FA585114FB477D0CFFD5C7D0BD7BF76AD5AA8D1A35AA4E9D3AE678DAC4F431D388334D9A34AD5AB56ADAB42949D3C784C2AC65DFBE7D9625BE1249538C617AD7AE5DAB56AD2A8DA10D091326C4C70CEB93254B869EA57060437DAC2881888F1F3FBAB9B91909FFC1CB972F6DCEB8FC0ED4C7F0133EE67B8B1B37AE9393D3962D5B8C2C2BAC7D7CEFDE3D9C1A2952A403070E90347D4C995AB56A952B570E07DFBC79B34A952A75EBD6653F5CB76E1DD5EEDDBBF7CE9D3B14081B362C3E7EFBF62D4DEAD1A3074A7EF6ECD9F4E9D303959BD5C78AE24FB97DFBF6D0A143D19591F609E6CF9F9F2F5F3EB347F6739041A64C990E1E3C68A47F982B57AEF4EFDFDF664308E066CC98B175EB56236D85FA1866CE9C59AF5E3D33CC3D79F224363585870BF3E4C943FC2A4981C2AEAEAE78DACB077EA155FC2AF760F35B10F2162F5E5C7E14F6DE02050A5CBD7A95E9478F1E3568D0C0C1C18116B669D346D6C8B2C3870F4F902041D2A449A74E9D9A33674EF9B3320A2F56AC188581A56C9E906FDFA88F15C55F40B0D2AC59B3E3C78F1B69CB9DE4C40AF254321F417ACFD1A347BBBBBB0F1A34A8898556AD5AD105CB3D74BECF9A356B72E4C84164864409864C555CBB766DF0E0C1DEDC5BBB73E74E1717179BC01A1354AD5A75C8902146DA0AF5B1E2FF511F2B8ADF83879071860C191A376E6CC67CBFE2E357AF5EB56DDBD626B626A64448A88E7C2C48A43265CA94EEDDBB1388AC5AB5CA28E4897DFBF68D1D3B16971BE99F828D9A366DDAA64D9B8CB40539934990C4F4881123AA57AF6E6E3B2BCD9A35AB37E72AD5C7D6A88FED03F5B1A2F83D48D7D5D575C58A1508F8CE9D3B92293E2609376FDEF4F0F0907C40B7E4DCB871C33C8BC804F642B4641256126D478D1AF5F0E1C3D60F2F43AB952B57C6FD14CB9D3BF7860D1BC8C461F52C481996A5865BB76E89EA283974E8D002050AE0333A7D721E3E7C48787DF7EE5D73A0F0ECD93316319B0D2C4B0E98D7266946D9B265BB75EB267F65914C460699326592B7707AEF63CFDB6BE3631A43015AAB3E56022EEA6345F17BE6CD9B8729B14EE1C28567CC982199F8386DDAB4F5EBD74F952A155D6DD3A64DE5FCEDFEFDFBF3E7CF9F244992448912152C58501E99B464C9923C79F2142A542869D2A4B366CD6256B060C1F82C52A4889C8BC682458B16955B6FAC7DCC749932658892993E7FFE7C891225125B68D2A4899B9B1B8D217A0E172E1CAB1B3468102E67D5CC4A912205B5BD7FFF7EDBB66D59B264717272625D5280CC9A356B529ECC64C99231C8C09A0D1A3488102142F4E8D153A64CB96BD72ED605545EBC7871196778E3E383070F322030B717EF9269ED63B69D596C381B9B2D5B36F5B11240511F2B8A1F839088EAC4946809458966E44964D8857894203261C28418F48DE51D1EC3870FFFF8F123F9380CF9615C9C84F0162F5E6CA9F29F2816F999E129501BC67AF2E409D338186FE5CB978FC5F92C57AE1CE6A319F224076A26E445ED3232E013496359A6C5C73973E694B09B01046385EDDBB7334DF0EAE8E878EAD42916A79D942473EAD4A9D89A69326BD4A841A84DA6C0F880C1C7CC993325C986E3D46AD5AAD12460569A3469681501314D6541D95E3696B96CAFE9E3172F5EC48B176FF9F2E554B263C78E983163AA8F95008AFA5851FC98B367CF264F9E1C8721DD356BD6A01972C8B7B97E8C8A30CDE9D3A7296C9E85C685E9D3A74754121F9BF1A5671FF7ECD953FE180AF818A776EDDA151D1286121C6338E24E6A26EAAD6281D0B673E7CE14F6ECE3050B1658AAF9278A8D162D5AA54A956491183162D00CF2AF5EBDCABAC8C99B376FBA74E9A8DCB38FD91066DDBA754B92F8982651F3420BF2D0447CCC57E1ECEC6C9E0C47C36C2F2E377DBC67CF1E227819C1E8F56323AD044CD4C78AE2C71092D293A20A01BB0C1C38907C1B1FD7A95387FC13274EA44E9DDABCB0BA6DDB3616F9571F23E01C39726CDCB8D14C9AE7AB0F1D3A9422458AE3C78F5FB972051F13792FFDC699336728E08D8FB76CD9426C4AD25860E9D2BB77EF5EBF7E9D48F7AFBFFE22C920C04B1F53CFB061C3C891301ABE77BE9A809B0D6473249F0898B899A0D9F43139F1E3C76715CC551F1B692560A23E5614BF04351244CAC96A61FAF4E9B972E5221F1F274C9870EDDAB5C806CFE1A14D9B36A128ACB962C50A4C86235BB56A659EAFB6F6F193274FA2468D7ADEEA853999326542DB92B4F6B1878747850A15BA75EBF6ECD9339C3D65CA14711B0AA4181373E6CCA13D72E9DAC6C7376EDC8813278EF98F55927877FDFAF58E8E8E28937AB0ACF8186AD7AEDDA9532729E9E6E6C6569BE303F89E8F81E1026A97ED6DD3A60DC5588BE9E3DBB76F870F1FFEC891232C85749D9C9CD4C70185499326CD9F3FDF4828EA6345F15B0E1E3C886FCCD3B670F9F2E52449926CDDBA151F67C992A578F1E284A74CE03391E2D4A95353A54A453E6ACC9E3DFB850B17C8B4F131A22A58B020E17583060D306E8B162D7AF5EA25B3C0DAC7B068D122DA80F2713FC62A52A448A952A5F2E5CBB777EF5EE69E3C79D2D9D9B970E1C213264CA07E6B1F03F174CA94294B962CC92234807100222782A7182DA4D9B40119539266E3E9B265CBEEDFBF1FDD926FFD3CE4EFF998690628E6F6CA8B83C8347DCC74F7EEDD693F0D2854A810CD561F7F0F864A72CF9D24AF5CB9D2BE7D7BC66164F2ED59C36FD1BA756BB981C0847D95F246C20203A3AE5DBB1ACB942AD5B06143728C793F80F57B57BF078706FB3095D324EB7BF8ED12F5B1A2F825F7EEDD437B661709F468E4D00D61CD63C78E21ADCD9B376FDBB6CD8C6E0127D1B7C2AB6FAF8B7FF0E081CD53AEF02205901F8E4C9B36AD449002ABA0B0DCDB056FDEBCD9B56B975475FDFA75A959342F9C3E7D9A9C6BD7AE314D346C9E42174E9C38218B98A7C765D504E57882064826EEDCBD7B37213E02E8D2A58BF9C24D81D81AF11B094B00CD828C242449A02FAB90901DA884DACCEF8DF63397F5F2CD58BF10C5447D0CDF7B5EE6F1E3C7F9F6962F5FCE8069E8D0A14CF3DB8D1E3D3A67CE9CE69FD3A071E3C6D8D74858609F64C8D5AF5FBF7F7E9BF5EB77ECD86156FE23983E7EFFFE7D93264DCCD33926EC068CF6BA75EB46E563C78E9D3C793299FCF4D5AA55F3FEB1AF67CF9E6DD9B2A5F9EFB88082FA5851EC1CC259EBD0D9CF410068409E72EC6BA88FE13F3DBF9A60344E9C38728E04B060CC983119204A52C0C759B366459646DAC28B172FF659E03B979CD7AF5FA37CB905E1D3A74F0CBC645C253E6674C84A13254A3471E2C4C3870FCB390FE1CC9933E1C38737078EC01A57AD5A15254A94356BD6C83BA31893317664750C31A55A54CD96264B968CC19F0C2BF934636BB6D71C6BDEBC799305598B3F393AD4C78A62E75CBD7AF5A2E5B5F0FE04FA7D642CBDB3AFA13E86FFFA3E8952A54AB56EDD5A4E422C5EBC386DDAB436A7A33DFBF8FEFDFB458B16CD9D3B77AE5CB952A74EBD6CD93232E5AD4D72DE0259528FFC075D7C8CBFCB952B172E5C38F259A3F5550C06018913276ED1A2C58D1B372407ADB2C690214366CB96AD4E9D3AD81D8BB33A605B4A962CC957C1DE4555883C478E1CF2DF81D2A54B13C44B0D7C0924C9C4C454453B73E6CC29FF68F073D4C78AA2D83FEA6340453162C4C8FB8D0C1932A44C99D21B1F63530AC85D0B55AA5419356A94E49BE0E38C1933F2AD4A8503070E24E7F4E9D3CCC2E2C3870FC7AF4C78EF632658B58B8B0B8264DA8643870EA1DE840913F6ECD953DE2D71EFDE3D22F587DF6EB9A75AB9CFE0D1A3479932659267B2EEDEBD3B5DBA74529E0678E9E3DEBD7B376CD890091637AFFBF82DEA634551EC1FF531A022AC890B912E4C993205257BE363DCE9E8E8487962D6040912C80D04D660DF2C59B20C1D3A542AE44B466FDBB66D2B56AC1871A7FC9D9D70FC577C0C6FDFBE5DBA7469A24489E4E554363EA66D7DFAF46175D9B367277FDDBA7564FE888F29933E7DFABA75EB1E3C7850CF572B8AA2F812EA634045FFF5FDC7F5EBD76FDDBAF5C2850B5D5D5D719891FB0DCFE7AB77EEDCE9E4E444F9FDFBF713D18A8F8F1F3F8E6E7FDAC7C2E2C58B23458AF4FEFD7B6B1F7FF8F0A176EDDA6C14ABDBBA752BC1BA671F43A54A953CFB98E9AB57AF0E193224499224AB57AF96B97E8BFA585114FB477D0C3FE163C49922458A82050B5AFF45DEC4B38F67CC9841CC4D44FBFAF5EB66CD9A898FD11E35E3CB8F1F3F52204A9428363EA61E0AC8C3DDACB975EB9679EF1576A76682DD478F1E458B16EDD4A95364B2221A20F75D1F3870C0D9D9597CCC3411B9F937C2F6EDDB57AF5E9DB5DCBC79335FBE7CE2E3B367CFCA4D0C152B56A47229E9B7A88F1545F9250889E4029E350431363DBB9710C110DFD8DCB5FB233C7DFA74FBF6EDF4CE46FA1B478F1E9577E0DBA03E869FF0B1878707922330F5FC1383671F130467CB962D75EAD459B2642954A850A952A5581D1AEEDCB93361289975EBD665AE8D8F81028E8E8E79F3E645B792031B366CA0301A86F4E9D3B3A791494CCC561085972B578EE68D1A352A69D2A41440B469D2A4111FD35AAA622441704F03D82B08CAA9AA40810275EAD461419AD4AD5B37EA6441BE04BD9F4B517E23870E1D5AFE8DD5AB57734CD2831BE9E5CBE51508D6BC7AF56AD5AA55CCDAB4699379EBEF952B57A43CAC58B1825E4FF24DE8BC98451760FE53D697A187326F3DFD3968F9B66DDB641B81CDB7FECBE9BF8211E9E9366FDE6CA4BFB178F1E21C39721889EFB36FDF3E794E355F357A30722D37D6B269DE7CABCC359F0762C2AFACCFCBF4060E01EBBD851FFAF2E5CBE62DD37C7B172F5EC4CA9234B976ED1A41AAE7A10F90490D363743B19693274FB2C84BCBDB3F25935FEAFCF9F3688F95326092B5DCBD7BD71C0D907FE6CC19CAD89C1567EDD406546B64598671E4B0CF302DCD2689C86FDFBE6D36862499F2F633B87FFF3E4986896E6E6ED22ADA70FAF4695950CAF839EA63C53E616CCE60BCA2855AB56AD1B333248F183162050B74E5F5EBD797EE9EE379D9B2658CAC5984C27CE6CE9D5B0EF5EEDDBB33F4964AAA54A9229902BD46972E5D3265CAC4ACC2850BFFF5D75FC68CDF0CDDD3FEFDFBA573E493668F1C395266FD1CF4500440C416B2992D5AB4B0EEF8FE955FF131CB1215B56DDB96696F9ECFE525EA636B7ED0C78A3F477DACD82708C6E68A173EA6079768E0E8D1A371E3C695FB4776ECD8212F4570B73C00EBEDDBB71B366C60D4CC34B668D5AA15139E61881D274E1C09E918DAFBDA107BE2C489729A4E92376FDE64BC2FD33FC79D3B77CCF3873FC1AFF8F8E1C387D9B265930778A98F7F05F5B17DA03E56EC13EF7D7CF7EEDDC48913EFDDBB17B155AA54A965CB96A609ACF1C6C7D480C567CF9E2DA1AA095E4F912245B264C908FBE4F6CE458B16F5EFDF7FE0C0816466CC98519E6AF9FAF56BC901FC2A379E10FBD298A14387D2CEE1C387AF5FBF1EA5512043860C6BD6AC614593274F7670708810210251BBFC19B44993260B172E640288F253A54A45F922458AC87F40192894285182EF81889F560D1830C0F3667AE9E33367CE60C73163C6E05A1CB66AD52AD94CB6255DBA74AC224B962CF2E426F131254B952A953C79F2C68D1BCB3392AC7D4C6DC58B1767A982050BCA339504369086C9DF5BBDF1F183070FDAB76F4FE5D4D0BD7B777908A2B58FCF9F3F9F3F7F7E0A50AC58B162EA632580A23E56EC137C8C1B6659D8B2650B3928879878BA058CD5A04183F7EFDF3F7BF62C4D9A34F282043A35D445F979F3E68909F071E1C285A592152B5648002DE0A1D1A347478F1EBD42850AE6A31FF156E6CC998F1D3B8659CB942923AF3342A214EBDBB7EFD5AB577BF6EC89548868A91F499373E5CA155A52BB766D4AE2155AC882D8F4C9932763C78E2576A42ADA9332654AC489E059CAD5D5F5E2C58BB496454A962C49C4CCC4CA952BA979EBD6AD94EFD7AF9F9393136B79F3E60D13388F387EEDDAB5091326B479C635502DAAEED6AD9B6CA6DCB64A79C45FAF5EBD73E7CEA1378C4B83D9648C7EF2E44956317EFC782C4EFDE263D8B66DDBD9B367A9AA4F9F3ED460FA980DC1AC7CE7B214D3723E9C8151952A55E4CD92808FB367CF3E63C60C69468F1E3D1885B0528A55AE5CB966CD9A7C39B48D71004D65A5A68F81510E9EA6FE4183063158511F2B0114F5B1629FE0E3BC79F3D6B7405F4F0E3E8E12254ADDBA75F119EAA2FB261337D0472F5FBE9C69CCD4B46953A2B4983163CA2DA3F818114A25F4F8E6CB0C048239E444F968D1A2E1662481396AD5AA35CD028135A124C5264D9A84FE25F2434EACEEF0E1C34C13E711DA5292CAE56F212807B1C9FB8B04DA4C0104932449128C428ECDF96AD3C7D6FFB0649C41B3B76FDF8E2F99405D643298606CE1F9F5766C359125F1AB6C26813899F8387DFAF412B5DFBE7DDBD9D959D60E1B366CA0490C0B1224488006C4C78C0664EECC99330B1428C084E9632AA4FEA953A7B294DC0A2BC3971B376EB00A42E77F16B3F898A10323006906613DD5E263C62BE45FBE7C598A31AAC0E86C8BE9E3A3478F468E1C59EE0FFAF4E953D9B265D5C74A00457DACD827DE9CAFA6EFAE5AB56A93264DC8448A050B16FCF3CF3FA50CA04C2266FA7DA6BD395F6D4285847DB163C746EDB972E56210D0E81B22487C5CBA746929FCEAD52B0268A2D89B376F120E220F8AB188E9638242796C02C66DDBB62DEEA140B56AD5E2C78FEFBD8FD90AC24AC9A4AA6CD9B231C8101FCBFB8959A454A9523446CA987879BE1A1F9BFF84E10B6134406C8A05197CC806A27F4279D3C7E6F563BE371985983EA679F1E2C5FBE7EBB0C0F72923217E9D42850A21D47F16FBFEF9EAE3C78F2351F3F23CF9A952A562BB4C1F6FD9B285E6C9827CEAF56325E0A23E56EC13EFAF1FD3AD3B3A3ACA7F21C68D1B47A827175CE1BFFA188844E3C489F3ECD9332CE5F9C1022810B7BDB3FC89E8EAD5AB6256E245942927C03196671F23AD1429524828498C48CB4D1F133B9AFFC8327D5CBB766D5A2B99B484909DD8DD677D8C1A13274E2CFFEE3D71E244A244894C1F9B2FCA1D387060E5CA9599307DBC7AF56ADA209B6F429296CF9933C7487FDFC7C4E884D4E655E7B163C76271B6C5F4315F5AE8D0A145D8E4B352F5B11240511F2BF689F73E465484A703060C60FAF5EBD74D9B368D193366972E5DE8EE894A23478E2C7EF2C6C72B57AE2C52A4C8180B98A95DBB769F3E7DC27CD1A347EFDEBD3BF5F0D9AD5B374AA2C018316260DCD1A347E360AC434974E2E0E0D0BF7FFFDEBD7B1368A2581B1FBBB9B965CC98B14E9D3AD48F1AF1BDF878C3860D8C1E060F1E2C7FA1367DCCAAA3468DDAA3470F56CD5A08A9A9F0077D8CF8DBB469C382C04081557BE9639CC720862F8426F14D12F58A8FD3A74F4F4CCC400411D2066998E9E357AF5EE5CF9F9F0DA4F261C386952D5B96FACF9E3D6B9E0F17BEE763725AB76E4DFD14E8D3A70FDF953CF0C1F431055C2D507FE1C28593254BA63EF69E1D3B76F05D4D9B368D1FC2C852FC07EA63C53E193F7EFCD1A3478D8405B9DFC7ECF1376EDC3865CA149946D2F8A67DFBF668A957AF5E18511E4AB066CD1AB9B4EC19F486BA280F2B56AC30CFBBD2EFE36632FFFAEB2FB913180562CD4D9B3691396AD428096D69C6E6CD9BC9F9F3CF3FF1255521B6870F1F0E1F3E9CE8D652D33F5758F12BE303E48402911399348C9E9405B76DDB46924D90FF0B01ABA630B3E6CD9B276BA1916CB2688F05598B59D80467637796125823DEBD7DFB36FE93472B508071C3FDFBF79966C4D0A95327D6C2D7C55212F5D266A4CEF6B2384DFDA7D2AF5F89CE197FC8F4CB972FA98DB92C7BE6CC19B694CDA95AB5AAF95B007E255C669624D9F6912347B26AA6F96E172C58C0E2ACD77C300561BAF96BF23DF3353297AD5BBA74A9E787BD80FA18F8419B3469E2E4E4C4A0AA51A3460C89F81D8D79BF077EA055AB5659DF12E1198E3E86CEF7EEDD33D28118F5B1A2FC5EF0B179FD5881172F5EE4C99347C25C5F437D0C8C909C9D9DE5FA3DC31AC646BFFBC5D88C084B9428C108D2487B05A3AED4A953EFDEBDDB480762D4C78AF27B511FDB40A04F482D7FCEF635D4C7AF5FBFCE9D3BF7D0A1438DF4370E1D3A54A44891A64D9B468C1871FCF8F1E44C9F3E3D66CC98E1C3872F5EBCF89D3B775EBE7C9930614279C6F8FBF7EF09AFE56D489F2C77B3DB5C15DAB97327CA67D91A356AD0AAC2850B070F1E3C54A8500E0E0E070F1EA4B69A356B321758E9FDFBF79F3D7B963265CAA041838609132641820444C9F3E7CFCF972F9F9C7AA140ECD8B1E5BC7AFFFEFD592A52A4488B172FB6ACCA0E511F2BCAEF856ECB3C9BADF815EAE3DBB76FA352B951D19AFDFBF7478912A555AB5678977D9502D9B36727867677776FDFBE7D952A55C8AC5CB9B2DC0CB16DDBB6204182E05AA6EFDEBDCB1AE54286C022C58A159B356B1613DBB76FC7A9C4BEE4302445E444E4376FDEC4A6CC657050B56A55EA2793C6A74A958A9AE5220B8B67CD9A55AEF5B00A460914B872E50A627EF2E4090B6EDDBAD5B2363B447DAC288AFDA33EBE75EB56922449BCF431FE33FF51D6B8716382DA3F2D3468D0806017AD2E5AB488AF8E6165DBB66DF1286A44DE13274E2C59B2A42C2550A04E9D3A458B16351F3BE3F97CF5C3870F870D1B46E5F9F3E7675DF8D8E67CB5973E7EF0E0015BD7B56B57799A9BBDA23E5614C5FE511FBF78F12243860C9E6FB0171FCBDD8250AE5C397CDCE71B63C68CF9F8F123CB468D1AF5F0E1C32952A43871E244B264C9962C598277E5FCB635C87BF4E8D14993262D5DBA34CEB6F1F1DEBD7B1D1D1D5BB66C49CDF92C4FD0F3ECE3D9B36767CB96CDC6C74C1322B769D32664C890F2B663BB447DAC288AFDA33E862E5DBAA0BA274F9E48F2F2E5CB48CEC6C744C0F5EAD593BF05C2A76F6F3FAC52A54AD9B265E3C4894310DCB163C73C79F2448912C5F3ED60529E683B5DBA749B366DA2B0FCD54DE676EBD64DFED58686A9447C8C7AF1F1C68D1BA5CC860D1BD2A74F2FF7F65343B870E1D83A8A0139AB57AF46F666ABEC0CF5B1A228F68FFA189E3E7DEAEAEA9A2A552AC44C90CAC4F1E3C76D7C7CFDFAF524499260DFAE5DBBE2CB860D1BCA9FCA162F5E1C2C58B0A64D9B324DA01C2448901C397288234DD070C182056541226979DE4E870E1DD2A449D3BD7B777E82A54B972648908030B75AB56A3162C4A036A9A14C993279F3E6EDD1A3072D8444891211A6B76AD52A63C68C121FB37672A899A89AE182656D7688FA5851022AEFDFBF7FFD0DF9AB2E5D2713922367FCACA1EF93B9CC327B522221290FCCF51C79C8DD37CCB2E97C7D0D1A409865247E16F5B1C98A152B860C19326EDC38962279EFDEBDB973E7CAFDCC829B9B1B112D65264F9E6C7EF3EC03C3870F97BBACD967468F1EBD63C70E9965CD8103075870D4A851E6FF898974A9870A252EDFB9732705162C5870FAF46979D10B20F23163C64C9A34499AC1B223478E9C32650A7BDDF8F1E3E53EAF699607B9CF9C39D3B2847DA23E5694800A4146983061225B20DA78F1E2C5C99327096224C7C1C161C28409A6441F3E7CD8BC79F32851A2308B8EBB7DFBF60422E4D3B1860C19521689162D9A4D274B8F9932654A6651FFC489137D47C938808E58A659639E3C79FA58DE19F52BA88F15FF8FFA5851022A65CA94B1B9A1061FC78B174F2EFEAD5DBB168FCABBA4EEDEBDEBECEC5CA74E9D3B77EE90241CE9D6AD1B7112D303070EAC55AB16139E79FCF8718A142966CF9E2DD3443692FFBB21782A5CB8B019B1AD5AB5CAE6516B3F81FA58F1FFA88F1525A0E2BD8FDFBE7D9B2C59B275EBD61162F6ECD9337FFEFCEE56EF6F36F1C6C7C83B71E2C4E68D3626E477E8D0A1458B16CB972F97751D3B766CE1C285A74F9F2693C85B1EF9C97A2507468E1C296BC71C43870E6594D0B66DDB65CB963D79F264C0800114E8D4A9D3952B5728B067CF1E5757D70409123469D264C99225E43020304F6C12E577EDDA95F283060D7AF9EDF5977FFEF9E7E5CB97D990962D5B9A256D501F2BFE1FF5B1A20454F03112BA6F414E3EE3E33871E2E04B72D05ECA94291F3C7840A0992D5BB6119697407FFAF4891CE6F22997E5A8A162C58A963AEE13375B5F3FC6B5CD9A354B9428D1A851A3E45A232036AAEDD3A7CF84091352A54AC52C3291B18B8B4BEEDCB9274E9C58AA54A9B469D3625FAC9C3367CEBF2DE4CB978FAA2879EBD62D2727A774E9D20D193264EBD6AD1814BFB254EBD6AD91256D3877EE5CFDFAF5A96DCC98317BF7EE65919A356B625F262E5EBCC808A355AB56B2162A970BE104F134092B13F4478912E5C2850B14B6417DACF87FD4C78A1250C1C7E827BE85B265CB7EFEFC191F87081182A483830381B2FC1DE5CD9B371933669C3F7F3ED3A83A79F2E471E3C60D172E1CE12939F89869A9046DDFBD7BF79FAABF81B3274D9A8405596AD3A64DC8AF4B972E6DDAB4A11E983B776EFAF4E93F7CF8808F91A2DC41C6C82061C284728699F2889F92D3A64DCB9E3D3BB2C7C7CECECED60FAF767373A30011769A346964299BF3D5A68F89A1EBD4A923B7FBB251787DFBF6EDE263B9CD870144A14285CC973F5AA33E56FC3FEA634509A87873BE9A4817B976EFDE9D4C9C9A376FDEFEFDFB4B1978F9F265D6AC59E7CD9BC7B437E7AB4D5EBF7E4DFC9A346952E45AA24489A851A33A7E83C0577CCC2AA4304956BD7AF56A84DAB3674FAC49B19831639A3E267A3E7FFE3C2551E99A356B3267CE4C014603D1A245F3DEC7E5CB972768964C2858B0E0AC59B3C4C7F27E4C545DB56A55226F29608DFA58F1FFA88F1525A0E2FDF5E3AD5BB726489040CE63E33354844D2DA5FEB38FE1C89123C4DC972F5FAE5EBD7AEFDEBD8DDC6FE0632A9473DDAF5EBD4A9428D1DEBD7BD7AF5F8F68897DC95CBE7CB9671F336848972E9D84B3F7EEDD23D4367D4C98EBD9C7F5EBD737578DF589B35985FA187CD0C78CDEF8C9E42484E2CBA88F1525A0E2BD8FE958D3A4493361C204A6315F9E3C7972E4C8B171E346CCB479F3E63871E2C87B72BCF131B531F7A205A448CC4AA0BC6CD932FC27F520DDA953A752121F870913A657AF5E641294A74A95EAEDDBB70C0858CBFEFDFB713961346BB7F1F193274F3264C8306CD83096EAD4A953DCB871C5C75816D7EEDBB7EFBEE55D05A68F972E5D9A244912593562662D0C2CD4C7F0233E7EFCF8315F823557AE5C917B08ACE1C74A9D3AB50CE3145F467DAC280195962D5B124A1A090B88337FFEFC12A7C2D8B163CD8719D1C39244482E2E2E1933669C3871A2F4B953A64CE9DAB5AB94B1011DD6AE5D9BF2403DD7AF5F2713FFCD9E3D9BB896CC9C3973624D32F131E16FCF9E3DC92C50A080E8D6C3C3A34F9F3EE464C99265E4C89172E9973ACB952B27AFE0850D1B36B060CA94297BF4E851AD5A3579713D966DD4A8110B0E183080D575E9D245ACCFF4AC59B364D578D7BC6FAB64C992E6E5EA8E1D3B4E9F3E5DF2AD413F81DCC78C69F8DE18BB840B178E419BFC2EEC30C6EC6FFC261FBF79F3E6C68D1B1A767B8FFA5851945FC5FAFAB1FF447D2C10103360E2F732D29EF84D3EDEB87163B66CD9E4A9D4CAF7501F2B8AF2ABA88FFD969FF631F171C3860DCB962D3B60C00079EDBFB58F5FBE7C3974E850E6D6AC59D38CA45BB66C79E0C081162D5A942F5F7ED5AA550F1F3EECD6AD5B850A15962C59F2C5F2F8B60F1F3EAC5EBD9AA52A55AAB476EDDA8F1F3FEEDBB72F478E1CD1A2452B59B2E4C891238992478D1AB56CD9B2B66DDB366FDE7CCA942983070F96933ACCEADCB9F3B66DDB2CAB0A74A88F1545F955EEDDBB2727AEFD2DEA63C1DAC7972F5F26661D366C18FA2C53A60C6A44A5A68F516383060D3031D2C597C992257BF4E811C67576764E9326CDF4E9D3C78C19133D7A74C66123468C183F7E7CECD8B159966A67CD9A953D7BF6458B163191366D5A2ABF7FFF7EDFBE7D5990CCE3C78F53498D1A351C1D1DFFFCF3CFCD9B376FD8B021458A14376EDC60D92B57AE244A94881FEB9FB6063ED4C78AA2D83FEA63C1DAC7C3870F278A25D83D74E8D0CC9933F97230AEE9E3AB57AF3A3939E14BE61E3C7810072F5EBC587C2C77027A787864CA9489005AAA75757545D26FDEBC295CB83041304B41A3468D903A05ACCF578B8FDBB76F2F371E520FB3E4367BBC5EB9726586054C0742D4C78AA2D83FEA63C1DAC74D9A34891B376E8E6F1022A361D3C7DBB76F8F12254AD6AC598DD93972C80361F0F1EEDDBB591C9B162D5A541E6F8E414B972E3D61C284C78F1F13495383B14C8E1C04C114F0EC6346034C0B63C78E6564F0E2C50B026BC2712337F0A13E5614C5FE511F0BD63EEEDEBD7BEDDAB56DEE79367D7CFCF8714747C7870F1F1A332CFCAB8F712A0A97579558838FB364C9C25CA63DFBF8DAB56B4993269D366D1A51B8BC963170A23E5614C5FE511F0BD63E3E7AF4A88B8BCB88112376ECD88141FBF7EF6F7DFDD8C3C3A378F1E2D5AA55DBBA752B055AB56A859BFFD5C7D87DC890211933665CB972254B8D1A356AEDDAB514387CF870E2C489E7CE9D7BF2E449CAD8F8186AD6ACE9E0E0D0B973679BF141A0427DAC288ADDB273E74EA2407465EDE3B367CF76EAD4C9FC0FB41DF0E33E469C6CBBF9EACCBD7BF756A850A150A142E5CA953B70E000BAE58B6AD4A8919C5846C01D3B76642E8C1B370E979359AF5EBD3367CE308138BB75EB262FD4FAF4E953EFDEBDD7AC59C3B4BBBBFBE4C99365A976EDDAC953E15876F0E0C1E4606BD63268D0A0A54B97926F22AF07A50D463A50A23E5614C56E69D9B265B060C17AF4E861FA18D3142952844C9B47A904687EDCC7FE16E2EC82050BBE79F3C648074AD4C78AA2D82DFBF7EF0F1F3E3CA25AB46891F878E6CC992143864C952AD5BD7BF78C42019F80EE630F0F8FC2850B0F1B36CC480756D4C78AA2D82D1F3F7E6CDEBC79902041D2A74F8FB11C1C1C3071A850A1BC7C2763C025A0FB989FE9F4E9D372B75760467DAC288A3D73FDFAF5840913A22B40CCE0EAEA6A67E745EDE07CB502EA634551EC992F5FBE8C1933060D8B92A3448962DECD6437A88FED03F5B1A22876CEB367CFB264C982B1B072D3A64DCDF75FD90DEA63FB407DAC288AFDB366CD9A50A142393A3A5EBD7AD5C8B223D4C7F681FA5851145FE5F5EBD704A9497C97840913060B162C74E8D046DABE489428113E0E1E3CB891F62DF2E6CD2BAFAC567C04F5B1A228BECAF9F3E73107FE50023A41820419376E9CF1BB2ABF8CFA5851145FE5ECD9B374E5A953A7BEAB04649A366DCAEF387AF468E377557E19F5B1A228BE8AF8387DFAF4465A099874ECD8517DECB3A88F1545F155D4C7F681FAD8C7511F2B8AE2ABA88FED03F5B18FA33E5614C557511FFB2D9F3F7FFEEBAFBFFAF4E9E3E1E16164FD14EA631F477DAC288AAFE2533EEEDCB973DDBA75EDE375B953A64C891A35EAAC59B38CF4EFE4FDFBF759B366CD9429D3CB972F8DAC9F427DECE3A88F1545F1557CCAC72953A68C1C39F2C78F1F8DF4BF71E6CC1979CBAF91F623D061D7AE5D7BF7EE6DFD98B0C99327478B164DDEEDFFBB717777CF92258BFAD81FA23E5614C557F12B1FAF5FBF9EF5FAF99B9DB0202EC48878D1C8B23C649B0DE1D348FF4ED4C7FE16F5B1A228BECA6FF2F1BD7BF78E1C39C2C4DBB76F376FDE8C7D9F3E7D2AB3F0DCB973E7060D1AC47A3B77EEBC63C78E63C78E599FE8A6E4962D5B366EDCF8E0C10323CBC2B367CF0E1E3CC82A9E3C79B270E1C2C3870F8B320F1D3AF4F0E14326AE5FBFBE78F1E2E3C78FDB0C0B2876F3E6CD65CB962D5DBAF4C489136628ECE6E646C39C9D9D5D5C5C366DDAB473E7CEE7CF9F938F1AF7EDDB67F3D6A90F1F3EF05D510331FDAB57AF8C5C0BB493C630F1EEDD3B5ABE6EDD3A5A28B34CA86DF7EEDD73E7CEDDB66D9BF95580FAD8DFA23E5614C557F94D3E6ED9B265B870E1905CDCB87183070F1E3468D068D1A2AD5DBB96592F5EBCC898312339AC97CF60C182254A94085F320B7977EBD62D6CD8B0212C840E1DBA67CF9E66E43A76EC581641AB71E2C461A924499250FEF5EBD761C284E9D4A95393264DC89475B9BABA9AAFEF656450B06041F2A54ECA942E5D5A8C488524FF79E96390204CC0C89123C9C79AAC68CD9A35960AFE0155B33A0A480D6CE9AC59B3CC3144BB76EDC847B4F1E2C5930644891265E5CA953217FDA3C9E8D1A34B1B58DCC1C1C19CAB3EF6B7A88F1545F1557E938F9B376F2E5A2202BE7CF932616B8C183192264D4A484AB4CA4A870E1DCA7AB1EF9E3D7B8868C56D7DFBF68D1021C2A851A3B0ECA3478F5AB76E8DC0CC73DAC88645105B952A55B66FDF8E98511D1AC3C7E1C387C7971B366CB870E142A3468D5875BF7EFD6429A2D2E2C58B338B551346636EE6B27666110D3362489122058DC7A6B484109CFCD9B3675BFB98D632982086DEBA752BADDAB56B57860C19D02A4929D0A64D1B8CCEE6B76FDF9E8D5DBE7C79CC98311D1D1D25DA66D050AB56AD214386300BFB1240338B354A0CAD3EF6B7A88F1545F1557E9F8F0907CDC729E360A4856BCD1BB83C5F3FBE71E346C284095197197762506499274F1E39752C3E2E52A4C8BB77EFA400888F89B0EFDFBF2F39583052A448C4C492B4E1CE9D3BB163C7AE5EBDBA2459DCF3F5631B1FD7AE5D9B485D4EBF0B57AF5E6504902F5F3E692A9B86E325B616B02351FEDEBD7B8DF4FF423CCDA8E2D4A9534CAB8FFD2DEA6345517C95DFE7633489FC2409B819AB11A74AD2B38F094F89869B3469B2CA8AB469D3264B968CA89402E2630259292F888F6BD6AC69A42D177AB1380B1A690BEFDFBF7FF5EAD5CD9B37896E9D9C9C4A972E2DF9FFEA6342706767670A10B2CB5C216BD6AC3855FE348C8F197CDCBA754B66C1E4C99343860C697DC61B7333AA20FEE60BEFD0A143C48811E592B3FAD8DFA23E5614C557F1351F4F9830C17B1F2F5AB4881CE2CE68FF4BFEFCF9099429203EB6093ABDF471AA54A94C1FD3A479F3E6E5C89183E6614162F460964BC832F75F7D4CD81D274E1CCA53ADCC154A962C1924481091B4671F4F9B36CDDAC784FEF5EAD54B9020015B471BF81ED4C7FE1FF5B1A228BE8AFFF1F1C68D1B311C91A591F6C4CFF978E1C285ACB76AD5AA44C628F3CC9933C99327FF711F532061C284F9F2E5B33E490EB973E78E1123C6F7E2636B1F3398C89C39333266632F5CB870EFDEBDDEBD7BAB8FFD3FEA6345517C15BFF231F665BD93264D92249C3A758A1A9A366D2AFF62F2CC4FF8F8F3E7CFB56AD5429C5850E63E7AF428458A14A68F5FBD7A852C3366CC68FDEF269BEBC7F83266CC98D6BA7DFAF469F4E8D109DCE5AF53DEFBF8E4C993418306EDDFBFBFCC82C18307AB8FFD3FEA6345517C15BFF2F1891327B054FDFAF55FBC78F1ECD933C4F6FEFDFBB265CBE2CEE5CB97A3499228EAD2A54BF84C16F9091FA3765681FC76EEDC49857894D83454A850A68F596FA14285E2C68D7BFCF87102D9B76FDF9269E3E32953A6B008AB40EAAF5FBF7EFCF871BD7AF54284086116F0DEC7E7CE9D0B162C18C302944FFDFBF6ED737171511FFB7FD4C78AA2F82A3EE5631418254A148917A1458B16363E9E3871A2B58F5163D6AC59F11C0B12A18ACC5017D3E1C285A33D458A1449972E5DD4A851BB76ED2A8B8C1933C6B38F31B7671FA74E9DDA3C5FBD7BF76E1C1F2B562C5757D73FFEF82343860CD6F1318C1C399266C48B17CFD9D979ECD8B1E4CC9933C7DAC778B451A346AC056DD3664A468A14A96FDFBEE6C6B66DDBD6C6C7D3A74F377D8C832B56ACC8E2D9B367CF93278FA3A363F1E2C54D1F334AD0E757FB4FD4C78AA2F82A3EE5630C840CCC53CDDBB76F1F346890849BC2993367060E1C78E3C60D23FDF5EBB56BD7060C18D0A449130250B42499C4CA84A79D3A752206EDDEBDFBEAD5ABCD1B9B0994FFFAEB2F9B877621C5214386AC5BB7CE485B62621A43846A2689C5098B9B366D4AE6A3478F965990B940843A7FFEFC56AD5AC95FA5C9B978F1222BB26E2A6B6124D1AF5FBF060D1A500C955A9F5427F86643ACCF785FB870811AD84049E25A56DDBC79F33E7DFAECDFBF9F61CAF0E1C3E599629F3F7F46FF3367CEB4B95FECBFA23EF671D4C78AA2F82A3EE563C56F511FFB38EA6345517C15F5B17DA03EF671D4C78AA2F82AEA63FB407DECE3A88F1545F155D4C7F681FAD8C7511F2B8AE2ABA88FED03F5B18FA33E5614C557511FDB07EA631F477DAC288AAFA23EB60FD4C73E8EFA5851145F457D6C1FA88F7D1CF5B1A228BE8AFAD83E501FFB38EA6345517C15F5B17DA03EF671D4C78AA2F82A3EE5E3A74F9F52D5D1A3471F3F7E6C64F927BE7CF9F2E0C18353A74E9D3C79F2C58B1746AE0FF1E9D3A76DDBB69D3F7FDE48FB05EA631F477DAC288AAFF2EB3EF6F0F0183E7CB88B8B4BCC983123478E9C3C79F21E3D7A18F3FC076E6E6E5DBA74499A3469340B69D3A69D3871A231EFEBD7870F1F3E79F2C448FC00AF5FBFBE7DFBB691B080E683070F5EA0400123ED17A88F7D1CF5B1A228BECAAFFB78D4A8512142842851A2C43C0BF5EBD78F1B37AE31CF1FF0F1E3C756AD5A850A15AA76EDDA8B162D9A3E7D7A850A15F2E4C92373DFBC7953AA54A972E5CA31AA909C7F65E0C0818E8E8EF23608E1F9F3E76CB5F9060B3F417DECE3A88F1545F1557EDDC769D2A4499020014E92E4E7CF9FCDF71AF9079E3D7B162B56AC5CB97299AF9042BDE6BB115FBE7C992953A62C59B2B8BBBB4BCEBFD2BE7D7BBE319B10D9CF511FFB38EA6345517C955FF771BC78F1F0F1BB77EF8CB4156FDFBEEDD4A9D3A953A7EEDEBD3B68D0A08A152BB66EDDFAD8B163C66C8BBC4F9E3C3978F0E02A55AAD4A851A37FFFFE362EFFF0E1C3AA55ABA8A47AF5EA7FFEF9E7A54B978C1996ABB6EBD6ADEBD6AD5BD5AA559975EEDC3963C6FFF2E8D1A3D0A143E7CD9BD7485B71E4C891C68D1B3B383820ECA64D9BB66CD9F2E0C183E4B3C8ECD9B39955BE7C791ABC69D32679D5316AEFD2A54BBA74E9F8C6EAD4A9D3A2450BA26DF209C13B74E860BE2F59B878F1E2A851A328463D13264CB87FFFBE31E3EB574603E8F3CA952BA74F9FEEDEBD3B9B366CD830EB023F81FAD8C7511F2B8AE2ABFCBA8F4B962C19346850BCE239C4BC73E74EB060C19A356BE6E2E2E2ECEC9C2D5BB688112322EF9D3B774A81CD9B37E3C2142952942A55AA408102CCFDE38F3FAE5EBD2A73A91099850B172E75EAD4B973E7A664922449C45BC4B8CC8A142952A14285CA952BE7E8E88856B76CD9220B5AF3FAF5EBB469D352C9C4891311A7916B61C99225342CAC85942953A64A956AE1C28504FAC83B76ECD8B4A74C99328912258A1021C2D4A953297FFDFA7536217AF4E87C63C99327A73C9BF6E5CB1737373772688F544BCECA952B19A6482559B366A506BE61461E5260DBB66D946FD4A851C28409691B840A158A95FEA7CBD836A88F7D1CF5B1A228BECAAFFBF8F8F1E3F1E3C70F1E3C78F6ECD9172F5E6C6DE5DBB76F07091204DBB56BD78EA0F3D5AB57049148B760C182F2FA7D969D3F7F3E1EC29444D893264D0A112204C1A22C4E6D61C284217265D9376FDE103AB76DDB562EDCCE9A350B874D9B368DD51164B3A2C48913A37C2F2F031361478E1C99AA183A10EC9A6FFE67E2E6CD9B6C7B860C19EEDDBBF7F4E953726824E62678A53D84C5972F5F46C959B264C1EB88165B376FDE9C6F8CD096F2B48A7AC8B4F6F183070F102D6308BE5B2A79F9F2259A67E850BC78713967BE75EB56CA47891265F8F0E12C4BD8DDA64D1B062E6C94D4F013A88F7D1CF5B1A228BECAAFFB18CE9C3953A1420504193264C81C39721C3E7C58F2D124955BDF2DC544F9F2E5093159AFE45873E9D225624A84274982E618316260444902EA9509DC4F24FDF6ED5B49429F3E7D509A19835AC35244E4F9F3E767D0C0E0A06CD9B2172F5E94593F72FDB852A54A0C38CCE0D5F3F5631B1F23454615F3E6CD932430DAA856AD1A023E7AF42849F171E7CE9DE534381C387080614A972E5D24F913A88F7D1CF5B1A228BE8A8FF818102D1AC6CA483166CC9872A1577C8CC0A48CD0BB776F42559C24495C85A5E6CC993374E8D0D6AD5B13C8366AD4887C0489713367CEECF9EFC244990E0E0E38B266CD9AB5BF81A183060DBA6EDD3AA390278865376EDC982F5F3E8AB1BD44B1647ECFC777EEDC59BE7CF9DF7FFF8DE629CC2881185D6679EF6362E8860D1B2257226C992B8C183182D100913AD3E263EBFF5CF12BF0A5B568D1C248FF77D4C73E8EFA5851145FC5A77C2C60E5AE5DBB06091204B392F4D2C783060D2292468D4CDFBF7FBF64C992F29FE062C58A15285080F8557C8CFF9C9C9C72E5CA25E784AD6156D4A85113254AD4A04103E467D2B469D37FBD2BCACDCDAD6AD5AA285974E8D9C7C4ACC3860D43C0D44F7B4A9428912041821FF7318B9729538650F8E9D3A73257983061022B5DBC7831D3EAE30081FA5851145FC5677D0C972F5FA6C2A2458B32EDA58F5BB66C89AEE42EEB56AD5A31BD74E9D257AF5EE172964D9830A1F89824F1319E7EF6EC9965B9FF03E7C58D1BB750A142E695E0FFC4CA952BCD5679F6F1DEBD7B896EB13B02269366D4AD5BF7C77D0C4D9A34091F3EFCE9D3A72529F4EAD58BCC3D7BF630AD3E0E10A88F1545F1557ED1C7C8F2EEDDBB46C2C2EAD5ABA9B07EFDFA4C8B8F5D5C5CCC7F31513E75EAD404BE848FEFDFBF2F58B0A0B3B3B369DC53A74E393838888FA15CB972A14387DEBD7BB724E1C68D1B224EC2D6C891235B4BF17BDCBB77CFE6BE6502745A357CF870A609BEB365CB86F5CDB3E23366CC20BE9713CBF0F1E3C7B265CB5AFBB85BB76E2CCEF72649B0F1F1A449930885FFFCF34F4902A38DAC59B3264D9A542A511F0708D4C78AA2F82ABFE8E3B56BD7C68A15AB75EBD6049D44963886C8356AD4A8A22BF171F0E0C153A64CB97CF9723C54B1624592FDFBF767EE972F5F6AD7AE4DD43879F2E45BB76E6DD8B08166E042D3C7EBD7AF0F172E1C3A5FB26409958F1A352A5EBC78F298E85DBB7685091306C96DDCB811495FB87061D1A24544DEB2A0352C95204182DEBD7B531B4BB16A9AC798E0CE9D3B52A074E9D2112244A00DDBB76FA7D95BB66C09152A54A54A9508D689710976495AFB58748B3B0F1C38B079F366726C7C8CDAD95EEA1C3264C8912347B66DDB466D543261C20429A03E0E10A88F1545F1557ED1C7A8A86EDDBA5833448810C4B2C182054B972EDD8E1D3B64AEF89802E5CB97A740C89021D152870E1DCCFBA2715EA64C9998450D68B257AF5E84AAA68F3F7DFA346DDA34F2A572CA346CD8502E27E3F2A54B97C68F1F9F3AC90F1B362C7AAE55AB962C68CDF5EBD709A659AFAC9DAA0A172E4C206ECCB6D891A09C7CE68E1F3FDEC3C3A35DBB76D42675162952A47DFBF6D63E7EFCF8316D664B691235D312046CED63B878F162AE5CB9A40CD53264993A75AA793735E2B7F1F1B973E76883FAD85FA13E5614C557F9451FC3E7CF9F9F3E7DBA73E74E025CFC8ACF8C1956D78F3F7EFC880289149199F99F2501371F3B760C85A3766611B65ABF210ADBBD7AF58A289338F8FEFDFB36CBBABBBBD37E025F0C471B4CE1D9C0DA5916EF02C1B4CD556756816B69FFA14387E4FFC1D483C50994AF5DBB26FF4866C27AD58C0924F0757373931C046C7303170BB2F994B12E26B016CABF7EFDDA485BD678E5CA955F793596FAD8C7511F2B8AE2ABFCBA8FBDC1F4B191567E1BEA631F477DAC288AAFA23EB60FD4C73E8EFA5851145FE5B7FAF8F9F3E7050A149832658A91567E1BEA631F477DAC288AAFF25B7DACF81AEA631F477DAC288AAFA23EB60FD4C73E8EFA5851145F457D6C1FA88F7D1CF5B1A228BE8AFAD83E501FFB38EA6345517C15F5B17DA03EF671D4C78AA2F82AEA63FB407DECE3A88F1545F15502AE8F77EFDEDDAD5BB79F7BC5D3F778FAF469AF5EBD8E1C3962A4030EEA631F477DAC288AAF12407DFCE9D3A71C3972142A54E8E3C78F92B363C78E0D1B36C8B4F0EAD5AB2D5BB68C193366C48811FBF7EF371F9A0D58FCF4E9D33367CE1C3870E0D2A54B1F3E7CF8E5CB17F2DFBC7993356BD63265CA98AF5F0C28A88F7D1CF5B1A228BE4A00F531F60D1D3AF482050B8CF4D7AF49922489162D9A91F8FAF5EAD5ABD9B2650B152A948383438C1831285CA1420599F5EEDD3BEC15214284A851A332377CF8F0891225E27B90B9A3468D62D6E1C387251950501FFB38EA6345517C9500EAE366CD9A458C18D1FA150ED63E26682E5EBC385A9D3E7DFADDBB77AF5FBF4E285CBD7A75993B77EEDC902143D6AA55EBFCF9F3F7EEDDDBB56B57EDDAB58F1E3D2A73CF9C3983BFBB77EF2EC98082FAD8C7511F2B8AE2AB04441F13E03A3A3ABABABA9A27ABC1DAC76FDFBE8D1429529E3C79246943A3468DA24489620AD886F7EFDF67CA94296BD6ACAF5EBD32B20202EA631F477DAC288AAF12107D7CF8F0E1F0E1C3F7EAD5CB485BB0F171D4A851C979F9F2A5E458D3B469D350A1422D59B2C4487B0261478E1CF9F2E5CB463A20A03EF671D4C78AA2F82A01D1C7D3A74F0F162CD8C2850B8DB4056B1F7FFAF4A94A952A4183062D57AEDC850B176CDE9ABC62C50A7C9C38716226AC6FF232193F7E3CDFC9BA75EB8C7440407DECE3A88F1545F15502A28FBB75EB469B6D6EB9B2F631DCBA752B57AE5C68DBC1C1A165CB96E7CF9F376658CE48135B136163655757D755AB56D9DC4DBD76ED5A161C3972A4910E08A88F7D1CF5B1A228BE4A40F471D3A64D69B3CDF9641B1FC3B367CF468C18E1E2E2825CE3C68D3B75EA54F953137CFCF871D3A64DC58A158B102142E8D0A1EBD6ADFBF8F1639905DBB76F0F13264CC0BAA54B7DECE3A88F1545F15502A28F6BD6AC499BAF5DBB66A42D78F6B18068870E1D1A356AD42851A2ECDBB7CFC8B5E0E1E1B171E3C62C59B2040D1AB443870EA6ADF7EEDD4BF44C8E240304EA631F477DAC288AAF12107DDCA2450BDA4CCB8DB485EFF918102D4A66112F43DE53A74E113DA74E9DDAFCF7D4962D5B42850AD5B76F5F490608D4C73E8EFA5851145F2520FAB84F9F3EB479CF9E3D46DA82373E861D3B76B04893264D8CB4152F5EBC60F359FCCE9D3B92B364C9922041828C1F3F5E920102F5B18FA33E5614C55709883E5EB06041F0E0C1A74C9962A42D58FBF8D0A14338D5FC03F1BB77EF30718810215804FB4E9A34E9FAF5EB72769ACF356BD6448A14C9D5D5D5BCAB6BC0800141830645E1920C10A88F7D1CF5B1A228BE4A40F4F1993367224488D0BC7973236DC1DAC78B172F0E1D3A74E6CC991B376EDCA953A7FCF9F3870913A67CF9F2AF5FBF7EF8F061F2E4C91D1D1D2B57AECCAC1A356A38383890DCBF7FBF2C0B55AA5421F3C68D1B463A20A03EF671D4C78AA2F82A01D1C71F3E7C707171C99831E3FBF7EF8DACAF5FF16BB162C5649A8078FAF4E984BC2952A4C0BEB972E51A3A74E8B367CF98F5F9F3E703070ED4AB572F5DBA744E4E4E193264A85FBFFE891327CC9BB92846E5050B16A412C90910A88F7D1CF5B1A228BE4A40F43174EEDC3964C890D7AF5F37D21607DB3CDC036D130DDFBF7FDFB359B1EFF3E7CFEFDEBDFBE2C50B9BA785ECD9B387E07BC89021463A80A03EF671D4C78AA2F82A01D4C7C78F1F0F1F3EFCE0C1838DB4CFD1A953270707870B172E18E90082FAD8C7511F2B8AE2AB04501F13E056A850216DDAB41E1E1E46964FF0F8F163171797860D1B7EFAF4C9C80A20A88F7D1CF5B1A228BE4A00F531DCBD7B77EBD6AD36679B7F9177EFDE6DDFBEFDE1C387463AE0A03EF671D4C78AA2F82AE2E33061C210172A0197E8D1A3AB8F7D16F5B1A228BE0A51A69393135DB912D0091D3AF4F2E5CB8DDF55F965D4C78AA2F82A5FBE7C79F0E0C155DF65EBD6ADF8C3D9D9D948076466CE9C19346850025323ED77DCB871C367AFA60772D4C78AA2D83F972E5DC2C77FFCF187910EB07CFCF8315BB66C41820449952A95CD4B1B95808EFA585114FBC76E7C3C6DDA348263B6052507B8BF2C2BDEA33E5614C5FEB10F1F3F7FFE3C7EFCF86C881023460CF38D148A1DA03E5614C5FEB10F1F77EAD489B058E2E3902143325DAF5E3D639E12F0511F2B8A62FFD8818FCF9D3B17316244345CB16245B6A56EDDBAE1C3870F1326CCEEDDBB8D124A00477DAC288AFD63073E2E51A2040171EBD6ADFFFCF34FB685CF3E7DFA90933367CE00F76C2FC54BD4C78AA2D83F01DDC71F3F7E8C67E1F1E3C7A68F5FBE7C992C59B2A851A3BAB9B919E594808CFA585114FBC70EE2E38B172FDEBA758B09D3C74CDFBB77EFECD9B396F94A80477DAC288AFD631FF77309D63E56EC09F5B1A228F68FFA58F1FFA88F1545B17FD4C78AFF477DAC284AC0E3EDDBB708A967CF9EEFDFBF37B2BC457DACF87FD4C78AA2FC10AB57AFEEFC8DAE5DBBBE78F1C298F16BECDFBFDFA8B473E71123463C7FFEDC98E189891327EEDDBB57A6EBD5AB57AA54A9A14387BE7CF95272BC477DACF87FD4C78AA2FC10D5AB572F51A2C4700B23478E7CFDFAB531E3D718376E5C9A3469860D1B46B5E5CA958B172FDEDAB56B8D79567CF9F2255FBE7CA3468D62FAD3A74FF1E3C73F7CF8B0CC5AB76EDDBFBEF54F7DACF87FD4C78AA2FC10F8D8E605061F3E7CC0CAEFDFBF27A8FDF8F123399F3F7F661AAC5FC3873E2593F2469615F8B862C58A2C68269D9C9CAE5DBBC63495B30811B004C16FDEBC615D88F9F6EDDB0E0E0E478E1C79F5EAD5DBB76FDBB469D3A041039B95DAA03E56FC3FEA6345517E08CF3E262A2D50A040F1E2C563C68CB971E34664D9B66DDB68D1A291249296571DA0C9468D1A458F1E9DCC6AD5AA3D7AF4489635B1F1B19B9B1BD69C306102DE2D53A64C8B162D92254B963D7BF6172F5E942F5F7ECC9831D4902851A2A04183468D1AB564C992C8386CD8B061C284C1D0F3E6CD934A3CA33E56FC3FEA6345517E087C9C2D5BB6A616060F1E4CE48A8F71E1B469D3A4C08811235026012BB132659A34698253BB77EF8E8FDDDDDDC9A7869E3D7B4A61131B1F8B86BB76ED2A13A953A746A5324B7CCC04E172AC58B12E5FBE2CF95DBA7469DEBCB94C7F0FF5B1E2FF511F2B8AF24360D30A152A4CB6B062C58A4F9F3EE1E3DCB973CB996AC89B376FA14285B02F142C5830478E1C38386BD6AC04D0929933674E142B854D6C7CCC44B162C57AF4E8213E9E346992E483FA58501FDB2BEA6345517E082FCF575BFB3843860C8D1B37265C16D6AE5DFBEAD52B14D8B66D5B236BDAB4AD5BB74A61131B1FDFBF7F3F458A144B972E551F7F0FF5B1BDA23E5614E587F8571F53A04D9B3672D396BBBBBBDC6055BA74E97EFDFA4999376FDE78FE9794B58F116DFBF6ED3365CAF4F0E1C31FF771F7EEDDAB55AB26D3DF437DACF87FD4C78AA2FC10FFEAE32B57AE244F9EBC64C992356AD42855AAD4F0E1C3C93C7CF8B0B3B3336625B358B1623366CC90C226F83861C284544E817CF9F2E5CA95EBF8F1E3E4FFB88FD7AC59133B76EC9A356B6ED8B041723CA33E56FC3FEA6345517E8803070E5CB870C14858B873E7CEB66DDB10A791FEFAF5D9B3670B2C6CD9B2C5C8B2BC834832BD7C733E5A95B9B075EB56EB57F9EED9B3E7EAD5AB46E2EBD7BD7BF78A831901AC5CB9D2FA0FD0AC6EE1C2857247B797A88F15FF8FFA585114FB477DACF87FD4C78AA2D83FEA633FC7CDCDCDFA6C87E219F5B1A228F64F20F1F1972F5F2E5FBE8CF98CB4E562C19D3B77DEBF7F7FEAD4A963FFCBB973E7CE9C39E3EEEE6E14B570E3C68D870F1F1A090B14387EFC385FA091FE06F954224F52FB11E6CE9D9B3F7F7EF36E03C533EA634551EC9F40E2E3B76FDF162C5870D9B26546FAEBD7AE5DBBB66EDDFAF6EDDB458B16CD92254BF2E4C923448890316346A6EBD7AFEFECECBC7EFD7AA3A8E501A8D9B3675FB972A591B670F6EC5916891B37EECD9B378D2C0B63C68C091F3E7CB972E58CF4BFA13EFE57D4C78AA2D83F81DCC746E2EBD70D1B3660DC57AF5E49B279F3E68D1A35321DB97BF7EE54A952D9C4C7F83861C284458A14E9D7AF9F91655951A64C996AD6ACA93EF641D4C78AA2D83FEA63C1C6C704C74E4E4ED7AF5F9764870E1DEAD4A9637D8B3B888F172F5E9C346952EA97CC75EBD6E5CC9973DCB871A68F09C1DBB76F5FA850A152A54AB116B9EBFECD9B3783070F26B365CB9683060D327D7CF2E4C9AA55AB924FF39E3C7962A940511F2B8A1208083C3E2E50A00081ECCE6F54AF5EDD1B1F3F7DFA346DDAB444AE4CBF7CF93263C68CD67F5413C4C758936F6FC99225E420EC92254BCE9A35EBEFBFFF161FBBB9B9E5CB97AF71E3C6DBB76F9F3A75AAA3A3E3E6CD9B51F2B061C33267CEBC7AF5EAB163C7264E9C587C7CE1C2856CD9B24D9C3891C2D5AA556BD8B0A1372FE60A54A88F1545F119E87FF7EFDFBF75EB56F3CDC4FE87C0E3E3BC79F3B29944C9026AF4C6C7D0B76FDF4A952A7DF8F0013BE6C891E3D9B367C68C6F888F5FBF7EDDBF7F7F625F7EE53367CE502DFE367DBC69D3A6142952100D334D818E1D3B366BD60C49E3DD850B175AAAF93A6AD428F1F1D0A1434B942881F8D955264C98903A75EA070F1E4899408EFA5851141F8048AB6EDDBAF4ADAEAEAE74BB8D1A35FA4F41CFE7CF9FB1B8E7B731FA147ABE5AF0EC6386502953A6BC71E346870E1DF0A8F9207113D3C7B76FDF8E112306DF64AB56ADBA74E9C22CD3C7C4CAACD752FC1F468F1E5DA14285FBF7EFA74B976EEFDEBD92695E3F6EDAB4293A673F1188E03D0F020227EA6345517C00044C477FF7EE5DA6E9EEC78E1D6BFDAF9B7FC5DDDD3D4F9E3CD622F159D4C782671F13D4E6CE9D7BFCF8F159B3663D7AF4A8916B85E963A62B56AC58B56AD578F1E25DBC7891A4E963AAE5BB95F818A3B333B46BD78E1D2053A64CF3E7CF2713860D1B263EEED5AB170EB6B94AAD80FA5851945FE5F1E3C7912347DEBE7DBB91FE065D798D1A353266CC982D5BB669D3A649EC3561C204A6FFFAEB2FF2CB962D7BE5CA15FAF16AD5AA458810C1C9C9296FDEBCE41054D1658BD1F92C51A2C4AD5BB7986ED8B0E182050B0A152A44B5F4ECF7EEDD6BDCB831F5142850C04B9798A88F05CF3E863163C610F8F21D8A506DB0F6F1E6CD9B83040952E6DB4B334D1F3F79F22473E6CC6878F5EAD503070E747676E6E7E0E7EEDBB72FBFCE92254BC8240AA76DFC6AA74E9D727171E9D7AF1F85E7CC99D3BD7B770F0F0F6A285AB428EB929A0327EA6345517E959D3B77860A15CAA6978779F3E6D1E19E387162DDBA754993263D70E000993D7AF4489428D1800103E8B2D170E1C285E9EB4F9F3E9D2143064228268895D7AE5D9B366D5A344F793E1324488050BF7CF9922B572EEA59B972E5F9F3E7E9C45D5D5D7BF7EE4DFD3366CC20DFE68F3AD604121FF39DF4E9D347BE6761EEDCB98C7E8CC4D7AFC78F1FC7D036CF006100C4F866D6AC5946FA7FB97DFB36A29545A89F219139F0DAB871E3E0C18365FAC68D1B889F0156DDBA75F9112513C10F1932844CECBB65CB16F42C63329A4131F26BD5AAC5CFC72FCB22F1E3C7571F2B8AA2FC125BB76EC5C7046746DA8ACB972F2F5DBA142BA4499366D5AA55E4100FD5AB574FFA657AE174E9D25DBD7AD5E67CB5373E9E32658A9421CC8A1B37EEC2850BA95FFE8D43BC25B33C13487C1C70E9D9B367E7CE9D899E8D74A0447DAC28CAAF4258132244080229236D017DCE9E3D1B0556A952A542850AF1E2C5337DDCAA552B2973EBD6ADF4E9D34B4CFC833EC6BE5286983B4A9428952B57A67E20D4F6E6BE6EF5B17F86911C71F6F3E7CF8D7460457DAC28CAAFF2E1C387E4C9935B3FBFE9C2850B74AFD9B3679F387122C957AF5EA152D3C7F2071BA6F7ECD9933A75EA3B77EE888F172C58F0CFC2967C3C2DE79FCF9C39E3E0E0E0D9C7478F1E8D152BD68B172F24E93DEA63C5FFA33E5614C507D8B2650B766CDDBA353171FFFEFDB365CBF6F4E9D38A152B962C59921C82D79831639A3EA664A3468DA64E9D9A2953A6B66DDB7EB650B56A550ACF99338780F8C183072E2E2ECD9A359B3061020E260EF6ECE38F1F3F962A55AA489122D43F6BD6ACB265CB4A3CED25EA63C5FFA33E5614C567B875EB56D3A64DEBD5AB8771E59FC404B85DBB76250765FEFDF7DF274E9C2093B92263F2478F1EFDEEDD3BCBD25FAF5EBDDACA823C1DE2E4C993CD9B376FD3A6CDF9F3E7BB75EB26B1F2C08103ADEFA326EC1E3A7428F5D4AF5F7FE3C68DDEFC85467DACF87FD4C78AA2F82AD6D78F7D0DF5B1E2FF511F2B8AE2ABA88F7F11F5B1BDA23E5614C55779F3E68D3C5CC237511FFB090F1E3C2854A890F97764C57BD4C78AA2D83F81C4C7EFDEBD2B57AEDCDAB56B8DB4A570B76EDDAE5DBB9622458A68FF0BA64C9B36EDA143878CA2162A56AC683EE1523871E2449C38718C65A2451B3870A031E307B87BF76E860C198E1D3B66A4BDC2DDDDBD77EFDEB163C7A6F2B265CBFEE00DF37689FA585114FB2790F8F87BCFCBFCFCF9F3CB972F51DDD2A54BB364C98226997EFDFA35F6C58546D1AF5F2F5EBC98346952F375C8C2AE5DBB70F9E3C78F5904DEBF7F6FCCF801AC7DBC79F3E622458A787E24E79831633266CC78E3C60D2A9F3163C6D3A74F25B371E3C65F2C2F51F61266B56BD76EC0800146DA2E501F2B8A62FF04721F1B094FCFAF9E3B776EEAD4A9CDD76A0D1932A464C992362FE6C2C72953A6B4C95CB76EDDD0A143870F1F4EE42D39DBB76F5FBF7EBD4C23D79933673208307D7CE1C285FAF5EB3B3A3AF6EFDFDF2C2674E9D2A57CF9F2D64FE6DABD7B77F1E2C55990F6C8335E68F0B061C358A33CD41319AF5AB52A5BB66C84F8B4811F97D1C6C489139F3C79C25CAA5AB87021994CF3854C9F3E9D05E5DE7E7F8EFA5851EC1F7A46FAE8E3C78F1B697FC0E5CB97E95B699891FECDA88F051B1FDFBC793351A2449B366D62FAC3870FB973E79E3D7BB6CC32F1EC63D458A244096A6EDEBC79ECD8B1C57C6DDBB6AD55AB9614A042BE6A16317D7CEAD4A94A952AC58B17AF7DFBF68B172FB60E7CB76CD912254A14AA92C818366EDC983F7FFE54A952A16ADCFCE9D3A7E4C99377EAD4893566CD9A15AFB3F8BC79F3D2A54B973367CE1E3D7A9C3973861140FCF8F1E542355F42DEBC79972C59C21655AD5AB554A952D453A74E1D2FDF96E1AF501F2B8ABFA369D3A6FFE92ADDBFF2FCF9737AB723478E18697F40870E1DE8C18DC47FA16CD9B2E623AC4DAE5FBF1E2D5A3479E78197041E1FE7C9932778F0E021BF112C58306F7C0C88B049932618EEE4C99318EEFEFDFBC68C6FE0E350A14219D5850C89201945C9400AE1B9BABAA246A6BDF7319984D43972E4F0F256BE9D3B7722DAD0A14313108BF899A859B3A6395C33A3E7FDFBF7274D9A1443338B66F7EAD54BF2BDF43182CF9225CBE6CD9BC934ABF2CFA88F15C52F9177C4A64E9DDAFA6DC10D1B36ECDFBFBF91F0090838E86AE9D456AC5841074D7F0DF46B36670E7D0D7994E6D6AD5B9F3C79922D5B363A5963C6D7AFF4E923478E34125E51B264497906A735D7AE5D8B102182F96811CF04AAF878E9D2A5FF08D302A1A1F73E661F489F3EFDE3C78F512041A4F5796341E263C63A52213958B64C9932B21785081162EEDCB964FE8A8F8101C1CA952B19544D9D3A95A48D8F172D5AE4E0E0C0EAD87B9D9C9C6824B3FED5C74CCF9F3F9F3A2B56ACE8AF06A3DF437DAC287EC9BE7DFB72E7CE5DA04001E93E845FF131FD2F118F91B040E7457FF4F7DF7F33BD7CF9F29C39734A783162C408474747F3FA9F0DB82D73E6CC74DF46FA67B978F1226B910B7B26AB56AD62ABE9E2D100110C5F82E4D329D7A85163F8F0E192F412F5F1BFFAF8C7CF57034124BA5DBD7A3581B5973FB7E7F3D5254A9468DCB83113C4C7458A14111FA346D3C78CFFFEAB8F854A952AB1F33361ED6302F7C891238B6B0F1C38E0A58F5951B264C93CFB1868064753F2E4C9AF5CB92239FE16F5B1A2F819F4296DDAB4C19443870EAD5DBBB679518D2E89DE76DBB66DDDBA759B3973A619B2D0D1205132C78E1DCBB4644E9830E1EAD5AB03070E9C346912BAA5B7CD983163F7EEDDCDE74ADEBB778F5058BC6BFA98E9EBD7AF3B3B3B4BDC406DE3C68DA366E209E6624A9A14274E9C2A55AAD012BA6C16A725F4863D7AF43875EA148B3C7BF6AC4F9F3E2CB263C70E69390B12C7902397F4C861D5749A74A6044F48548AB1D50D1A34903B63BDF731AD2256A6C23163C69817FFAC7D8CEC5917DB7EFEFC79F531F08DFD571F43CF9E3D53A74E9D2D5B362FDFB0E4D9C7850A15EADCB9F3FBF7EFD7AE5D4B542A3E9E356B16C56EDDBA75E1C2051C9C264D1A1B1FB39FA0CCCB972FCBAB44047E71F65B96A236F6585CBB70E142F2C78F1FCF8E413BD9F90F1D3A142952242260F60124CDCE2C4744FBF6EDCB952BC782EC78B49C15B1B75086FD216CD8B0F8985120D13F054E9C38E1E2E2C23EC91E326AD428761BCBCAFD1DEA6345F1331E3C78902B572EFA2F228014295298DD043E4E9C3871D9B265FFFAEBAF44891275EAD40987DDB973276DDAB40872F0E0C1458B16A5577DF9F225DD19DD16DD1C7DEE942953E86DF3E5CBC72CC20B8915006113C4880B45D874732F5EBCA017661AD7D297B9BABA56AF5E9D9A89605AB46841A7C65274B5F5EBD71F3D7A3405181CD0244C4F93E837D133DD62C78E1D592461C284D3A74FA7727A43E21B727064B468D168C0C3870F3B74E810356A54E2187A6D69C3CD9B37E9AC65B8203EA6724402ACB76AD5AAE263BAF2F4E9D34B85C58A15CB9A35AB9CD2377D8C62A3448982E91176820409D4C7C03740F02AEFED107AF7EECDFE63242C374F152850C02648DDBF7F7FAC58B1D09BFC4036ECDDBB97DFDD5AA29467970B1F3E7CE1C2854B972E2D06A54E64192E5C387E35790B088BDCBF7F9FF11FBB3705D8E52A54A840014663D62B62E4173D7A74F263C488C14053C4CFAFCF4AC964004A617E65568795196866CA944906948C0B932449C23E20E30FB6DAD1D1919D8D2108C7CE8A152B1832162F5E5C6A66B8493DB76FDF46F97E7599E65F511F2B8A9F41478629712DDD28CA2150907C7C8C08A507A497C99C3933D61C346850993265A4B7425DF27A7FBA187CD6BF7F7FB383B3395F4D7040C0243D26E0E3E0C183478C189100827E935E8F4CE622396C87E00F1F3E4C3EA1334DB23E5F8D32113061A82431313D23E561F1E2C5749DD200DA4C0EFEA6A7963B753D9FAF46DE8C27D86AA6F13191193D265DAD10326448F131DD34ADA2FD4CB3BDE9D2A5A3F14C9B3E6ED6AC59A3468D9800DAA93E56FE15CC9D3F7F7E2F4F03F807D4C78AE237A02E46F1847D6D2C1098224E318AF5F5E373E7CEA1DE5BB76E6168EB170C972F5F7ECC9831E2E3D5AB571BB99E7C7CE5CA9578F1E2A173499AE7AB25229F31630699C497A1428522B010087DAE5EBDEAD9C704D384389244B748D458206A544AD2129642B49213264C182F7DCC7882AD36471EDE9CAFC6B5D68FAA205096FBBC4C1FF3759927AEF5FAB1F2AFB8BBBB731049B0EE3F511F2B8ADF400C9A3C7972BC3BD682DC72225773F1B1A9A243870E65CA94E9C183076DDBB6EDD0A18384A108153BCE9933C74B1F13381A094BDFDDA0410323F1BFD78FC78F1F9F2B572EB9DE86ED246035111F9B67F66C7CCC6880785DA64D8A172F2E43818F1F3FCA6B8999161FE35D4B91AF67CF9E25D2BD71E38624BDF1B1FC21CADC5E9A3A73E64CA64D1F972B57AE67CF9E4CC0850B17D4C74A40477DAC287E03D15EA142854C0B122E972E5DBA6BD7AE4C131A264D9A74DDBA7577EEDCA95AB56ABD7AF530DCAA55AB9C9C9CB66EDD8A9B5129512C733DFB184D126A3F7CF810D1BE7DFB16A7A25263DEFFFA9898DBD9D979D3A64D870F1F6662C99225D44C3C3D7DFA74A258D698376FDEBE7DFB5215D3363EC6B5A952A562ACC022A74E9D92271E8B8FC959B0600141B9F8F8F6EDDB71E2C4612D84C8B476D8B061D677AE79E3E3356BD6B0BD9B376FA6C2091326B0BD34987CD3C77C9289EF215FBE7C112346541F2B011AF5B1A2F801EEEEEE8847FE6A693277EE5C5757D7972F5F12E38E1933A644891258AD4A952AE6E30C3125313499050B16345F03809FB66CD922D380A4315C8204097024A2A53C6236E659AEB3962D5B56060158B975EBD69D3B77661AD913B65233869B366D9ADCBFBA62C50A922953A6249C459965CA9431EFCB459CB43051A2442C92264D9A9D3B779279F2E449564D4E850A1590EED2A54BC9649CD1A3470F32196DB0696CA0F53FBB9E3D7B46FBCD5BC1A155AB5693274F96690262060A2C5BA0408103070E4866DDBA75E5865E6AEED4A953FCF8F1693923129AC1B72A653CA33E56FC3FEA6345B14F50266E9380DB9F805371A77931DB37511F2BFE1FF5B1A2D827048B8495FEEAEE95E1C3879B577C7D19F5B1E2FF511F2B8A62FFA88FFD9C83070FCA9F898DF46F60F3E6CDA3478F66E2ECD9B383070F96CB2E0108F5B1A228F64F20F1B1878747BF7EFDAA5AA85FBF3E0AB4B96DDE1BCE9C39D3B66D5BEBE7A89B74EEDC79FBF6ED46E2A7F8F4E953CD9A35274C9860A43D3160C080152B5618899F65ECD8B1E5CA9563E2F1E3C779F3E635EF390828A88F1545B17F02898FDFBE7D9B3F7FFE0E1D3A2C5EBC78E0C081B163C75EBB76AD31EFDFD8B76F5F912245E4E6C1F5EBD78F1A354A5C4E445BBA74692AB494FA492E5CB8903973E6EF3D419A55D4AB57CF1B5BFF20A68FA167CF9E3D7AF490E98082FA585114FB27F0F8D87C7E352169AD5AB5884A994678D7AF5F3F79F2E4F9F3E73F7C7BF2251324C99498F8DDBB777C4B1F3F7E7CF8F02101B1ABABEBB163C744CFD7AE5D339F6945B5A74F9F66292A34735890C52F5EBCC8AC972F5F4ABE35F3E7CF67A0F0FEFD7BEAA79879CF3F1324C9BC7DFBB6F93F823B77EE58D77FEEDC39F3019FD6C56EDEBC4931D668CEB5F6F1860D1BFEF5F515FE0DF5B1A228BF05FA53B3EBF47302A78FEBD7AFDFB46953BC3B7CF8F03469D264C8902165CA948D1B377EF5EA15737BF5EAC5174266EBD6AD3D3C3C8E1F3F4E12194F9E3C397EFCF851A3464D9F3EBDFC25AF50A142F230165C8BE05D5C5C588A4F791135AA4E952A15016EF6ECD993264D4A30EDD9822D5BB694879B322B67CE9CB366CD92FCB973E7E6CD9B57AA9527CCECDAB52B53A64CAC3A6BD6AC8899763A38386CDDBA95598C2A1861C8A3EB5810DDD20CDA5CAA5429195258FB985F3C5DBA74F21A958082FA585114AF193264C89A356B8CC437E8E69A376FEECD933704777777BA4BEB07957C8F091326C8FF89BF479F3E7DAC1F69F273041E1F17285060F0E0C1870F1F1E356A54922449D6AF5FBF6FDFBE142952C81FD61924E130748877719EBC79FAF2E5CB9F3F7F367D4CCEE8D1A32B57AE6CDE0F65FAF8AFBFFE2A5CB8F0B367CF98DEB87163DCB8710952F1B1939353DBB66DD92BAE5EBD8A9B6D7E2F2A2F5BB6ECB061C3243970E0C03265CA102B935FA54A953163C69069FAB855AB561D3B766416A130D1F3F77C4C9BE5E9EB34067FCB9E66EDE37BF7EEB181E6A3660204EA632580216F23104A9428C141CB6159B16245C9295FBEFCD1A347396EA53013F4381CFCCC62104DDF248F8CE02895F250AC58319BEEE3E9D3A73D7BF66416237DE9087C1F5C387EFC7823F153D09175EEDC59B611F866E82B8D793F005F9DD9575A73F0E0413A5C2FCF495A73EAD4294747478AF1057AFF1F68ECEEF94F50A74F9FAE5BB72EE135CDE007121958B373E74E796C9991FE37028F8F093793274F4EA8CAF746AC4926624687E64181EDDAB56B870E099DB365CB869BE5E9E23FE2E3FCF9F34F9B364D32A901116EDEBC59E26379A9224A46D8F2BC36134A9229773EC3F9F3E789ADD943085E51E6850B17C8347DBC6AD52A42F9F6EDDBCBCB4BBEE763762D2A64C7A6E658B162C929016B1F7314B375F20D0414D4C74A00834EA47AF5EA5B2C70943282A6ABA5EB5FBC7831393D7AF4E0E83D77EE1C25454884084885594B972ECD952B9784623366CCC89831A3A58E7FB87FFFBEA5EE7F90276755A850818E66D1A2450467D463CCFB9D9C3C791233D19F324DBFD3B76FDF112346C8AC9FC3C3C3234B962C9D3A75926DDCBE7DBBCD5B6FBDE7577CCCB2D2E9334D775FB06041C9F7122F7D7CE2C4097CF0E0C103AAF2D2C76C11CD934BA118828E58F2BF47E0F1B179BEDA64E4C8917C9946E2EBD7366DDA10CB3241E14D9B36114F33EE747373FB111FE7CB976FDEBC79928965D3A64D4B0DD63EE6F02952A488CDEF45B0CB98581E830AFC6A254B9664F796B5C88F68FA183816D86F13254AC4609A65E3C78F6FE3630E49761B5AC56EB066CD1A8E65CF3EE6A0D6F858517E2FF8D8E6B649BADAA449934A3F420F923A756A791D2F3D45CC983189B42CA5FE811E44CE71E16386D5926903B102C3F3952B571AE96F50F3A1438708CBCC7B44E98618DA3320D8B3670FC370FC27F94C90A4A4BC1C02E85398C661946411BA155A4501922236C6F2749ACECECEEBD6AD93C104A18319CEB23841BF54687691F459F4A167CE9C21FFF6EDDB92698DF8D8BC5027D0F7D16FBE7EFDFAF0E1C3BB77EF6613249F0E8E7CAAA2FF9273D1A68FAF5FBF4EBEF9A6451B1FF36D30977E93F29203D44FCF2EFF36317D4C7BAC576DFEAF467C7CE7CE1DEA91500950059BCC22A68F6545972F5F96022F5EBCA01EE6F2EB333E23FE632EFE96B99E09CC3EDEB87123F1A8B95F65C89081C12B3FC4CD9B37C96147229EE6EBB5F6F1DF7FFF2DB75FFDB3BC958F7139C2935123C757BC78F1D0DEBFFA189A356BD6A44913236179C527E3801C3972986F02357D7CF1E245F6467E59568AC299C89A35ABC4D667CF9E65E48D8FD931B267CF2E2790380438E43DFB985D051FCB41C446B1751C4732CBDFA23E560218DEFB98833341820474CD4C33F4B67EB59135DEF8980EA552A54AC401E8C4740CD26DD1A245B66CD9E8448809E4C9CCF44774191CFFF48034A076EDDAF45F1CF3A54A95A22FA364CA9429E59A197D1F1D223137017AF7EEDD915CDEBC7929404753A24409BA332C48DF11316244F2FBF5EBC77A892FE9FBCC55D387529E8142CB962DF125056821AB767575A59264C9927956B2973EC658749DB48496D38B11A648D0DCBB776F2A6415841A8420AC9455E063BE25BA576611ACC8EB87AD7DBC60C182CC9933B314CDA3B735FBBBCD9B37D354E9CD4D1FD3715BAF9A6F89AF857C7CCC5693E4CB49922409AA2693DF911AE48519F8186806C568065F3B05F889F94A195E1066D147134251ADF97648CF04661FB3C31010B3ED79F2E449972E5DEBD6ADF97DD1153F2B39FC76FC04ECF6D63E669A5D1A5FCA1D5B7CB7A258E6E6CE9D9B9D844FF658C9FC111FCF9E3D9BFD847D52920C8BF9F9D80D647560FA981D893D81FA6998D894DAF889692A35B327E063F60AC6AFECF664B25770A079F6313B2107ACECDEE3C68DE33091FDCD3FA33E560218F898CE979E02EAD4A9C33146574B1C8C18C8A11361682F679839AAE58DB98801AF3097835C6E50C2C751A244B1D491A378F1E2E63F2B845BB76E1172C58D1B974FE911162D5A54A64C19B98D85D8827A88CF1043AC58B18868F110819D83838304C4274E9CA0BF6062FDFAF57419348646D230FA417A2BF26FDCB8215561C74C9932C9B9B8EDDBB7D3CD9971A7E9630208BA1269215B4A28C37AC5C7D5AA5523CAA4B7A557F27CB199BE8FCA69806C66DFBE7DC9648D386FC08001CCA536FA5F6274F2098FA4E7A29B26F3D4A953E263BA3FA4C806F6E9D3874E9975993E6613E807A5177EF2E4090D939B83284CC3060E1CC83458FB3871E2C4E4CBAAE98BF7EEDD4B3E32E097225623BF71E3C62459B58D8FB1382DE79BECD0A10363888F1F3F9A3EA6069B573E7B4920F1315F3E41A4EC5DD6F08DB15B32EC231A96A303F8ADC9397CF8B08C9C903465E42B05E254E6CA2907626BF38D9914231FCC976652210B92CF34BF977561135AC5116A7DB73339608EE1688C9CBB62976647A27E53D5C0FE40CED3A74F59297B05392CC8B690C9D1CA416A1E5034DBB2C43FCF3061C76082E6D5AF5F5FEE119359FE16F5B112C0C0C775EBD6C50A70FAF4690E36BA5AC226E4B776EDDA14295298EFBA470304A34C701C624A7A7FE245B988858F99964A8E1E3D2A6768ADA157E25027FA6488CD41DEAA55AB3871E2E0454024AC8ECE022FE23973D08DAEE6CC99C304B105CEA024DEC240748594415D747C52F2D1A3475DBB76A500BE8C1123C6C68D1BC9FC9E8F896CE46A9F50B56A5579E8203E66942099D848BA1E6BD01BDBD8AB572FD94C1958B02D3849CEE1D381125BC84391E8D488C269124109030B36417C6C5E3FA6F1F22A08AA121FEFDAB52B52A44874B2FF7C2959B312DC4B7B88961830F1A3C882D63E46B174AC4CB36AC610725180C69BD78F274C98C0B887DFD4C6C766BC45F49C366D5AA240F5B1973EF6B7F04BB1EB9AF782FD6ED851F3E7CF2F634D868C152B56F43C44F087A88F950086F7E7AB095E9D9D9DE535BD448408C9BC06468F40946CFAF87BE7ABADC10AF1E2C5E3A8A6BB27E643EA02E12396B5F171CE9C39E7CE9D4B20CB22F43B14C3229E7D4C7B2C4F33AC4A811D3B76E060EF7DDCBE7D7B8242C984B265CB8E1A35CAC6C744DE72F39435E263CFE7AB4D1F63357CBC64C912565AA44891962D5BD2A40D1B36A05BCF3E3E74E850FAF4E9AD7D4CE31D1D1DF972FEF9462CC8D5E8F9F3E7532D8BCB825EFA9855E36339ED6FEDE3C99327635FBEB1EFF9180DD30CF57180F331F093FDF5D75FE68EF15B610F6724CA21C034A1F3BD7BF724DF9FA33E560218DEFB98483779F2E47293C8CD9B3751233DB51C8D4891E0EF5F7DECE6E646242DBD06C2C3EE57AE5CA13C81B29CA04306E88A981B1F478F1E9D1100D3070E1C20D2BD7CF932CB9289B7A881DEC7B38F5FBD7A454C2981022166B264C9C4C7888D759997814D1FE333F3421A52A442EAA1721FF431DF0F41BF3C5871D5AA55499224317D4CD08F140958191354AE5C993A4D1F5355C28409CD7F18D32A777777BE8AA2458BCE9E3D5B32C1477C5CAA54297E5FF21B376E5CB76E5DDA63ED637ADED2A54B4B0DDF437DACF87FD4C74A00C37B1F039D3B7D3D5D36D304B274E5388C8E1823E260B9E9D71B1F5FBB768DA8173FC9228893AAF007E123BE24335DBA747485B8011F53A064C992982351A24443870EC5460C081012630232896553A44861E363044380EBE4E44455052C7787898F693F7644CFC8957A4C1FBF79F30663C9AA8165A9F0477C8CABD890F8F1E3CB820C0250A9973EA642BE52691281324D151F13C43769D2844A1070A64C99F83259CAF431D38C7BE48B02575757E263C6138C81CCDF027EDDC7254A94E0CBCF6A39FFCF27C3234A5AFB9826C58D1B976FD2BC59D733EA63C5FFA33E56021818C5E65210411B7DB408180840259A14C8BF70E1C2B973E7CE9F3F6F5E277EF1E2C5AD5BB764DA33D44F79901B4C042441F84B269F4C9323E7AB690F35D300CC21253128C5C87CFFFEBDB484594CC8CD5C806E495286309A55C88D30F0E4C91332F116D38F1E3D32AD867564D5D8CE5C0BD1BF79729B92D60A34611B594A90BF66F16D30E09073F8544525721B97B90AF966A4A9B48D910452245F1E19017C87349E4D9024652CD59F93C6C83F4A65964085F2BF1ABE342F576DFD83BAB9B9C9EF42310ACBF7CC56B352CAB316F34E258C6EFD2B5FBF7E9D2F5C2AF412F5B1E2FF511F2BCA4F6273FD5841D2E9D3A75FBF7EBD91F64FA88F15FF8FFA58517E923367CED0274AC0A708C4A9720ED9BFA13EF611DEBE7D3B6FDE3CF35C94352F5EBC58B56A9579E2E47770F7EE5DB9CB41D6659E2BB21BD4C78AA2D83F81C7C7EEEEEE8B172F9E3163C6860D1B7CDC58B76FDF0E13260C5636D2568C1F3FBE7AF5EA46C213070E1CD8F7CB8FAE5CB76E5DDAB4699978FDFA75D6AC59E5860C7B427DAC288AFD13487CFCECD9B3C29647AA356CD8B0408102360FEAFA75BEE7E3376FDEE4CB970F5F1A694FD4A953A756AD5A46E267317D0C83060D921B1EED09F5B1A228F64F20F1F1A64D9B12264C28F7D6614DF306469FE27B3E3E7BF66CE2C4893D3F17CC8426BDB03C15E057B0F631C1B18B8B8B97917AC0457DAC288AFD13487C2C7F7F97E75299F4EFDF7FC488118D1A35727070C89C39F3C99327257FEDDAB52953A624B358B162F22F3258B87061922449C8AC58B1A2FCBFE08BE56D63B163C7267FFCF8F15EFA78DAB469D9B265FBFCF9B3BBBB7BD5AA55CD67E4E1E91C39725CBD7A75E8D0A1F2589B274F9ED4AB578FFAD3A54BC78F42E5AC5D1E6C0743860C917FEE9D3F7FBE6CD9B21483A64D9BCA4D09D63E7EFEFC3923008A49D23E501F2B8A62FF04121FBF7FFF1EED850F1F1EE799AEEADCB973DCB87171DEA3478F705BAE5CB9DEBC79437C899BF1F7D3A74FE5812A5876CB962D59B3663D71E20499AD5AB5AA51A3C6C78F1F972E5D9A3C79F253A74E5DBF7E3D7FFEFC5EFAB853A74EAC51A6478D1A55B06041B9E76BE4C891D5AB57C7D3BD7BF76640400EAA2E53A6CC83070F68003F0AB358A3E96F5AD2A04103247DE0C08155AB56D18C7BF7EEF1ABC91366AC7D4CE84FFBCDC7D1D807EA63450960B8B9B94D9830818847D8B1630799EBD7AF97243DA03CB8C31A0226992B6F4F023AEE79F3E649261015D9DC194B8F4930C4ACEDDBB71B59BE0B1DF1CC9933CD3F67FF2281C4C780080F1E3C58B26449026594460EB26CDDBAB5CC45D2F2B8B77EFDFA2166F9F55138C6E50B6FD9B265D1A24525131FA7489182EFBF72E5CADDBA7593C5AF5DBBE6D9C7E8B361C386E62A6EDEBCE9ECEC8C6E29466DF29016D3C78B162D4A9D3AF5DCB973E5CFE5DFF331D33412B5D3121C2CEF5BB4F6B1878747E1C285E7CF9F2F49FB407DAC28018C23478EC48F1F9FAEB3A305792B43D5AA55F3E5CB4792FC8811239A0F7C7EFCF8317D629224499845B79B2E5DBA6AD5AAD165132A212702204B1D1D51AFB58F313A1D34110FB3B264C9E259F0BF035AB560C102F3C429B19AA3A3A3378F6DF94F041E1F0BE80A41E6C891E3C3870FF8B87DFBF6924F8C9B3E7DFA73E7CE356FDE3C63C68CF2EB43FFFEFD5FBC7851B162C5DCB9731B591D3BCACBB88A14293276EC5859DCCBEBC7E8B3458B16A68F5963F9F2E5F1FDFEFDFBD1A75C54367DCC6EB67CF972F6C964C992C97367BDF4314179C28409DBB66D4B33B0BB671F33A0CC93278FFA585114BF84C88308C3E6DE197C4C2421D303060C20066202C355A8508130C2EC40E9C5366DDA44FEC3870FE98E09A424DF86418306152B564C2EDAF129F1CAEFC6DDDD9D884D8617404FED83FFED0E6C3E8621438620577E6B7C5CAE5C39F932376EDC98264D1A4663B8B64C9932E8560A0BF8AF7EFDFA2C62A42DE0D1BA75EBCA3EB079F3662FCF57F7E9D3A76CD9B246C222CE6CD9B2616846879263FA5820386EDAB469B366CDF8956986BC17955554A952457C5CBA74698C2E8589F53DFB983630B0D86979D3B9DDA03E569400C6BFFA78D8B0613973E664E2CC993351A346BD70E182E45BE3BD8F274E9C983469529B9B656EDCB851BC78F150A14245891265EAD4A9124F13812D5CB8905E927CC42F8FD5DCB56B1781383961C386A55396FE1D011070533E56AC5874EB4C5300E8B8AF5EBDFAF2E54BDA133468D0102142C48C199355D37872E4E9A14475845C52BE56AD5AF24CB465CB96952A55AA71E3C664B2082B25F37B04121F77EEDC192F12EC1210478B166DC1820564E2E3D8B16397285182E8D3D1D1515EB274F7EEDD54A952111053981894FD07615FB97285A8B44E9D3A648A9BF9958F1D3B162952242AA472BEC008112278F6B1DC1A26033860EF62178D172F9EB983993EFEE7EDA16DDBD278E2E3193366903366CC184AF6E8D183409CA51A366C48F368AA8B8B0B4A46CC912347F6EC63760C96225E97A47DA03E569400063E4E902041972E5DFA5A9017B0D39FD29D916CD7AE1D9DEF912347C8C458F4BF1203A140294F27487F478F49DF4ADF2799DBB66DFBA7EA6F60C7EAD5ABA3C6264D9AC8DBB1E86A0B152A3476EC58265823B63E74E810F5A04CC294CB972FD34767CA94A955AB5614468D74E274E50F1E3CA09B5EB3660D9974F1112346A449E4B3762C8EA7695B8B162D6AD7AE4D55D4407CBC62C50A31FDA953A788E4583B65F2E5CBD7A1438777EFDED1B002050A105A517EC9922521438664E8403DC467AC9D4C16F49240E2637777F7F1E3C7233FE69AE3307CCC5EB17EFD7AF2E58AB2F0E2C50B02533219C0B9B9B949E6D3A74F070F1E4C26B3E431E670F6EC59BE61C4C96F3468D020D3BB26783179F2E4D7AE5D33D25FBFAE5CB992BDC5AC61C78E1D72EF151EA506EADFB46993CC82E5CB9793B37BF76EFC2DC5F829E7CE9D4B26FBC3D6AD5BC5EBEC6613264CB02CF1CF9B55F3E6CD2BBB8ADDA03E56940086F8B86BD7AE440F60FAB868D1A224097A9A356B2625AD7DBC65CB16E6528C7E9348487C4CC862A9A39F97376DA1D5FCF9F3137AB2C673E7CE254E9C982089C005A8E4EFBFFFA6D3CC9021C3860D1BA43CABCB9E3DBB4CD38152AC5BB76E985BDE43858FD1BFCC0522E921438650866613A5D1B1DA9CAF367D8C0C9C9C9CEEDCB923F96C0883000AE3E33C79F2488F4C190707079BB3AFD604C2F3D526D6D78F7F131F3F7EAC59B326632323FD9BE147AF57AF9E04CDF684FA58510218DE9FAF26248D152B96DC742DE7ABAD4F3B1388983EF6E67CB509FD6CF1E2C5E9FBF6EEDD1B3F7E7CFC3AE01B44C0363E2602C3A064126F254A94883244DEACCEB38F4F9C3881DD898C2953AA5429EF7DCC8AD85EF3055344518C396C7C4C6416214204CF8FBF20927BF4E81113D63E269E26D39B60DA9FF35F7DCCAFD6B9736723F1DB208A95CBD546FA77C25E913E7D7A4279236D2FA88F152580F1AFD78F5BB76E2D2F3D245E2C50A040E1C285CD7F0DE1B01FF13105C47374AF54D5A64D9BAB57AF62D0E3C78F4B016AC667808F712A8599A61841120ACF9A35EBB469D328F6E2C58B1C397278F631C22E52A4084B01F9E263568A8FE7CD9B27654C1F03AB961757B3163C54BA7469D6F2233E26348C12250AA313D3C7D4405C1E264C18862646A180C67FF5B11250501F2B4A00E35F7D4C40192E5CB8CB972F337DF3E64DEC88CF3A74E8D0AE5DBBB469D3162A5408CB7AE3638C55A64C996AD5AAB148B972E59C9C9CE4894EFDFAF54B962C19D2259F3A09BBC5C714A85BB76EE3C68D23458A74F4E851325BB56AC58A28862F1D1C1C3CFB78FBF6EDF1E2C56BD2A449AD5AB5E2C48953A54A15D12A053267CE4C3077FBF66DD3C7E4F7E9D347564DA44E982ECDFE111F8F1A352A4890208C091849888FCF9E3D1B2B562C0A7B7FFF977F467D6CAFA88F152580814AE7CC99433469A42D6CD8B0C10C5E51D4AC59B3886825095BB76E1D6961F3E6CD92F3F6EDDBF9F3E73F78F04092363C7FFE7CF2E4C9949F306102D346AEE5AE1CA9470C2D3E66D5B4874C1901000DA0725CB86FDFBE6DDBB649FEA143876886148023478EB008D13073CD33DEB25E78F9F2E593274FE6CE9D6B46F6B2EAD1A3479B27AEAF5CB98292659AF2E3C78FF77CB2940A1919840811A275EBD638CCD9D9B976EDDA189A0184883C20A23EB657D4C78AA2FC24A68F8DB4BF64F9F2E5F83854A850382C64C89061C2842134F7F23F600105F5B1BDA23E5614E5E7295CB8B05F3D50F3077177772F57AE1C021382070FFED75F7F19F30226EA637B457DAC288A9D73ECD8B1C891238B8F09E803FA7DB9EA637B457DAC288A9DF3E9D3A70E1D3A040912244C98308B172F3672032CEA637B457DAC28CA7779FCF8F175BB60F7EEDD0E0E0E3973E6BC70E18291156069D7AE1D3EE6D348DB1D77EEDCF96879FB5360437DAC288AD7A02E6767E77F4EF22A8A2F123162C459B366197B6160427DAC288AD7AC5CB9523AC7148AE25BC48E1D9BBDCE7C3154A0427DAC288AD7888F2B55AA64A415E5F73369D224F5B1A228CAFFA03E567C1FF5B1A2288A2DEA63C5F7511F2B8AA2D8A23E567C1FF5B1A2288A2DEA63C5F7511F2B8AA2D8A23E567C1FF5B1A2288A2DEA63C5F7511F2B8AA2D8E2573E7677777773730BB8EF43F4277CF9F2E5D5AB579EDF41F9F1E347F28DC47778F3E68D87878791F8B1457C0AF5B1A2288A2D7EE263645CA3468DD4A9530F1F3EDCC8FA2FBC7BF72E703E6AD133070F1E4C9B36EDFCF9F38DF437FAF7EF9F2B57AE6BD7AE19694F3C7BF62C5FBE7C1D3A74305D3E64C810AABA77EF9E247F2BEA634551145BFCC4C7FBF7EF8F142952881021D2A54B87188CDC1F83902E6FDEBC9D3B7736D2819B4D9B36F1F30D1B36CC487FA36EDDBA51A2443973E68C91F6C483070F62C48851BA74E90F1F3E484EF3E6CDA9EAF2E5CB92FCADA88F1545516CF1131F77EBD62D66CC9855AA54091E3CF8B66DDB8CDC1F83E01897972953C648076ED4C7010EF5B1A2285EE3FB3E7EFEFC799A34694A952AB56BD7AEC89123376AD4C8FA2A329E183F7EFCCD9B378DB4E5E4F6C489138F1E3DCAF4B163C7860E1D1A264C983FFEF863D4A851E3C68DBB73E78E14FBF2E5CBE9D3A767CE9CD9B367CF2953A61C3E7CD8BA5A22F2458B165115F983070F46607BF7EEB5B9EC8A9968126BEFD5ABD7DCB973AD4FF652398B3397E89C6FAC7BF7EE149355BF7DFB96598C30162C58F0F8F163296F420EE5070C1840B3D7AC59F3F2E54B638665D6840913AE5CB962A4BF7E7DFFFE3D2D3F74E89091FEFA953650A663C78EA3478FBE78F1A2916B85FA38C0A13E5614C56B7CDFC728246CD8B08813FD64CF9EDDD1D1F1FEFDFBC6BCAF5FD7AE5D1B2A54A8E9D3A71BE9AF5F6FDFBE4D18DDB66D5BA6FFFAEB2F2C12346850CA3011274E9C75EBD6918F26119E83830399C83E5AB468D808AD124C5BEAF85AA74E9DE4C993B76BD78E3249922421C286A953A7CA5C78F2E449EDDAB5234488903061C2D4A953D34226962E5D2A733F7EFC982851A2E2C58B13D3B38AC489138708112253A64CD81DA5C58A158BAD20A768D1A24F9F3E954500E567CE9C993A5D5C5C582474E8D0050B16BC74E992CCDDB2650B6B61482149B87BF76EB870E19A366D2A49C610F1E3C74F9A3469EEDCB99D9D9D6995E45BA33E0E70A88F1545F11ADFF771C3860DE3C58B77FDFA75A6095583050BB670E142990504912143869C366D9A91FEFAF5D6AD5BF8B84D9B364C135F1226468C18D1D5D595189A5984BCE4AF5FBF1EDB55A85001DB3D7BF6ECFCF9F3152B56248C36855AAB562D7C8935E7CF9F8F8A0E1C388020519D19D176EAD409C713C812F5E2545C8802F1BA8C15F0317AA6420610274E9CB877EF5E972E5D181660E2C2850BA33D060D78945530CE900A113CC2668DB48DB5500F21356EC6E80C4428B079F3662A1C3B76AC9407568D8F9B346922C9B265CBC68D1B174913823F7CF870E3C68D926F8DF8B866CD9AC4E8D6E4CB974F7DEC3F511F2B8AE235BEEC63ECE2E4E48493E45CF1A953A7A2478F8E474D2B78EF63F07CFD18251398A22E71BC809263C68C493C2A67ADF131C25EB66CD9972F5FA4000137423D77EE1CD3D83476ECD89855EC2ECC9D3B97B10286665A7C8C7D698CCC6543C2870F8FD1CDE01EF911EFB66AD54A92B366CD42CFD6BA6593CB952B4733681BC97FF571AE5CB9888F5FBC7821492F111F7B89FAD87FA23E5614C56B7CD9C7846EE8162F4A1245E5CF9F3F6AD4A8A64A7FC2C704C4499224A11E236DE1CD9B37C4B22953A67CFEFC39497CCC5A4484C2B871E3D8F0EDDBB733BD73E74E4428EA35C18EB4840599161F5B9F3166A571E2C4C993278F91FEFAF5C68D1B18AE5EBD7A926CDFBE3DED249896A4307AF468562AE7D8FFD5C7B4900141B66CD918197CCFCAE2E3AE5DBB5EF95F18E2983E26D66FD4A8517D0B0D1B363C7CF83099EA63BF427DAC288AD7F8A68FB12F9E08152A1436ADF30D2447034C2DFD848F514BE4C8912B56AC68A42D1016BBBABA264E9C18C991F4ECE3C99327B3DE2D5BB630CDF880581649C82CE1FDFBF73495C89BE99FF071B56AD588B9CDABC5C282050B58A99CD3FE571F63CA193366A4499386B6A54891C2FAACBEC98F5C3F660C943E7DFA74DF58BD7A3599EA63BF427DAC288AD7F8A68F91130E03F46092366DDAD0A143E7CB97EFEDDBB794D9B06103C9F1E3C7CB22F0AF3E7EFAF469A244893CC7C73972E4A0F2D7AF5F93F4DEC744C961C386B5898FEFDDBBC7C840ECF8133EA6C19EE363ECCB4A77ECD8C1342BC5BED62AB5F1B14064BC76ED5A7C8C5FE5ECBA353FE2631AFFD20AB952A03EF62BD4C78AA2788D6FFAF8EFBFFFC6AC73E7CE7DF5BF142A548848F1E4C99394D9BF7F3F4E6ADBB6AD79A177CE9C39418306357DECEEEE8E48887D2509183A6FDEBCB162C5BA7AF5AA91F5F5EBF1E3C71170CD9A3525E9BD8FAF5DBB162D5A348C6E7DFD1867B05E89657FC2C7B2F8C89123250998AF58B162B453FECD75F4E851C27AEC6B6EA99CCCB7F1B1307BF66CBE3ACF21F28FF8D84BD4C77E85FA585114AFF1351FBF7FFFBE408102499224B97DFBB691F58DA953A7060B16AC57AF5E4C130E62BE983163621A22E351A346458F1E3D489020A68FF107513505F037F290DBA9902B35142E5CF8C891239872CF9E3DD9B3676741B9560ADEFB1823CAC3493A76EC78F1E24502EE254B96383838A44A954A0CFD133EBE7EFD3A513BF69D376F1EA136492A27F4EFD1A387DC62C6402479F2E43472CD9A356CE9F8F1E329CC968A8FF9BA1A3468C0E65098A0B661C3860C5364C8628DFA38C0A13E5614C56B7CCDC7274E9C201CAC5EBDBA190E9A102FA2222C8B784822B00811221031478A140929CE9F3F3F448810A68F0195E24EFC8472E4D630AC3968D0A0881123860D1B964C3E11FFFAF5EBCD7579EF6378F4E8116D233C65D5B493095C6B06DC3FE163D8BD7BF71F7FFC41556C086DA3C15DBB7645C3C6ECAF5FB13EEB42D2146084412CCEDAC5C71E1E1E4E4E4E6C88FC973A7CF8F0FDFAF5F3FCD5A98F031CEA634551BCC6D77CFCFCF9F3D5AB577B0E8E857DFBF66DDFBE1DED318D752E5DBA347BF66C9429AF37D8BC79B3F58D519F3E7D3A70E00051F5D2A54BDF7D7BE2077124FA5CB56AD5E8D1A3172F5E8C2F255F3877EE1C959885E1CE9D3B04A632021030D3F1E3C7E7CE9D4B0DDBB66D937F099BECDAB56BFFFEFD46C262E81D3B76C853C3040CBA75EBD6D3A74F1B690B6E6E6E3B77EE9C68E1C2FF6FEFDC83AAAADA383C26A61017C542B2B050292341C3122C34691CD1EC660E933828E57C496563A595465E86A452303543F40F334B4BBA8C4DA4644C0E9A56689978A123613A8686228A2252DA20DFAFF36ED62CD781C309E19CEFABDFF387C3BBF75A7BADB58FB39FF5EEABCD26D76E1518696969295A849FD01F84D8829A34C0DC1B376E4467B02B90B51B7505EC5549AFADB8016C04756B6A6AACD801F41F3B04E3B5E2FA7A740F9B3246DD46D0C7841062E2CEEBC78408F431218498D0C7C4FDD0C7841062421F13F7431F134288097D4CDC0F7D4C082126F431713FF431218498D0C7C4FDD0C7841062421F13F7431F134288097D4CDC0F7D4C082126F431713FF431218498FC9FFAB8AEAEEEC489133B77EE3C7AF4A8E35B24DD4F7575F54F3FFD24EF17BB4CCACACAE483132DA0A6A666D5AA55FA6B41DD007E82152B56182F44730E7D4C082126AEFB18B2F9FEFBEF0B1B63C78E1D95959556B9B607329E3F7FBE8F9D90901008CC5AD1526C365B7171B17CE6C1001B978F3A587113CC9E3DDBCFCFEF9B6FBEB16207366FDE0C53CAC71F9DD3BF7FFF5EBD7A35FA76CC66F9F8E38F7D7D7DBFFAEA2B09CF9C39B36BD72EC7B7666250FBF6EDC3A0D00A0A58BFE2A56CDFBEBDBCBCBCA8A8A8B4B4D4AA7629070E1CD8BB772F2643D07F5050506666A6B5C205E86342083171DDC73FFCF083B7B777473B575E79256A797979490866CC9861956B7B4A4A4A60E2F8F8F8AD5BB7E6E6E6EA5F6868195151510101018E6F8106717171575D7555B34DBCF4D24B28F6F5D75F5BB103B1B1B1D85DEA7B534EB8F5D65B6FB8E18616F8B8B6B616FB040D2901CB3733E4931B3AC3860DBBF6DA6B4F9C3801A176EDDA557E41FCA6EDDAB56BDFBEBD84202929293030303434D4F1A5D6987EF5EDDB373232128D62A296989888BF5D9F93D1C7841062E2BA8F7194CFCBCBDB6067E1C285A8356EDC380981FEEDE1B6262727A743870E9F7CF289155F36E9E9E950D1F2E5CBADB881A3478FC25263C68CB1E2A669D6C7EBD7AFCFCECED63F5FD1142DF63172597F7FFFD75F7FDD8A1B7C8CA4D98A1BB8E79E7BC4C7E7CE9DCBCFCF975F70D9B265D8ABF7DF7FBF84A0B8B878C2840910B3FA0A9602E93ECC9D9A9A2AE1871F7ED8A953275491B059E86342083169D9F5E3EFBEFB0EB5E48BC5C2C58B17CF9F3F8F3FEAECDFEB95BF05FC7DFAF4692452C6855E28475D708518E44BC306A882790036A8CE185FB87061F1E2C590042607A8A29F4996C2C0680865E4AB8268119B72BCCA0B9375EEDC79C488117AB7415656D615575C61F80C5D3D7BF6ACDE2ED07D8C8DA08C631F8C8D0B2809ACC04E533E4631C776753232327C7D7DF58F5035EB632BB6B36FDF3E4C3E9E7EFA692BB6839D8C99CA934F3E69C57630B42953A6C0FDAA2DCCC6828383535252246C16FA9810424C5ACBC7B9B9B98F3CF24869692916DE71C71D93264D82512A2B2B972E5D8A946BC0800171717153A74ED5EF54CACCCCC4925F7FFD75EEDCB977DF7DF7B061C35E7DF555FDCCF09123479E79E699214386DC7EFBED8F3EFA28EA42A5C856FBF4E9034D62617C7CFC3BEFBC8392B0546161E1E38F3F1E1B1B3B78F0E0175F7C1175652300892F8C5252520201A0565A5A9AA32C51CBC7C7E7D0A143D6223B43870EEDD2A50B042FE1DEBD7B9F7AEA2974F5CE3BEF9C3C79B25E587C0C7B21CBBCEFBEFB50F185175E3876EC98B5BABE7EC99225494949151515566CFF04247A85DD820D3EFFFCF3EA6CB9A38FF576F187D149017B06EDF6EEDDBBBCBCDC5AD41A3EC6D87BF4E8111212A276023879F2243A3970E040751E1B6B070D1A141515A51773027D4C082126ADE563A8342020004A080A0A8263468D1A859414D2BAFEFAEBC78E1D3B73E64CD81AC68254AAAAAAA4CA430F3D141A1A8AC37A5858587272324CE9E5E5357DFA7451118EECF03ACC3467CE1C1814BE84DAC5C7E1E1E1EDDBB7C7DA9123478A8F3FF8E0836EDDBAC182B366CD429686BFEFBAEB2EF9763278ECB1C7B01DA81AFFA20CB4ED9865BEF9E69BD82612622BB6DFF4D4A95327D495F0CB2FBF84C36262625E7EF9656487D75D775D4444843A4B0F1F2365C75830DEC4C444B402B7252424A8A41FC3BFFAEAABD5BD513B76ECE8D9B32736326EDC3894472DEC3A49E20D1FE7E7E74BBBA9A9A9989DA04ADFBE7D1DAF0E1C3F7E1C15216C5DE497EF634C5CB044CE46588BEAEB0B0A0AF04BCD9B37CF8AED6014DDBB77D73F53ED04FA9810424C5AD1C7588223F2962D5B104AE6F4EDB7DFFEF2CB2FF6F57F9D2B466E87E338EACA12F8B85DBB76C89E9122233C75EA54FFFEFDAFB9E61A797206F92E740807DBCBFE759A5A89FCADB7DE8221D45DC4C8C26168E4CA2AB75EB76E9DB7B7F782050B248453D137E80A8926C2463FB90FC375EDDA1539BA3AAB8C56908543C3F81B0B315D40FEA7FAB075EB564C2F90044B081F632C28B367CF1E84B5B5B5A3478FF6F3F3DBB973A714D07D8CAD8D183102A13ADF7BF0E0C1356BD6884A751F63D49876DC76DB6DAADD6DDBB6A15DE4D3122AB0656C10AD58B11DF131248DDF5707F315177D0CD022F603263112CAC9EAC0C0C0A2A2225922600FE0F7727287B90E7D4C082126ADE863E4978B162DB2E2C640168B5AEA3E2CF8B873E7CEC5C5C5128269D3A6A180486BD7AE5D3E3E3EC8AD0D6D00C3C748DD3A74E8F0DE7BEF21A516A0B79B6EBA09A69702F031CA7FFAE9A7123605B26D1845A59EC871918C8ABCA1553809A3B31AA8A9413E0A3D232196C2B0116600EBD7AF9710AC58B10263F9FCF3CF25D47D6CB3D9828282C68F1FAFE7B20ADDC73FFEF823DA5DB870A1D56A4D4D454505DA85A4A5B002530DD8D4B8D02B3EBEF1C61BFB5D0A260AAEFB18730B74292424E4F4E9D308316DC2EC073BC7E87C666626DAFAE28B2FACD829F431218498B4A28F21B38D1B375AB19DBABABAFDFBF723C74546959090101D1D8D5AB0B2AC858FA125FD8A724646060A6CDFBE1D7FFFF9E79FB00B3C1A1919999E9E2E39B460F8F88D37DEC05420222222B6819898185F5FDFC183074B01F8B84B972E921C3B61D5AA5548DF654A71F8F061CC069E7DF65959F5FEFBEF23FDBDE5965BAC06626391740604048485854901B97EACDF5F0D13632CD8A684BA8F0B0A0A5078EEDCB9B2CA40F731F69563BB98C4F4EEDD5B0A2B606E3467E4CD977FBE5A9839732676F8679F7D86BFD179CC7ED4790B45767636DA727CB6AA51E863420831693B1F43C6AB57AF0E0E0E8660929393A10A0818B59CF878C1820528203E06E7CF9F874BEEBDF75E7F7F7F2479F9F9F9B2DCF0715A5A1A42B833EB52366DDA24055CF4F1B163C7E42234DA451370BC3AB5BE7CF97284292929D6A61B50E9AFA38F376CD880B134EA63AC82F9F4079374741F43A8C88F274D9A64B5D7806A57B167CF1E4C268C3B9C5BCBC7BB77EF8683B11BE564357E351988CEFCF9F3D116F3E366A18F09218DD3763EAEA8A8080F0F474EACEEF85DB76E1D6AB9EE630166827A2154A486B2C4F0F1CA952B21122799998B3E0663C78EC5284A4A4A606564A5EAC9A8BCBC3CF8181691D091BFE5630C10B935DC69DCE62DE83E86DEE063C707A31DB1D96C7E7E7E090909566CA7B57CFCFBEFBFC7C4C48484841C387000BB455D08D0993163067E145E3F6E16FA9810D2386DE7631CBB03030313131325BC70E1427A7A3A6AB9E8E353A74EE9375E0D1830409DA4357C5C545404154D9830412F8FEC5C6E5706AEFB18330638E989279E805C67CD9A652DB5BF1804061D3972646D6DADB5C87E6793BAF9EB6FF91833953E7DFAF4EAD5EBE0C183B2B6BABA1AC31107EB3EFEEDB7DFD06E7C7CBCFE8CB2DEAE0225C3C2C2060E1CA8460D5ACBC7202323036B274F9E8C7FDF7DF75D6BA90606181C1C8C6981153B853E26841093B6F331848A8C16C768E4AFF9F9F938F8C201C8325DF4F1A2458B9087A1F0E6CD9BE7CD9BE7EDED3D6DDA342966F81859EC9429537C7C7CA064B867D3A64D38DC6344CA43AEFBF8CC9933C802B1712F2F2FF8C95A6A272D2D0D2A1A33664C4E4E4E41410106357EFC789531FF2D1F83C58B17636B43860CC9CECE5EBA7429043968D02079384AF73178E5955750F2E1871F5EBB76AD6A77D9B265B25601430F1F3E3C343454BFD0DE8A3E46CF3140FCC4DDBB7787FBADA50DD4D89F3FEED7AF9FDCF3D52CF431218498B4CCC7705BCF9E3D972C5962C5F6437F7878B871BA72DBB66D43870EEDD6AD5B8F1E3D1E78E001C8352A2A4A3DC98A642B2626463FB8BFFDF6DBC81A4584B032EA421B5029326378421DEBD7AC5983FCB2B0B05042505555F5DA6BAF45444440FFF2CAE5D1A347EFDEBD5BD6A6A6A622BD76BCE4D928D3A74FC7D01E7CF0416544019931E601500EBA84263022A4CBEA8125CC1ED0BA7ABA096CD9B20563917BA0C073CF3D87E455C9125B431579BE0BFB0719305C2BAB468D1A151717A79E9046C9ACAC2CA3DD464F0BA7A7A763D6A2AE9A838F3EFA087D9047B674929393A14FF50C958064FDE69B6F6EEA2E33F83E2929097BA65189FEFCF3CF18C5C48913ADB839E86342083169998F610BA845FF5AD1B973E78E1C39A29F2C15AAABABF7EFDF8F63FD1F7FFC01C3C1BEEAAC327C505E5EAEC40390669595952911424538D0C3FDFACBB600DA4231A3AD8B172F56565696949440E7870F1F56977E01B25EB46BF8B529D0070CADA93C0F49BF74E9D0A1437A07500B9DD41BC530D1497DB0E8833E58E9B0CD66C3FED1DF158AB4F5F8F1E356D04053EDEA6036E0E7E73767CE1C2BB6EF40BD0F8A93274FA233C6D56B84288C7D65C50E609F60CF60A456AC919393D3B163C7DCDC5C2B6E0EFA9810424C5AE663F23F084C397CF8F0E8E8E866BF46D5BA607E80FF3F919191FADB409D431F134288097DFC4F62EDDAB5FEFEFEEACABA7B282E2E0E0A0A6AEAF1AD46A18F0921C4843EFE2771F6ECD9952B57EAAF3C7303656565F0AB71779873E863420831A18F89FBA18F0921C4843E26EE873E26841013FA98B81FFA9810424CC4C7D1D1D1AB09711713274EA48F0921E412F2F2F2BCBCBC707024C4CD4C9D3AD5FA5FF86F823E2684344E5555D5ECD9B3FF43887B494949D15F67F6EF813E268410423C0F7D4C082184781EFA98104208F13CF431218410E279E863420821C4F3D0C784104288E7A18F09218410CF431F134208219E873E268410423C0F7D4C082184781EFA98104208F13CF431218410E279E863420821C4F3D0C784104288A7A9AFFF2F141223D2948AEE060000000049454E44AE426082);